upperleft_x, upperleft_y, upperright_x, upperright_y, lowerright_x, lowerright_y, lowerleft_x, lowerleft_y, crack_dot_x, crack_dot_y, width_m, y_res, x_res, mean_res, width_px, distance
3432.912925178021,2465.7668202680316,3821.368203252873,2612.184578927014,3732.3223010480224,2830.9147816583927,3352.831375544128,2687.485140523063,3470.563205976045,2445.4476211071933,0.1,0.18436186507489427,0.18640857404390268,0.18538521955939846,0.5394173291574599,209.61995414939392
intensities
173.2,173.4,171.4,168.6,162.8,160.6,161.6,160.2,158.2,156.8,161.2,161.4,157.4,156.8,138.,122.2,147.4,171.2,168.2,165.8,164.,166.2,166.,160.2,153.8,145.4,149.2,158.6,160.8,158.,155.4