upperleft_x, upperleft_y, upperright_x, upperright_y, lowerright_x, lowerright_y, lowerleft_x, lowerleft_y, crack_dot_x, crack_dot_y, width_m, y_res, x_res, mean_res, width_px, distance
1677.0060106593746,3107.0660568972344,2076.5934912733255,3244.9881873026948,1989.58653984932,3467.983781322738,1596.4440186001104,3331.9951387267,1686.6734497064863,3079.3527316288473,0.05,0.18189832268111805,0.18242340998881468,0.18216086633496636,0.27448266472370386,205.97409297085295
intensities
88.4,88.,87.2,88.2,86.2,87.,89.4,94.6,100.6,99.4,92.8,103.,113.2,119.4,126.8,128.6,128.2,135.,149.8,157.,155.4,150.8,149.8,151.8,152.8,152.6,153.2,142.6,128.,120.2,132.6