upperleft_x, upperleft_y, upperright_x, upperright_y, lowerright_x, lowerright_y, lowerleft_x, lowerleft_y, crack_dot_x, crack_dot_y, width_m, y_res, x_res, mean_res, width_px, distance
5630.492319056979,3044.351915035128,5588.893035884559,3529.3995568255464,5305.185924648655,3502.7760155951974,5349.281164811419,3031.040144419954,5672.0916022293995,3048.5118433523703,0.1,0.15358572826591135,0.1592872610895591,0.15643649467773524,0.6392370284568417,176.88686789365084
intensities
144.4,144.8,143.2,140.8,141.2,141.4,139.4,138.6,137.4,137.4,136.2,138.,142.,141.6,139.,130.2,128.,132.4,131.8,134.,137.8,138.2,137.4,137.6,136.6,134.2,135.6,136.,134.,131.6,127.6