upperleft_x, upperleft_y, upperright_x, upperright_y, lowerright_x, lowerright_y, lowerleft_x, lowerleft_y, crack_dot_x, crack_dot_y, width_m, y_res, x_res, mean_res, width_px, distance
1357.0542056723555,2621.789912002066,2167.4785505187137,2863.0891906179745,2013.9244641267724,3314.0019839911365,1214.4682683084097,3077.57743827656,1433.8312488683264,2574.2612662140846,0.1,0.09120359113593525,0.09111153477729134,0.0911575629566133,1.0970016832020322,103.074259170987
intensities
131.2,132.4,136.4,139.6,140.2,142.8,143.,137.6,132.2,132.8,133.6,128.4,125.2,130.8,129.4,98.6,85.2,105.,121.4,139.,139.6,136.4,136.4,138.,139.,138.4,140.,140.4,136.6,134.2,132.2,125.4