upperleft_x, upperleft_y, upperright_x, upperright_y, lowerright_x, lowerright_y, lowerleft_x, lowerleft_y, crack_dot_x, crack_dot_y, width_m, y_res, x_res, mean_res, width_px, distance
1358.2576553573722,1318.1129061885772,1949.6705628818904,1410.8031399614906,1889.7910313294774,1740.5506972775192,1313.9632073596965,1656.0631390597307,1364.819795801472,1271.3576555243644,0.05,0.12871100500993302,0.12960614556210687,0.12915857528601993,0.38712102459535247,146.04300544457274
intensities
140.8,140.4,139.,143.4,145.,144.2,141.6,140.,141.8,141.6,144.6,144.4,144.,145.4,145.8,134.2,127.6,140.2,147.,144.2,142.4,146.6,147.2,144.8,146.4,145.,144.6,144.6,145.4,149.,151.6