upperleft_x, upperleft_y, upperright_x, upperright_y, lowerright_x, lowerright_y, lowerleft_x, lowerleft_y, crack_dot_x, crack_dot_y, width_m, y_res, x_res, mean_res, width_px, distance
5062.201582111564,2239.6424914291056,6393.9879852416725,3395.5869668732043,5716.5641654677,4124.898568587311,4422.252271516577,2977.6020567999017,5249.574128006493,2216.5812550112682,0.1,0.0441175669717454,0.043802166741098936,0.04395986685642217,2.2748021582187947,76.81926023350289
intensities
113.6,114.,117.6,116.2,115.6,117.,117.6,118.4,117.,110.4,102.,82.6,64.6,60.4,66.2,79.8,98.,110.,113.,115.2,116.2,115.,113.,112.6,113.2,113.8,114.2,114.2,114.8,113.2,111.6