upperleft_x, upperleft_y, upperright_x, upperright_y, lowerright_x, lowerright_y, lowerleft_x, lowerleft_y, crack_dot_x, crack_dot_y, width_m, y_res, x_res, mean_res, width_px, distance
5309.6382197588955,3273.1960167259763,5745.62214362173,3120.4153254578036,5835.054743388466,3359.5233178896997,5404.03929729045,3510.4408299960655,5351.249221039252,3221.0270001953804,0.15,0.17038039254409293,0.1665477418077355,0.16846406717591422,0.8903975934723598,190.48676114074422
intensities
115.8,108.8,113.2,112.6,109.4,98.2,95.4,102.6,104.,96.2,90.,95.8,102.8,98.6,80.4,85.,107.2,110.8,112.2,123.6,124.,112.4,115.,121.,118.2,117.2,118.2,118.,117.4,119.8,123.