upperleft_x, upperleft_y, upperright_x, upperright_y, lowerright_x, lowerright_y, lowerleft_x, lowerleft_y, crack_dot_x, crack_dot_y, width_m, y_res, x_res, mean_res, width_px, distance
5552.655372998207,883.5058600082102,6093.563235319027,1129.1174023445274,5933.259518756011,1430.9758627731305,5405.475937323391,1187.2392177065565,5573.279242965378,840.3832228041241,0.05,0.1280785769173987,0.13017391362175082,0.12912624526957478,0.3872179501201774,146.00644904282188
intensities
155.8,157.6,157.6,156.4,156.,154.,152.6,156.4,160.,161.6,162.6,160.2,156.2,157.8,148.4,126.8,145.6,162.6,156.,150.6,156.2,159.2,161.4,160.8,158.,158.,155.2,148.2,153.,169.4,176.4