upperleft_x, upperleft_y, upperright_x, upperright_y, lowerright_x, lowerright_y, lowerleft_x, lowerleft_y, crack_dot_x, crack_dot_y, width_m, y_res, x_res, mean_res, width_px, distance
1872.377337031344,2526.2135082445425,3133.8082201143507,3646.277137188937,2467.7509650381944,4353.113407882001,1217.194486119696,3243.9241831021154,2217.639669254495,2656.7063582186465,0.2,0.04477614359706529,0.045555385384271736,0.04516576449066851,4.428132729632443,78.92654969556371
intensities
126.8,126.6,127.4,127.8,126.,126.4,127.2,129.2,130.6,131.4,112.6,73.2,39.4,12.2,20.2,61.2,100.4,120.6,128.,130.4,132.,133.4,134.,134.4,134.4,132.,128.4,123.8,117.4,111.6,112.4