upperleft_x, upperleft_y, upperright_x, upperright_y, lowerright_x, lowerright_y, lowerleft_x, lowerleft_y, crack_dot_x, crack_dot_y, width_m, y_res, x_res, mean_res, width_px, distance
1436.7754234872195,937.0025381679424,1976.464602582707,1187.254451246873,1833.9724100822484,1482.925750685325,1301.4078406117837,1238.9078710282893,1529.3953486125179,929.8779285429194,0.15,0.13200430947516822,0.12958597334008762,0.13079514140762794,1.1468315901163286,147.89351389497273
intensities
135.,138.6,142.4,137.,136.4,139.,139.,139.8,137.4,135.4,135.8,137.6,137.,137.4,142.,112.,64.8,95.6,133.6,130.6,126.2,129.2,136.,137.6,136.8,139.4,137.2,132.6,133.,130.6,132.4,131.