upperleft_x, upperleft_y, upperright_x, upperright_y, lowerright_x, lowerright_y, lowerleft_x, lowerleft_y, crack_dot_x, crack_dot_y, width_m, y_res, x_res, mean_res, width_px, distance
2547.947938035256,2426.4935815208864,4317.757215809044,1719.6573108278217,4690.205558443467,2747.2885043738925,2944.863690039823,3429.657365696813,2841.55685047699,2151.914876367042,0.2,0.04005925325558929,0.04047970268803765,0.04026947797181347,4.96654066735083,70.37035662295507
intensities
119.4,118.2,119.,119.6,119.4,120.,120.4,121.,121.8,121.8,122.8,126.,122.8,102.4,66.6,22.6,5.,12.,28.,47.8,71.6,95.,113.6,124.4,126.4,125.,124.6,124.8,124.4,125.4,126.2,124.8