upperleft_x, upperleft_y, upperright_x, upperright_y, lowerright_x, lowerright_y, lowerleft_x, lowerleft_y, crack_dot_x, crack_dot_y, width_m, y_res, x_res, mean_res, width_px, distance
5153.580559606451,1276.1245818326856,5561.757413337412,1393.8564122646026,5484.066357722441,1622.7462145764002,5084.853856562439,1504.4167606397527,5161.349665167949,1245.645783091428,0.05,0.18121008314402137,0.18189009001312756,0.18155008657857447,0.2754060928434761,205.28346820133498
intensities
90.8,91.,92.,89.,86.8,89.8,95.6,101.8,106.2,98.8,94.4,102.2,116.8,128.2,132.8,144.6,144.,129.4,138.4,148.6,141.8,142.6,149.8,147.2,137.4,140.8,145.6,141.6,133.4,121.6,111.4,123.2