upperleft_x, upperleft_y, upperright_x, upperright_y, lowerright_x, lowerright_y, lowerleft_x, lowerleft_y, crack_dot_x, crack_dot_y, width_m, y_res, x_res, mean_res, width_px, distance
1746.7240656347633,1743.2142232113479,1978.461368174983,1422.2318106313674,2162.201300609785,1559.474290776546,1935.7137104248454,1872.957114277555,1719.725544950466,1723.715291606022,0.05,0.18971757607056206,0.1955054414873324,0.19261150877894723,0.25958988804445254,217.79090984085738
intensities
133.6,139.2,139.6,135.6,135.8,137.8,140.6,141.2,139.8,137.8,140.6,143.2,147.4,143.6,135.4,128.2,130.6,142.,141.2,131.,132.8,136.,136.2,140.2,145.,138.4,120.4,120.8,132.8,138.8,146.4