upperleft_x, upperleft_y, upperright_x, upperright_y, lowerright_x, lowerright_y, lowerleft_x, lowerleft_y, crack_dot_x, crack_dot_y, width_m, y_res, x_res, mean_res, width_px, distance
3772.8610954522437,2323.3578263339177,3705.1890221224617,2801.4566301183513,3429.227580232182,2762.7868739299047,3496.899653561964,2291.7189349070068,3813.2885678310745,2329.509833000262,0.05,0.15635518773842264,0.15958059354813692,0.1579678906432798,0.3165200205965217,178.61845767650922
intensities
157.8,158.6,157.4,155.4,154.4,155.2,154.4,154.6,152.4,153.2,156.8,156.2,156.2,160.4,162.4,156.4,142.2,138.6,139.2,148.,146.6,146.8,147.6,150.8,151.4,148.8,148.2,150.4,150.8,151.,144.