upperleft_x, upperleft_y, upperright_x, upperright_y, lowerright_x, lowerright_y, lowerleft_x, lowerleft_y, crack_dot_x, crack_dot_y, width_m, y_res, x_res, mean_res, width_px, distance
2778.395076891734,2619.713463275826,3735.1551536415236,1698.3889449241763,4251.1854728144435,2254.2842672950037,3307.7137304639555,3160.1057288474667,2893.56064168569,2362.805664889308,0.2,0.05742849151306683,0.05803945879080702,0.05773397515193693,3.464164722308926,100.88932425561484
intensities
120.6,121.,119.8,114.6,111.,111.2,113.6,117.2,117.2,115.8,116.6,115.8,113.8,116.8,123.2,107.6,57.4,11.4,2.6,24.4,83.,113.6,116.2,115.8,120.6,124.,125.8,126.4,125.,124.2,122.4,121.2