upperleft_x, upperleft_y, upperright_x, upperright_y, lowerright_x, lowerright_y, lowerleft_x, lowerleft_y, crack_dot_x, crack_dot_y, width_m, y_res, x_res, mean_res, width_px, distance
3820.1348723926208,1730.9535668780225,5683.454651494836,939.559429319554,6102.775425872831,2011.4850708633005,4260.126389169531,2770.3966132234737,4115.431192377124,1426.7983572939843,0.2,0.038165652120526555,0.03808634462437696,0.03812599837245176,5.245764269467934,66.62465562512514
intensities
112.8,105.,106.8,115.4,122.8,125.4,126.4,129.,129.,130.4,129.2,105.6,60.,23.6,11.4,11.6,39.8,80.8,106.2,115.,116.6,121.4,121.8,122.2,123.,123.4,122.6,123.,123.6,124.8,125.4,125.2