upperleft_x, upperleft_y, upperright_x, upperright_y, lowerright_x, lowerright_y, lowerleft_x, lowerleft_y, crack_dot_x, crack_dot_y, width_m, y_res, x_res, mean_res, width_px, distance
2200.6267342477686,2653.69128904674,3323.7019169316873,3599.694142711381,2770.6540947892827,4227.937063478412,1664.5584505044721,3303.7650448983395,2348.591283154289,2634.2861023049018,0.1,0.05179913141056743,0.05258273262417576,0.05219093201737159,1.9160416596261456,91.20293292894279
intensities
120.,121.8,122.6,122.,122.6,122.6,119.6,117.4,118.6,118.2,113.4,109.2,112.,108.6,76.8,47.6,68.4,109.8,120.8,116.8,115.4,119.2,120.2,120.8,121.4,120.,117.8,115.4,115.4,117.,118.6