upperleft_x, upperleft_y, upperright_x, upperright_y, lowerright_x, lowerright_y, lowerleft_x, lowerleft_y, crack_dot_x, crack_dot_y, width_m, y_res, x_res, mean_res, width_px, distance
4997.324277524493,2244.4656646555186,6472.118469904241,3110.105734095805,5948.459662465055,3924.9829599578034,4516.413127835445,3067.3580763456675,5358.007639791279,2303.243694061958,0.2,0.045274322923546065,0.045278851120963,0.045276587022254525,4.417294084063696,79.12021053902001
intensities
162.2,161.2,161.,160.2,158.8,157.4,155.,154.4,155.8,155.4,154.6,149.,131.8,114.2,81.2,39.4,26.,57.6,106.8,129.8,145.4,163.2,171.6,170.8,170.4,170.,169.4,166.8,164.2,159.8,154.2