upperleft_x, upperleft_y, upperright_x, upperright_y, lowerright_x, lowerright_y, lowerleft_x, lowerleft_y, crack_dot_x, crack_dot_y, width_m, y_res, x_res, mean_res, width_px, distance
5397.97634824442,3028.361384945809,5930.447172851396,2770.5630103561634,6077.626608526212,3070.5465735150237,5552.655372998207,3324.5951535651834,5444.848779987991,2951.490596886351,0.15,0.13017536622391124,0.13023473759236873,0.13020505190813997,1.1520290326816613,147.2262841442909
intensities
148.6,148.2,148.6,147.8,147.4,148.4,148.,146.8,146.2,146.4,143.4,141.8,137.2,137.2,145.2,128.6,90.4,107.6,138.,141.2,139.6,138.,137.,136.4,135.6,135.6,137.6,139.2,134.6,123.4,117.8,124.