upperleft_x, upperleft_y, upperright_x, upperright_y, lowerright_x, lowerright_y, lowerleft_x, lowerleft_y, crack_dot_x, crack_dot_y, width_m, y_res, x_res, mean_res, width_px, distance
4941.540810601072,3259.1167100410003,5599.676624712565,3137.9983464156103,5660.23580652526,3511.149775526186,5014.568059257556,3631.3775629484485,4973.601553913675,3199.4481044314334,0.1,0.11486854708601515,0.1153916926321093,0.11513011985906223,0.8685824363113326,130.18066113052944
intensities
129.6,125.2,128.8,131.2,129.4,121.,112.8,109.4,107.6,109.4,113.4,124.8,136.,142.,130.2,91.4,89.,126.6,131.2,130.8,139.,140.8,133.8,126.4,116.,106.,107.,120.8,127.,135.2,149.2,155.8