upperleft_x, upperleft_y, upperright_x, upperright_y, lowerright_x, lowerright_y, lowerleft_x, lowerleft_y, crack_dot_x, crack_dot_y, width_m, y_res, x_res, mean_res, width_px, distance
3206.4997449784732,2349.6743531363463,3855.307945172996,2454.2936207879984,3781.062013291178,2820.4610575687825,3146.5967772101885,2720.9040125454358,3258.8093788042997,2305.801757024363,0.1,0.1160552775163245,0.11775180108816681,0.11690353930224566,0.8554060946046914,132.18591323882197
intensities
151.6,157.,136.4,130.6,147.6,155.,154.6,154.2,154.6,161.2,163.2,159.,153.4,141.6,125.,108.8,85.,101.2,120.4,119.4,125.8,128.,133.,116.6,112.6,152.4,151.,118.,130.,157.,163.