upperleft_x, upperleft_y, upperright_x, upperright_y, lowerright_x, lowerright_y, lowerleft_x, lowerleft_y, crack_dot_x, crack_dot_y, width_m, y_res, x_res, mean_res, width_px, distance
5453.251249283424,3180.9604455409753,5843.9798402978395,3338.451816199377,5749.485017902798,3555.189940581654,5365.506057059457,3397.698569923252,5465.250591809779,3151.7120481329866,0.05,0.18500669795645075,0.1829506834845195,0.18397869072048514,0.2717706045422615,208.02955491787188
intensities
140.,141.2,138.6,140.2,140.4,139.6,145.,149.4,148.6,148.4,148.8,147.6,146.8,149.6,153.8,134.8,124.2,139.,148.8,145.6,142.,140.8,139.8,144.6,146.8,149.8,151.,146.6,143.2,144.6,147.4,150.