upperleft_x, upperleft_y, upperright_x, upperright_y, lowerright_x, lowerright_y, lowerleft_x, lowerleft_y, crack_dot_x, crack_dot_y, width_m, y_res, x_res, mean_res, width_px, distance
3342.9998829859132,2239.185485219605,4055.6014627834375,2453.720605309934,3922.9993533808724,2853.6830653778334,3221.1784328843696,2641.304077147709,3358.0928060073434,2188.516386504804,0.05,0.10338245635843757,0.10355772692400247,0.10347009164122002,0.48323142665586655,116.99635988896473
intensities
101.4,102.8,100.6,97.4,94.2,92.2,91.2,99.4,112.,118.,117.8,124.2,132.8,145.,151.,121.6,100.2,132.,153.4,144.4,142.,155.6,156.4,153.4,153.,152.8,155.,156.6,149.4,146.4,151.2,157.