upperleft_x, upperleft_y, upperright_x, upperright_y, lowerright_x, lowerright_y, lowerleft_x, lowerleft_y, crack_dot_x, crack_dot_y, width_m, y_res, x_res, mean_res, width_px, distance
4818.1866319815135,1582.9374582965843,5398.256411024087,1491.641679368042,5436.762113701432,1818.3190924048663,4869.113529070904,1905.8885130097945,4926.251023366319,1518.3472473539423,0.2,0.13264729999392277,0.13172445568170343,0.1321858778378131,1.513020931369024,149.46605623368868
intensities
105.8,111.,119.2,118.8,118.4,122.6,125.,126.,124.,123.,119.6,119.,119.2,124.2,122.2,74.2,42.,88.,121.2,122.8,135.,134.8,127.8,128.6,128.8,127.8,124.2,123.,125.8,121.6,114.8,113.2