upperleft_x, upperleft_y, upperright_x, upperright_y, lowerright_x, lowerright_y, lowerleft_x, lowerleft_y, crack_dot_x, crack_dot_y, width_m, y_res, x_res, mean_res, width_px, distance
5414.03249973818,655.6542820595328,6185.435545158016,1842.0189657052101,5485.852783277269,2254.3205934296047,4741.049842871911,1097.2160252998522,5507.13286728885,597.1340510276832,0.05,0.05380600690386314,0.05482093270531173,0.05431346980458744,0.9205819510315448,94.91203839926013
intensities
126.,124.,122.8,121.4,119.8,119.2,118.6,119.,120.6,122.2,123.8,125.4,129.6,131.8,101.4,65.2,80.8,118.8,132.2,131.,130.4,130.6,127.8,126.8,125.6,122.8,119.,117.8,121.2,125.6,127.2,128.