upperleft_x, upperleft_y, upperright_x, upperright_y, lowerright_x, lowerright_y, lowerleft_x, lowerleft_y, crack_dot_x, crack_dot_y, width_m, y_res, x_res, mean_res, width_px, distance
3487.8187058170433,2277.2576179033213,4000.931216113925,2543.4227215591945,3844.3069854427795,2833.6099464836484,3339.8424388025865,2570.327497380005,3543.5500271601504,2255.157266336227,0.1,0.13220615513629042,0.13338416966459626,0.13279516240044334,0.7530394796946771,150.1549903482099
intensities
157.8,156.,155.,159.6,162.2,163.4,165.8,163.,164.2,168.4,169.4,164.2,164.,171.6,162.4,118.2,121.2,161.,169.2,168.8,166.6,164.6,166.,170.6,179.2,173.,162.6,158.8,162.8,166.6,167.6