upperleft_x, upperleft_y, upperright_x, upperright_y, lowerright_x, lowerright_y, lowerleft_x, lowerleft_y, crack_dot_x, crack_dot_y, width_m, y_res, x_res, mean_res, width_px, distance
5590.3595570927355,2454.810389347972,6379.222583337051,3626.504001857911,5699.408269544156,4051.0979248070576,4931.426911641602,2893.325424524959,5692.447713430235,2392.165384322688,0.05,0.05461521676834746,0.05460788872869467,0.05461155274852107,0.9155571941021956,95.43293422717507
intensities
126.2,125.8,125.8,126.8,127.8,127.6,127.,127.2,126.,125.2,123.2,121.,116.6,111.4,108.6,108.8,107.,109.4,114.2,117.6,126.8,130.6,131.2,131.4,131.4,132.4,132.6,132.6,132.4,133.,133.