upperleft_x, upperleft_y, upperright_x, upperright_y, lowerright_x, lowerright_y, lowerleft_x, lowerleft_y, crack_dot_x, crack_dot_y, width_m, y_res, x_res, mean_res, width_px, distance
5381.433309365923,3380.0639892905265,5995.544191962266,3140.873970103079,6140.766703611788,3485.42149774214,5531.401654729481,3721.764016701166,5441.2308141627855,3299.3848161519036,0.15,0.11645612435516851,0.11655778670717876,0.11650695553117364,1.2874767803872846,131.7374855156945
intensities
136.8,133.2,129.2,128.8,135.4,133.8,128.6,135.,140.6,142.,138.,130.6,135.8,150.2,133.6,70.8,82.4,138.2,143.6,140.8,143.4,145.4,149.,151.2,151.2,146.,142.2,141.4,140.2,142.2,140.8,134.