upperleft_x, upperleft_y, upperright_x, upperright_y, lowerright_x, lowerright_y, lowerleft_x, lowerleft_y, crack_dot_x, crack_dot_y, width_m, y_res, x_res, mean_res, width_px, distance
1711.5058781388339,3642.7429558354715,2155.926839715511,3562.930922684104,2193.823200780189,3813.276580626522,1756.2924866698168,3894.2369883556066,1733.8991824043253,3604.8465947707937,0.1,0.1710448611323533,0.17066682362017832,0.1708558423762658,0.5852887358676087,193.19120440232103
intensities
157.,152.6,151.8,152.8,155.2,153.6,154.8,157.8,161.2,161.2,158.4,155.,155.8,159.4,151.6,127.2,122.6,142.2,151.8,155.4,152.4,149.2,152.2,154.4,149.8,145.2,145.,141.,137.8,144.8,156.