upperleft_x, upperleft_y, upperright_x, upperright_y, lowerright_x, lowerright_y, lowerleft_x, lowerleft_y, crack_dot_x, crack_dot_y, width_m, y_res, x_res, mean_res, width_px, distance
5263.829206310507,3051.7050277649014,5738.3422690665575,2994.333171310769,5773.602055845659,3259.67800741113,5303.869981127453,3315.2569933510704,5286.538899490268,3011.664252947955,0.1,0.1628447179206223,0.16088597611596478,0.16186534701829353,0.6177974584559986,183.02541432910186
intensities
154.,154.6,153.8,152.6,153.2,154.6,155.2,156.6,159.6,160.2,159.8,157.6,157.,160.8,154.4,123.8,110.4,134.,150.,148.8,148.,151.2,151.8,152.4,148.8,148.2,149.4,149.8,148.8,148.4,148.6,147.6