upperleft_x, upperleft_y, upperright_x, upperright_y, lowerright_x, lowerright_y, lowerleft_x, lowerleft_y, crack_dot_x, crack_dot_y, width_m, y_res, x_res, mean_res, width_px, distance
3525.794164110289,2299.8993460570537,4063.5615735042893,2072.5211796689864,4185.371305497897,2377.496656808537,3654.8222505924064,2600.3633516412856,3506.84598357795,2257.491513437057,0.05,0.13274429688530442,0.13197462372591034,0.13235946030560738,0.37775917100714984,149.66233050531966
intensities
160.6,156.4,153.2,157.,163.,168.2,167.8,164.2,158.,156.8,155.8,154.2,158.6,161.6,142.6,133.2,149.8,168.2,170.6,168.2,169.,166.2,163.2,160.6,161.6,171.8,172.4,171.2,171.,170.2,164.6