upperleft_x, upperleft_y, upperright_x, upperright_y, lowerright_x, lowerright_y, lowerleft_x, lowerleft_y, crack_dot_x, crack_dot_y, width_m, y_res, x_res, mean_res, width_px, distance
3111.4207749028283,1784.8287399240842,4609.534002075003,2203.11832080372,4350.376326964793,3051.064047260808,2879.542855067378,2637.3210922602984,3245.546238337059,1698.442848220681,0.1,0.04914909303756385,0.04962270903522664,0.049385901036395244,2.0248694040492325,86.30118002795146
intensities
128.4,126.6,124.6,118.6,114.,113.4,114.,119.4,123.4,123.6,124.2,124.2,124.,124.4,93.,46.2,53.2,100.6,127.,126.4,125.,122.6,120.4,120.4,120.2,120.6,119.,117.2,117.,116.8,116.8