upperleft_x, upperleft_y, upperright_x, upperright_y, lowerright_x, lowerright_y, lowerleft_x, lowerleft_y, crack_dot_x, crack_dot_y, width_m, y_res, x_res, mean_res, width_px, distance
1467.6110386151254,1332.6398445967038,1900.2084292844866,1574.4547199617914,1745.541122638635,1813.9142556317645,1320.0097510546173,1576.024946425201,1490.3793223345654,1300.4502020968057,0.05,0.15270913964928462,0.15563106191401493,0.15417010078164978,0.3243171000505131,174.32419657761486
intensities
136.6,138.2,137.6,133.2,127.6,125.4,126.8,128.,128.,129.4,133.2,137.4,140.,142.8,125.,97.,110.,133.8,139.4,139.4,143.6,147.2,147.2,147.2,146.2,144.,143.8,143.8,142.8,145.4,149.8