upperleft_x, upperleft_y, upperright_x, upperright_y, lowerright_x, lowerright_y, lowerleft_x, lowerleft_y, crack_dot_x, crack_dot_y, width_m, y_res, x_res, mean_res, width_px, distance
5217.384485506595,3006.955917179314,5683.530819196418,2696.8947811955854,5861.76324090135,2970.043877181251,5401.94468549691,3274.831864593827,5251.132636361967,2925.7494291835756,0.15,0.13354743085780119,0.13765160793809003,0.13559951939794562,1.1061986109242252,153.32595072267821
intensities
127.8,128.,130.,134.,137.8,140.2,142.2,145.8,145.2,143.6,140.2,136.6,135.4,137.4,116.2,79.8,90.4,130.,140.6,137.2,132.,121.4,119.4,126.8,133.2,133.6,132.6,133.6,133.2,134.,135.8,137.4