upperleft_x, upperleft_y, upperright_x, upperright_y, lowerright_x, lowerright_y, lowerleft_x, lowerleft_y, crack_dot_x, crack_dot_y, width_m, y_res, x_res, mean_res, width_px, distance
5677.950070291949,1132.8964921538532,6163.548463155354,1443.191990296299,5976.996184815937,1706.6150566951733,5500.772278301247,1399.1319044573415,5767.007690604735,1138.5211839630815,0.15,0.1353920933818567,0.13384420941448327,0.13461815139817,1.1142628125707505,152.2162920583814
intensities
152.4,150.2,148.2,147.4,145.6,146.6,143.2,142.2,151.8,160.8,159.4,153.6,148.8,154.,149.4,115.8,102.8,138.8,165.6,164.4,161.,161.,161.8,164.,163.8,164.4,165.,157.4,153.,152.,154.4