upperleft_x, upperleft_y, upperright_x, upperright_y, lowerright_x, lowerright_y, lowerleft_x, lowerleft_y, crack_dot_x, crack_dot_y, width_m, y_res, x_res, mean_res, width_px, distance
1608.6490139207397,2040.8108077836669,2409.8160534977433,816.3857095622088,3090.0522191763307,1300.1092051558712,2314.0791116614973,2486.7434052840745,1613.6878003331735,1811.5460260179204,0.15,0.052119227229074125,0.0531129529992274,0.05261609011415076,2.850838967216579,91.9458908315118
intensities
124.4,125.4,127.,128.4,129.4,129.2,127.6,127.,126.4,125.6,126.6,117.4,85.8,41.8,21.6,44.4,90.4,119.8,129.,125.6,123.2,122.,123.6,124.2,124.,122.8,121.6,122.6,124.6,123.8,121.6,122.2