upperleft_x, upperleft_y, upperright_x, upperright_y, lowerright_x, lowerright_y, lowerleft_x, lowerleft_y, crack_dot_x, crack_dot_y, width_m, y_res, x_res, mean_res, width_px, distance
5131.011483721922,3212.9086950173937,5538.098553414843,3102.6998898803204,5597.685132268859,3335.2457418681165,5196.92584086132,3442.817972719614,5175.833246576713,3165.9776727341423,0.15,0.1815418270368066,0.1828664390804388,0.18220413305862268,0.823252455814154,206.02301579571775
intensities
150.2,145.6,137.6,134.6,136.6,134.8,130.,134.,138.,142.6,145.8,145.2,150.6,153.6,120.,78.,114.,149.,141.4,137.2,133.4,132.8,142.2,147.,147.6,142.,137.6,138.6,145.,149.,143.