upperleft_x, upperleft_y, upperright_x, upperright_y, lowerright_x, lowerright_y, lowerleft_x, lowerleft_y, crack_dot_x, crack_dot_y, width_m, y_res, x_res, mean_res, width_px, distance
3588.427451027637,2733.8150238692033,3937.4395777902732,2435.800102843573,4110.35197849231,2635.804769093394,3769.308165126081,2929.835533420821,3606.7545718393735,2666.0843599997415,0.15,0.16381058722633796,0.16827892209444295,0.16604475466039045,0.9033709032651671,187.75118071107215
intensities
173.6,174.4,174.6,173.8,172.8,171.6,171.8,171.2,173.,176.,177.8,177.6,178.2,177.,185.,178.,130.,126.,161.2,167.6,166.8,170.2,175.2,177.2,176.,175.2,175.4,176.,175.6,175.,175.