upperleft_x, upperleft_y, upperright_x, upperright_y, lowerright_x, lowerright_y, lowerleft_x, lowerleft_y, crack_dot_x, crack_dot_y, width_m, y_res, x_res, mean_res, width_px, distance
5302.858708412586,3196.148285236686,5714.9611283020695,3020.282921334804,5822.580231585311,3242.0832683453864,5411.7902397846465,3415.979990114038,5369.136326897997,3129.2144527068654,0.2,0.17687662482065197,0.17111242262128423,0.1739945237209681,1.1494614642052552,196.74019412830754
intensities
143.,143.6,144.4,145.2,144.6,147.4,147.,145.6,145.,143.8,149.8,152.8,146.,125.,92.6,101.8,140.,150.8,147.6,149.2,149.2,149.,150.6,152.8,152.4,152.8,153.,152.6,152.2,151.2,149.4