upperleft_x, upperleft_y, upperright_x, upperright_y, lowerright_x, lowerright_y, lowerleft_x, lowerleft_y, crack_dot_x, crack_dot_y, width_m, y_res, x_res, mean_res, width_px, distance
1781.1260869129578,2602.512452636729,3292.387031189204,3027.4110463922084,3028.2608783141764,3877.2082339031676,1537.6706764368453,3466.090135080298,1918.9310362390593,2515.2359847301977,0.1,0.048682057989461666,0.049100186263982645,0.04889112212672215,2.0453611136354666,85.43656071633329
intensities
114.4,111.,105.,101.2,100.2,100.6,103.,107.6,109.2,110.6,109.8,110.8,109.4,90.6,54.2,40.2,68.6,101.6,113.4,112.6,110.8,107.2,104.4,105.4,105.2,105.8,104.6,103.2,102.8,102.8,102.2,102.8