upperleft_x, upperleft_y, upperright_x, upperright_y, lowerright_x, lowerright_y, lowerleft_x, lowerleft_y, crack_dot_x, crack_dot_y, width_m, y_res, x_res, mean_res, width_px, distance
4949.496234078749,2538.30542382359,6492.630431940624,2943.7050859737437,6244.159671267949,3804.634476023801,4735.898562623292,3401.4143819497235,5082.449886719391,2448.9431327044704,0.1,0.04873439025101369,0.04847019442662029,0.048602292338816994,2.0575161209038986,84.93183465078944
intensities
126.4,125.4,125.4,122.4,116.6,111.2,105.6,104.,109.,115.2,117.4,117.8,118.8,121.8,120.8,108.4,65.8,45.4,66.8,104.4,118.6,120.8,118.4,114.8,112.8,114.2,114.2,112.4,112.4,111.,111.