upperleft_x, upperleft_y, upperright_x, upperright_y, lowerright_x, lowerright_y, lowerleft_x, lowerleft_y, crack_dot_x, crack_dot_y, width_m, y_res, x_res, mean_res, width_px, distance
3422.1369531201735,2314.483703194066,3797.1632795004925,2482.802605585233,3694.5478083058774,2692.46299277423,3326.903889925171,2526.358812782947,3435.425287519476,2286.4305527955385,0.05,0.18680896111176137,0.18785192274884135,0.18733044193030135,0.26690803419234516,211.81946835644968
intensities
135.6,139.2,149.2,151.,151.2,150.2,148.2,150.6,163.8,162.2,159.6,159.6,158.8,159.,163.4,158.2,131.2,138.8,162.8,158.8,149.8,153.,153.4,148.8,155.6,169.2,162.8,153.6,155.4,157.2,158.4,160.6