upperleft_x, upperleft_y, upperright_x, upperright_y, lowerright_x, lowerright_y, lowerleft_x, lowerleft_y, crack_dot_x, crack_dot_y, width_m, y_res, x_res, mean_res, width_px, distance
3637.129665325398,2097.676944179594,4017.380593829706,2309.7822308886443,3890.9966147025516,2521.8875175976946,3519.1839794236516,2314.92899129563,3706.5565253185805,2094.8043337198806,0.15,0.17607507747315418,0.17772320966341337,0.1768991435682838,0.8479407925573104,200.02452434979347
intensities
128.8,128.,127.2,127.,128.,127.8,128.6,129.6,130.4,131.4,131.6,131.4,132.2,135.6,126.4,89.,91.2,132.6,141.4,129.2,122.2,124.4,134.2,139.8,141.8,143.4,136.4,130.,131.6,129.,121.2,116.