upperleft_x, upperleft_y, upperright_x, upperright_y, lowerright_x, lowerright_y, lowerleft_x, lowerleft_y, crack_dot_x, crack_dot_y, width_m, y_res, x_res, mean_res, width_px, distance
2537.276257138038,2270.9286678071458,4170.546141242802,1662.5948124231975,4506.668349275956,2595.2155868250484,2894.701985398646,3203.5494422089964,2702.9703033515652,2064.994638941763,0.15,0.0437168087226744,0.044145223963621125,0.043931016343147763,3.414444110018788,76.76884435998954
intensities
115.,116.,117.,118.,119.4,119.4,117.8,116.2,114.6,114.4,113.,106.8,92.6,69.2,40.2,24.,31.,48.6,71.6,96.4,113.8,119.4,118.8,117.4,117.8,118.2,119.,120.2,121.8,123.6,122.8,119.8,116.2