upperleft_x, upperleft_y, upperright_x, upperright_y, lowerright_x, lowerright_y, lowerleft_x, lowerleft_y, crack_dot_x, crack_dot_y, width_m, y_res, x_res, mean_res, width_px, distance
5316.898759435975,3303.1217207726595,5655.083354465847,3060.146752721919,5795.99360239496,3252.851037727679,5460.855715428421,3492.7792977150875,5317.660436451808,3260.4678078860093,0.1,0.18245477475097915,0.1846499990612282,0.18355238690610365,0.5448035935983501,207.5475219584119
intensities
125.8,129.8,125.,123.2,124.6,124.8,128.8,129.2,126.4,123.8,124.4,126.8,123.6,124.2,113.2,88.2,107.8,130.8,128.4,122.4,119.8,118.6,121.,126.8,127.6,130.2,132.4,134.2,134.8,135.,133.6