upperleft_x, upperleft_y, upperright_x, upperright_y, lowerright_x, lowerright_y, lowerleft_x, lowerleft_y, crack_dot_x, crack_dot_y, width_m, y_res, x_res, mean_res, width_px, distance
5303.645579360482,1950.1161677922355,5778.545339678417,1637.2192496880211,5955.3598703231055,1913.0869467148136,5486.94022369372,2218.578020603544,5336.046147803226,1863.0974982602943,0.15,0.1332873884015964,0.13564692116057156,0.13446715478108398,1.1155140468629972,152.04555620346534
intensities
131.4,134.2,138.,138.,138.2,138.,137.8,137.,134.8,131.8,130.,133.6,132.2,119.,93.8,83.,108.,134.6,136.4,133.2,132.,131.,130.6,131.2,130.8,131.8,132.8,133.,134.4,134.,131.4,128.2