upperleft_x, upperleft_y, upperright_x, upperright_y, lowerright_x, lowerright_y, lowerleft_x, lowerleft_y, crack_dot_x, crack_dot_y, width_m, y_res, x_res, mean_res, width_px, distance
3361.1083265749758,2577.550604425808,4212.328911280232,2479.823116331527,4256.235463902301,2969.8768972100943,3423.4273044901693,3071.8534065258655,3464.5011762979107,2493.986520403162,0.15,0.08786159836007931,0.09022448249634066,0.08904304042820999,1.684578595684139,100.68331281342293
intensities
120.2,102.8,96.8,104.4,108.6,106.2,101.2,99.,92.6,92.4,98.2,104.8,108.4,95.,61.6,43.6,67.8,103.4,121.,123.2,117.8,111.4,100.4,90.8,89.8,92.8,94.8,93.8,96.,99.,97.6,98.6