upperleft_x, upperleft_y, upperright_x, upperright_y, lowerright_x, lowerright_y, lowerleft_x, lowerleft_y, crack_dot_x, crack_dot_y, width_m, y_res, x_res, mean_res, width_px, distance
5325.996698437404,3416.2659119476743,5709.225700372848,3245.275280947124,5803.720522767889,3464.2632820530916,5427.241151003519,3630.7541596062592,5311.747479187358,3381.017843276508,0.05,0.1828942001051389,0.18405549756436973,0.1834748488347543,0.27251691617433765,207.4598476173845
intensities
132.6,128.,129.8,135.6,131.8,125.6,133.,140.4,136.8,134.6,134.,138.2,148.2,148.6,141.2,128.4,124.,138.6,148.4,147.8,144.6,145.,145.2,145.4,145.,146.8,146.4,147.,148.4,148.8,148.8