upperleft_x, upperleft_y, upperright_x, upperright_y, lowerright_x, lowerright_y, lowerleft_x, lowerleft_y, crack_dot_x, crack_dot_y, width_m, y_res, x_res, mean_res, width_px, distance
5452.095843840943,2831.234686005043,5785.9095846107275,3117.1565196408314,5615.786093597433,3300.861297751826,5615.786093597433,3300.1464931677365,5291.264812420813,3017.0838778683055,0.2,0.13066083327360326,53.248977036855536,26.68981893506457,0.007493494073024372,30178.881761559645
intensities
168.4,169.,169.2,169.2,169.6,169.,168.8,168.6,166.,165.8,162.6,142.6,115.4,105.,108.,113.8,138.8,161.2,165.2,166.2,167.,168.2,168.4,168.4,169.8,169.2,169.8,168.8,167.8,167.8,168.4