upperleft_x, upperleft_y, upperright_x, upperright_y, lowerright_x, lowerright_y, lowerleft_x, lowerleft_y, crack_dot_x, crack_dot_y, width_m, y_res, x_res, mean_res, width_px, distance
3551.079497414358,2311.702996180879,4069.605773577622,2541.084959025984,3932.5039107276743,2831.986988534527,3421.8873574211375,2604.362741879806,3638.965306933555,2303.793273324151,0.15,0.13562100378011183,0.1358734875170931,0.13574724564860247,1.1049947959039437,153.4929886880724
intensities
122.,120.,121.4,124.6,125.6,125.8,127.8,125.6,121.4,122.8,125.2,124.2,119.8,122.,109.6,62.4,61.6,108.8,115.8,109.8,115.4,121.,122.4,122.6,124.,121.8,117.6,117.,117.6,118.4,116.6