upperleft_x, upperleft_y, upperright_x, upperright_y, lowerright_x, lowerright_y, lowerleft_x, lowerleft_y, crack_dot_x, crack_dot_y, width_m, y_res, x_res, mean_res, width_px, distance
3430.4872768352902,2238.1660098291827,3808.4665664154545,2428.632136219187,3694.0392424214597,2638.2925234081845,3324.9188424408303,2452.2558418179474,3496.9289488318036,2232.2600834294926,0.15,0.18217731569232848,0.18289291531760202,0.18253511550496523,0.8217596903754103,206.3972663718504
intensities
146.6,149.2,150.,148.6,149.,149.,146.8,145.2,144.8,144.2,141.6,142.2,147.8,156.4,153.6,119.,90.8,126.4,148.4,147.6,147.,146.8,144.2,147.,146.4,144.4,145.2,149.4,149.8,144.,140.,147.6