upperleft_x, upperleft_y, upperright_x, upperright_y, lowerright_x, lowerright_y, lowerleft_x, lowerleft_y, crack_dot_x, crack_dot_y, width_m, y_res, x_res, mean_res, width_px, distance
3398.6690983569597,2274.799158858371,4154.627677517288,2350.5918809877267,4103.442982053308,2774.8342606987962,3360.2805767589743,2701.9945017692858,3505.960094617996,2230.5047108606955,0.15,0.10160789763448966,0.10156364189499992,0.10158576976474479,1.476584765241965,114.86570747617688
intensities
168.4,187.8,177.2,145.2,130.6,145.6,152.4,151.4,148.4,145.,144.4,148.4,144.6,120.,79.2,79.8,125.6,156.8,171.4,173.4,165.,161.,164.,166.2,168.6,169.6,172.8,177.,176.2,171.4,167.2