upperleft_x, upperleft_y, upperright_x, upperright_y, lowerright_x, lowerright_y, lowerleft_x, lowerleft_y, crack_dot_x, crack_dot_y, width_m, y_res, x_res, mean_res, width_px, distance
4662.578947173806,3263.0317299023827,5408.413081077522,2053.640964162676,6094.684072343094,2493.890279314175,5359.208745854708,3687.742833930888,4652.220139758477,3040.3173704728006,0.15,0.0533339104098606,0.054195894847397195,0.0537649026286289,2.7899241450523435,93.9534248351392
intensities
114.8,114.4,114.8,113.6,112.4,114.4,117.6,119.8,120.,121.,121.8,123.4,120.6,116.2,94.2,44.2,11.6,23.8,71.2,105.4,114.,118.,123.8,126.8,128.2,127.2,126.,123.,122.,122.,121.2,123.