upperleft_x, upperleft_y, upperright_x, upperright_y, lowerright_x, lowerright_y, lowerleft_x, lowerleft_y, crack_dot_x, crack_dot_y, width_m, y_res, x_res, mean_res, width_px, distance
3187.8152218746923,2702.7093063533753,3843.3730522402893,2260.467912852774,4094.4100785509245,2628.56883744298,3446.6565080706323,3068.2088109818133,3190.4166418364603,2620.7645775576757,0.1,0.09737875016139096,0.09722612703504102,0.097302438598216,1.027723471689367,110.02243202590964
intensities
133.6,132.2,127.8,126.2,124.6,121.6,120.4,126.2,130.6,129.4,129.,125.4,117.,110.4,118.2,129.4,106.6,60.4,75.6,121.2,130.,130.8,128.8,128.6,128.2,122.8,117.8,119.,121.8,122.4,118.6,116.4