upperleft_x, upperleft_y, upperright_x, upperright_y, lowerright_x, lowerright_y, lowerleft_x, lowerleft_y, crack_dot_x, crack_dot_y, width_m, y_res, x_res, mean_res, width_px, distance
4990.047332496303,2104.91823267935,6503.089429178805,3315.3519100253516,5778.090091185106,4141.220721131217,4315.482731058688,2940.2435568894807,5182.32976561637,2054.4834961232664,0.1,0.04004896545617269,0.039948770818799675,0.03999886813748618,2.500070743408909,69.89746967466587
intensities
127.4,126.4,125.8,125.,124.6,125.4,124.4,123.4,122.,120.8,121.,120.2,121.2,122.8,124.,125.4,119.6,105.8,91.2,82.4,82.6,91.,102.2,112.2,120.4,121.4,121.2,121.2,121.,122.2,121.2