upperleft_x, upperleft_y, upperright_x, upperright_y, lowerright_x, lowerright_y, lowerleft_x, lowerleft_y, crack_dot_x, crack_dot_y, width_m, y_res, x_res, mean_res, width_px, distance
5492.807480337221,1532.2507824198788,5868.958745079386,2119.0467554176557,5519.1380688691725,2317.1530881818626,5153.017504520132,1736.6263029297884,5565.530058187373,1541.0276452638627,0.1,0.10895417593740273,0.11060269921183935,0.10977843757462104,0.9109256991567746,124.12937291158248
intensities
119.,118.2,120.6,123.2,121.4,117.4,116.6,115.8,114.4,118.8,126.,128.6,131.,128.8,124.8,123.8,123.6,97.8,76.4,108.,135.2,138.4,137.,127.4,124.4,128.6,128.4,131.2,131.4,133.8,134.4