upperleft_x, upperleft_y, upperright_x, upperright_y, lowerright_x, lowerright_y, lowerleft_x, lowerleft_y, crack_dot_x, crack_dot_y, width_m, y_res, x_res, mean_res, width_px, distance
3202.2560321894903,1943.8458082357392,4417.236335414618,2674.212039664077,3990.040992503704,3363.2367862945844,2784.2476859003154,2637.4640531771165,3503.1301715514783,1994.37428965531,0.2,0.053685560620028605,0.05415919152282588,0.05392237607142725,3.709035368453976,94.22860750167688
intensities
164.4,162.2,160.,158.8,157.8,156.4,158.,161.2,159.6,140.,100.,44.4,18.4,52.2,120.8,154.2,161.,167.2,171.4,171.8,170.4,168.4,164.8,159.8,155.8,155.2,157.2,159.2,160.,159.6,159.