upperleft_x, upperleft_y, upperright_x, upperright_y, lowerright_x, lowerright_y, lowerleft_x, lowerleft_y, crack_dot_x, crack_dot_y, width_m, y_res, x_res, mean_res, width_px, distance
3816.3522671509136,2137.241461609717,4162.059887475629,2595.478072442812,3895.2385697753452,2784.5731802043174,3556.491505564551,2334.4572181707963,3854.6353257774763,2109.3992371540353,0.05,0.133179166248527,0.13452589338873366,0.13385252981863033,0.37354542396583623,151.3505835581012
intensities
120.,123.8,120.4,108.4,100.,110.,118.4,123.,122.4,121.,119.4,119.8,121.,121.2,112.8,88.6,81.4,109.4,125.2,122.6,120.8,121.4,126.,126.2,120.4,117.6,118.4,121.,120.6,122.2,124.8