upperleft_x, upperleft_y, upperright_x, upperright_y, lowerright_x, lowerright_y, lowerleft_x, lowerleft_y, crack_dot_x, crack_dot_y, width_m, y_res, x_res, mean_res, width_px, distance
3839.944333858247,1463.644775887606,4771.932330431559,2953.578763720527,3908.5187014990925,3452.3014374721324,2998.3498219024123,1996.6546334596344,3958.3909688742533,1391.953391535813,0.05,0.04364660450580632,0.04404171599652634,0.04384416025116633,1.1404027289739211,76.61706453875898
intensities
108.2,105.8,108.6,108.2,108.6,111.2,116.4,117.,117.4,116.6,118.4,120.8,120.8,121.4,122.8,105.8,67.,58.,94.2,122.4,123.,121.8,121.8,121.,121.,120.8,120.4,121.4,121.6,120.6,120.6