upperleft_x, upperleft_y, upperright_x, upperright_y, lowerright_x, lowerright_y, lowerleft_x, lowerleft_y, crack_dot_x, crack_dot_y, width_m, y_res, x_res, mean_res, width_px, distance
1728.671734454124,3150.74999147145,2144.0200702418506,3224.2576825533065,2094.417319349215,3457.3308493982177,1685.6428421135247,3386.811275840014,1763.3338977284952,3121.466439739653,0.1,0.18191776261491496,0.18288248325739515,0.18240012293615507,0.548245244522136,206.24462671615532
intensities
141.6,138.,134.8,131.8,126.,130.8,135.6,128.,128.8,148.6,162.,158.6,162.,166.8,157.,140.2,115.,102.8,125.4,141.8,137.2,140.4,143.4,134.8,131.4,132.,128.4,138.2,154.4,145.8,144.4,149.6