upperleft_x, upperleft_y, upperright_x, upperright_y, lowerright_x, lowerright_y, lowerleft_x, lowerleft_y, crack_dot_x, crack_dot_y, width_m, y_res, x_res, mean_res, width_px, distance
1422.3164501051212,3684.9679859716684,2396.8880509174687,2770.7680772450417,2894.954510624664,3324.893965317549,1946.2564921347682,4226.15708288295,1545.2159661367668,3424.076030886947,0.2,0.05806652139418855,0.05785185350832601,0.05795918745125728,3.4507040004347322,101.28287963843212
intensities
111.2,108.6,104.,102.,105.2,108.,108.6,108.8,108.2,107.2,105.6,107.2,108.,99.,67.6,22.,7.4,15.8,51.6,94.2,110.4,109.6,112.4,116.,117.2,118.2,119.2,116.8,115.8,114.,113.,113.6