upperleft_x, upperleft_y, upperright_x, upperright_y, lowerright_x, lowerright_y, lowerleft_x, lowerleft_y, crack_dot_x, crack_dot_y, width_m, y_res, x_res, mean_res, width_px, distance
1470.0161802689668,1139.104745738289,2115.238639435106,966.0751639568932,2220.3500676200665,1326.6882175760638,1589.681498510306,1501.334898252613,1539.5514327605556,1064.7181965612403,0.15,0.11491840806716222,0.1157010945350806,0.11530975130112141,1.3008440162904178,130.38377513680095
intensities
134.8,128.2,126.2,130.2,132.6,131.,129.8,133.8,140.,141.,136.4,127.4,135.6,147.6,127.4,68.6,73.8,130.8,146.4,143.6,144.2,141.4,145.,150.2,150.2,147.2,144.6,139.,135.4,138.2,141.2,137.