upperleft_x, upperleft_y, upperright_x, upperright_y, lowerright_x, lowerright_y, lowerleft_x, lowerleft_y, crack_dot_x, crack_dot_y, width_m, y_res, x_res, mean_res, width_px, distance
5454.675585303032,3332.8294680117356,5887.132358677162,3128.3953569621467,5990.064218786047,3362.8512605434935,5558.322249996006,3562.281739504456,5466.827263232553,3284.2227562936514,0.1,0.17132887788732193,0.16038906412173237,0.16585897100452715,0.6029218642461642,187.54111023449192
intensities
141.4,140.6,139.8,139.8,138.6,137.,138.2,140.4,142.2,142.8,142.8,143.2,142.6,141.2,132.4,111.6,112.4,130.6,133.4,132.8,136.8,140.4,140.4,138.8,135.4,131.4,132.6,134.8,136.4,139.2,143.6