upperleft_x, upperleft_y, upperright_x, upperright_y, lowerright_x, lowerright_y, lowerleft_x, lowerleft_y, crack_dot_x, crack_dot_y, width_m, y_res, x_res, mean_res, width_px, distance
3471.3190239379096,2318.750266293525,3921.6459119142764,2266.5460954391215,3944.847765627345,2523.8757457113315,3502.4306005077055,2575.025286851504,3524.577824506543,2276.037762867195,0.15,0.16843164951320533,0.1702481580324744,0.16933990377283986,0.885792401306763,191.47709266623613
intensities
138.6,163.8,178.4,166.,143.2,155.2,161.,161.8,159.2,152.8,155.6,151.,128.8,132.4,160.,152.,121.4,105.2,112.,155.4,167.8,154.,156.4,166.6,166.6,168.4,171.2,164.6,160.8,165.2,168.,178.8