upperleft_x, upperleft_y, upperright_x, upperright_y, lowerright_x, lowerright_y, lowerleft_x, lowerleft_y, crack_dot_x, crack_dot_y, width_m, y_res, x_res, mean_res, width_px, distance
3618.7345794876333,2248.1732740064353,4032.606433675437,2356.823570788035,3963.2703890187586,2588.4202560330236,3556.5465806718494,2481.914373003692,3655.904417860286,2223.1551135633035,0.1,0.17989131516679807,0.1803572055045648,0.18012426033568146,0.5551723005753859,203.67124888649113
intensities
147.2,147.2,144.8,142.2,147.8,151.,152.6,149.2,149.2,152.4,152.,146.4,147.,146.8,126.6,104.2,122.2,146.,147.,150.,149.6,145.,140.,142.2,147.4,147.8,145.8,145.4,144.6,146.4,150.