upperleft_x, upperleft_y, upperright_x, upperright_y, lowerright_x, lowerright_y, lowerleft_x, lowerleft_y, crack_dot_x, crack_dot_y, width_m, y_res, x_res, mean_res, width_px, distance
3493.2160663323157,2442.054057048959,4159.460811135447,2433.9685625731927,4159.460811135447,2813.1782534866256,3504.5357585983884,2822.880846857545,3534.452088158723,2387.8812440613256,0.1,0.11444349459793995,0.11579785718842112,0.11512067589318054,0.8686536907826108,130.16998258938244
intensities
158.,156.6,154.6,152.8,155.4,156.2,155.2,158.8,163.2,162.4,159.6,159.,157.6,153.4,153.8,130.6,97.8,122.2,166.8,163.4,151.,153.,162.8,162.4,159.4,159.2,160.2,159.,158.,163.4,158.8,140.