upperleft_x, upperleft_y, upperright_x, upperright_y, lowerright_x, lowerright_y, lowerleft_x, lowerleft_y, crack_dot_x, crack_dot_y, width_m, y_res, x_res, mean_res, width_px, distance
3253.679191149966,2492.303647499655,3669.8009220614613,2342.6868453741736,3757.96796617112,2567.7799807147417,3346.521760326046,2715.3929863831854,3322.4762028415935,2428.1821608744485,0.2,0.17998199564429135,0.17399612270261067,0.17698905917345104,1.1300133518648632,200.1261942945564
intensities
165.8,167.8,169.4,169.8,171.6,172.8,172.8,173.2,170.,166.8,169.8,174.8,176.,177.8,160.6,121.2,118.4,154.8,177.6,174.6,175.2,176.6,176.,175.8,177.2,179.4,180.8,178.6,176.4,177.6,176.4