upperleft_x, upperleft_y, upperright_x, upperright_y, lowerright_x, lowerright_y, lowerleft_x, lowerleft_y, crack_dot_x, crack_dot_y, width_m, y_res, x_res, mean_res, width_px, distance
1446.2202184835492,906.2800027816181,1980.9174835983465,1149.407306235526,1841.0735834913994,1439.149243058416,1314.602430147599,1202.4200265375057,1464.5004668635424,866.977468764633,0.05,0.1347192851040665,0.13137546193424415,0.13304737351915533,0.37580599058425845,150.4401721079318
intensities
160.,157.4,150.6,148.8,149.6,144.8,127.4,123.6,124.,122.,125.8,131.,132.2,135.4,134.8,113.6,115.2,140.2,142.6,140.,140.4,141.2,141.6,146.8,146.8,139.6,127.4,125.,124.8,134.2,141.6,140.8