upperleft_x, upperleft_y, upperright_x, upperright_y, lowerright_x, lowerright_y, lowerleft_x, lowerleft_y, crack_dot_x, crack_dot_y, width_m, y_res, x_res, mean_res, width_px, distance
3434.7034520706243,2466.4324087987907,3822.8071869073997,2610.565136410274,3733.5152044358956,2830.6312034463444,3353.1454208368095,2687.2015623110146,3471.2639488306104,2444.6367280380296,0.1,0.18399691653974665,0.18647225042540397,0.1852345834825753,0.5398559929787994,209.44962596685613
intensities
175.2,175.2,167.2,169.4,166.4,158.2,157.,157.6,154.6,153.8,158.2,155.8,153.2,162.8,147.4,117.6,138.2,168.2,168.4,164.6,163.8,165.2,164.2,158.2,153.,143.,140.8,155.2,160.6,156.8,158.6