upperleft_x, upperleft_y, upperright_x, upperright_y, lowerright_x, lowerright_y, lowerleft_x, lowerleft_y, crack_dot_x, crack_dot_y, width_m, y_res, x_res, mean_res, width_px, distance
5433.338082562564,1309.4051801814153,5845.393630020304,1145.5508769138237,5931.123307679298,1376.467911898531,5525.290075535516,1535.4826365885988,5474.128816287407,1256.8611841968711,0.15,0.1774174653081618,0.17400256579644854,0.17571001555230517,0.8536792824729342,198.67994595902624
intensities
151.2,139.,131.,132.,136.,137.4,129.8,126.6,132.,134.,135.4,136.6,135.4,138.6,136.4,107.8,101.,140.6,148.2,145.4,145.6,148.,147.6,144.2,141.2,137.6,136.4,135.,135.2,138.2,136.8,133.8