upperleft_x, upperleft_y, upperright_x, upperright_y, lowerright_x, lowerright_y, lowerleft_x, lowerleft_y, crack_dot_x, crack_dot_y, width_m, y_res, x_res, mean_res, width_px, distance
5729.0439504194255,1158.5696948306008,6273.865660790834,1382.573046133131,6128.643149141312,1686.3064038314772,5596.1606064264,1460.404719043332,5820.16395772893,1146.2305271741052,0.15,0.13055500144381832,0.13105306511996717,0.13080403328189275,1.146753630117341,147.9035681715764
intensities
117.4,115.2,117.8,118.6,115.6,116.,120.2,120.,115.6,113.6,114.,116.,115.2,114.,116.2,88.,49.6,74.6,108.,106.,101.6,107.8,114.2,113.,111.4,114.2,113.2,112.,110.6,108.2,107.4,109.6