upperleft_x, upperleft_y, upperright_x, upperright_y, lowerright_x, lowerright_y, lowerleft_x, lowerleft_y, crack_dot_x, crack_dot_y, width_m, y_res, x_res, mean_res, width_px, distance
1583.7749862052196,1408.1817992162314,1825.3906537353969,949.9451883831366,2103.1098118160603,1093.433420058146,1869.825719028303,1543.338456148821,1559.7059925048957,1360.9695423425187,0.1,0.13832623601994803,0.14930124983056575,0.1438137429252569,0.6953438382587133,162.61398977595437
intensities
121.8,123.2,124.4,123.2,121.8,121.6,122.6,124.8,126.2,126.4,126.4,126.4,125.2,123.6,108.4,86.8,99.2,122.6,127.,124.6,125.6,125.4,124.4,123.4,123.2,123.4,122.4,121.4,120.4,119.8,120.2,120.4