upperleft_x, upperleft_y, upperright_x, upperright_y, lowerright_x, lowerright_y, lowerleft_x, lowerleft_y, crack_dot_x, crack_dot_y, width_m, y_res, x_res, mean_res, width_px, distance
1885.2022202617816,2717.0792221151605,2612.2990995760056,3129.7558292935037,2364.3908080842534,3531.8509850057353,1647.875380236141,3131.2674652172336,2016.7145456263086,2714.0559502676997,0.15,0.0916065957742083,0.09234131458962516,0.09197395518191673,1.6308964826326393,103.99737537864777
intensities
114.2,116.4,118.2,121.4,124.2,123.,121.,118.2,117.8,118.,117.6,117.8,117.6,113.2,117.6,118.4,79.2,44.,79.8,124.8,129.4,124.2,126.6,128.6,127.,119.8,114.,113.,118.2,123.2,126.,129.4