upperleft_x, upperleft_y, upperright_x, upperright_y, lowerright_x, lowerright_y, lowerleft_x, lowerleft_y, crack_dot_x, crack_dot_y, width_m, y_res, x_res, mean_res, width_px, distance
3629.2422068737487,2425.8596318815544,4065.0503591175443,2636.9965006704742,3929.70621245798,2879.713670346626,3501.116414702695,2666.7722129355784,3677.063805360128,2405.106862727088,0.1,0.15797479171892687,0.1589053073470002,0.15844004953296353,0.631153551736267,179.152340178264
intensities
150.2,151.2,150.6,148.6,148.4,148.4,149.8,149.4,147.2,141.6,141.8,143.4,143.4,143.,146.2,123.2,90.6,119.6,146.8,147.6,146.8,147.4,148.8,151.8,151.,145.,147.6,153.2,145.6,132.6,130.2