upperleft_x, upperleft_y, upperright_x, upperright_y, lowerright_x, lowerright_y, lowerleft_x, lowerleft_y, crack_dot_x, crack_dot_y, width_m, y_res, x_res, mean_res, width_px, distance
1534.5595187798658,1498.5002879429203,2306.3141074377777,1373.6321297780446,2366.146766558447,1808.936403380597,1616.0706775819376,1933.8045615454726,1626.4763574290105,1422.1919690643851,0.15,0.09861112289681342,0.09921967973532649,0.09891540131606996,1.5164473681979669,111.84625148554517
intensities
118.,119.,120.6,125.6,132.6,139.2,139.4,137.4,136.2,137.,139.4,141.6,137.6,130.4,139.,124.2,49.4,37.2,111.,144.4,142.4,141.6,142.6,143.2,143.2,142.6,142.4,142.6,143.,142.8,141.6,139.6