upperleft_x, upperleft_y, upperright_x, upperright_y, lowerright_x, lowerright_y, lowerleft_x, lowerleft_y, crack_dot_x, crack_dot_y, width_m, y_res, x_res, mean_res, width_px, distance
3342.1526637821485,2096.342921291863,3798.2800151867823,2136.9461652897326,3770.859642616793,2395.3304452761727,3323.696643783117,2355.7818309925337,3372.736925494829,2061.540140722261,0.1,0.16733035237697003,0.1687235722048831,0.16802696229092656,0.5951425809082784,189.9925151260546
intensities
154.2,160.6,164.2,163.2,157.,153.4,153.,153.8,157.4,158.6,156.4,158.8,162.6,159.2,160.6,148.2,118.4,128.2,160.8,160.6,155.4,157.8,160.2,161.2,160.6,159.,151.8,138.6,146.8,153.4,147.6,144.6