upperleft_x, upperleft_y, upperright_x, upperright_y, lowerright_x, lowerright_y, lowerleft_x, lowerleft_y, crack_dot_x, crack_dot_y, width_m, y_res, x_res, mean_res, width_px, distance
5282.7814881806235,1427.2811433409438,5624.540106130942,891.822201210314,5932.902116463966,1081.0696443749857,5595.596379529286,1609.8492649821562,5237.13945777032,1401.6770775010175,0.05,0.12016625685350163,0.12119460075769067,0.12068042880559615,0.41431738762334774,136.45654175171688
intensities
146.6,143.6,142.4,140.8,137.2,135.4,132.8,134.2,135.8,137.2,139.,142.4,143.2,140.8,135.,120.,115.4,133.6,142.4,139.6,136.2,134.6,134.8,133.6,131.8,133.,135.,134.,133.,134.,137.