upperleft_x, upperleft_y, upperright_x, upperright_y, lowerright_x, lowerright_y, lowerleft_x, lowerleft_y, crack_dot_x, crack_dot_y, width_m, y_res, x_res, mean_res, width_px, distance
5209.5280800409755,1298.2237615889858,5644.562837161003,1293.4779278749493,5632.961910304468,1536.5700770050491,5207.94613546963,1540.2612810048554,5209.5280800409755,1263.9482958764988,0.05,0.1792307159355908,0.1778984847904432,0.178564600363017,0.2800107070402048,201.90770024579803
intensities
140.,143.,144.6,143.,138.8,137.6,141.8,140.4,135.4,134.6,134.,131.6,131.,134.,141.6,129.6,106.4,115.8,138.,133.6,127.,135.2,141.2,140.2,143.4,142.2,136.,130.2,128.8,135.6,145.,140.6