upperleft_x, upperleft_y, upperright_x, upperright_y, lowerright_x, lowerright_y, lowerleft_x, lowerleft_y, crack_dot_x, crack_dot_y, width_m, y_res, x_res, mean_res, width_px, distance
5283.078542216798,3003.946707061376,5868.046490376576,3045.9444059036164,5837.298175152793,3374.4264075625683,5263.579610611473,3330.9287909045333,5286.078377848387,2959.699131495444,0.05,0.1323249223446147,0.13169161869799373,0.1320082705213042,0.37876414714433165,149.26523095952885
intensities
104.2,114.4,127.,128.4,124.2,122.6,118.,114.6,119.4,122.,122.6,124.6,123.6,121.2,116.4,97.6,99.,122.2,124.4,116.,116.8,117.6,116.4,117.6,121.,120.4,117.6,113.6,111.8,115.6,119.6,121.6