upperleft_x, upperleft_y, upperright_x, upperright_y, lowerright_x, lowerright_y, lowerleft_x, lowerleft_y, crack_dot_x, crack_dot_y, width_m, y_res, x_res, mean_res, width_px, distance
3580.448591334087,2732.477987753717,3746.4004359222035,2315.0321106454658,3991.0510934077765,2415.1164705259275,3829.3763582162615,2826.574394478938,3554.7859349544815,2693.9840031843087,0.1,0.16401367322432042,0.17166052280629834,0.16783709801530938,0.5958158308413938,189.7778305851615
intensities
146.6,148.2,149.2,150.,149.8,147.,143.4,139.4,142.6,146.8,146.2,146.6,150.4,151.4,138.6,104.6,105.4,139.4,146.8,143.,144.2,141.6,140.4,141.,142.2,144.4,144.6,142.2,140.,140.2,143.2