upperleft_x, upperleft_y, upperright_x, upperright_y, lowerright_x, lowerright_y, lowerleft_x, lowerleft_y, crack_dot_x, crack_dot_y, width_m, y_res, x_res, mean_res, width_px, distance
1448.4870864637476,2713.059911093149,2129.6372645613346,2726.184191981349,2115.2005555843148,3109.4131939167933,1443.2373741084675,3098.2575551618233,1491.140999350398,2658.5941454071185,0.1,0.11317362593582136,0.11305448056704255,0.11311405325143196,0.8840634485771471,127.90104147768989
intensities
148.4,151.,146.,146.2,150.2,148.,151.8,157.4,160.2,154.,147.4,153.6,135.6,137.6,153.4,88.4,99.2,164.,155.6,143.8,148.4,155.2,155.8,150.8,151.,155.6,155.2,150.4,155.,154.2,135.4