upperleft_x, upperleft_y, upperright_x, upperright_y, lowerright_x, lowerright_y, lowerleft_x, lowerleft_y, crack_dot_x, crack_dot_y, width_m, y_res, x_res, mean_res, width_px, distance
5821.128358012054,892.1667135836288,6176.222182793419,1363.0237266636807,5896.569536903333,1560.731643758067,5549.2799720072735,1097.67889056332,5862.751077400346,860.9496740424099,0.05,0.1273295361639718,0.1309338336477159,0.12913168490584387,0.387201638671852,146.01259978292958
intensities
102.4,104.6,109.,111.6,103.,92.,96.8,109.8,119.,119.2,115.6,116.4,113.6,107.4,106.6,103.6,85.8,71.,72.6,103.,114.2,112.4,110.8,107.8,105.4,109.2,107.4,103.2,102.8,108.2,113.2