upperleft_x, upperleft_y, upperright_x, upperright_y, lowerright_x, lowerright_y, lowerleft_x, lowerleft_y, crack_dot_x, crack_dot_y, width_m, y_res, x_res, mean_res, width_px, distance
3465.029915408716,1970.7283196514713,4479.818062657048,1851.203618705363,4578.2501693185495,2399.6110701051543,3563.462022070217,2526.1666358127986,3650.176020795825,1865.2653482284345,0.2,0.07759397477741295,0.0748368937247938,0.07621543425110337,2.6241403984010576,86.17880039823535
intensities
112.2,113.6,114.8,115.,114.4,115.4,117.2,120.,120.6,121.4,120.8,113.6,100.,82.4,70.2,64.2,72.4,90.2,104.,112.6,118.4,118.,118.,118.2,118.6,119.6,121.2,122.8,122.6,121.8,120.8,119.4