upperleft_x, upperleft_y, upperright_x, upperright_y, lowerright_x, lowerright_y, lowerleft_x, lowerleft_y, crack_dot_x, crack_dot_y, width_m, y_res, x_res, mean_res, width_px, distance
1673.5274903186046,1368.4691314214901,2084.727615897025,1533.0968298128507,1985.8033487022165,1762.6897186008018,1580.509149523486,1601.7532242092477,1768.0223127136455,1371.4220946213352,0.2,0.17360407147430512,0.1740613904799479,0.1738327309771265,1.1505313117718703,196.55725080830402
intensities
122.,120.8,120.6,119.8,125.8,134.4,128.8,121.2,118.4,119.,122.,124.4,121.2,121.2,118.6,79.4,65.2,107.2,126.4,126.,126.6,126.4,121.2,118.,123.8,125.2,132.4,136.6,133.8,132.6,134.4