upperleft_x, upperleft_y, upperright_x, upperright_y, lowerright_x, lowerright_y, lowerleft_x, lowerleft_y, crack_dot_x, crack_dot_y, width_m, y_res, x_res, mean_res, width_px, distance
5217.898324539585,2810.8615835476994,5450.573075714676,3162.4399759482967,5241.85013716055,3285.6207265704033,5016.874182899341,2939.1748654457274,5264.091106022875,2816.849536702941,0.1,0.18094300942486996,0.18331004455893507,0.18212652699190252,0.549068835010762,205.9352645705324
intensities
140.,137.4,135.8,135.,133.2,127.2,122.,126.2,129.4,130.2,127.4,124.,130.8,134.6,136.,132.8,108.2,98.6,122.,137.4,134.2,135.8,135.8,134.6,137.,139.,141.,142.4,139.8,137.8,145.,150.8