upperleft_x, upperleft_y, upperright_x, upperright_y, lowerright_x, lowerright_y, lowerleft_x, lowerleft_y, crack_dot_x, crack_dot_y, width_m, y_res, x_res, mean_res, width_px, distance
4926.498275443764,1004.8726475218411,5753.984185444783,1209.4708120825326,5614.175439661643,1676.6366211627783,4804.876033177131,1472.0384566020866,4999.244289509788,953.7231063816683,0.1,0.08965830684298869,0.0906883641802311,0.09017333551160989,1.108975280027486,101.96136725660178
intensities
139.6,141.8,143.6,144.2,147.4,149.,145.6,141.4,139.8,138.2,138.6,135.,136.6,138.8,120.8,91.4,96.6,125.,142.2,143.2,140.6,142.4,143.8,145.,145.2,144.8,143.8,142.8,139.6,137.4,132.6