upperleft_x, upperleft_y, upperright_x, upperright_y, lowerright_x, lowerright_y, lowerleft_x, lowerleft_y, crack_dot_x, crack_dot_y, width_m, y_res, x_res, mean_res, width_px, distance
3348.398415311979,2064.0173487399093,4147.409323028778,2283.685000106159,4008.608334528126,2732.6760237778344,3220.4601128678996,2516.6292677637757,3419.6093572384007,2019.359639396221,0.1,0.09252343886818859,0.09295964540413054,0.09274154213615957,1.0782654428280247,104.86530617990834
intensities
145.2,146.8,148.6,152.,152.2,151.,144.8,144.2,145.,147.4,145.,135.8,134.6,134.8,103.8,70.,98.8,146.4,155.8,152.2,150.,150.,150.6,151.4,151.8,150.2,147.4,145.6,141.8,135.6,132.4,138.2