upperleft_x, upperleft_y, upperright_x, upperright_y, lowerright_x, lowerright_y, lowerleft_x, lowerleft_y, crack_dot_x, crack_dot_y, width_m, y_res, x_res, mean_res, width_px, distance
4458.065152990253,3135.4977021820914,5746.213322167097,2589.527617232966,6040.525321084986,3340.2364840380137,4760.907934485472,3867.012308188147,4667.069326134841,2930.7589203261696,0.2,0.05444543482335831,0.05497873135351508,0.0547120830884367,3.6554996393889754,95.60860960782541
intensities
123.6,124.4,123.2,122.8,121.8,121.4,121.2,121.8,122.4,123.2,124.4,124.2,124.4,126.,113.8,67.6,19.6,13.,40.8,78.,103.6,112.2,121.6,124.4,124.4,126.4,126.8,125.4,125.6,125.4,125.2