upperleft_x, upperleft_y, upperright_x, upperright_y, lowerright_x, lowerright_y, lowerleft_x, lowerleft_y, crack_dot_x, crack_dot_y, width_m, y_res, x_res, mean_res, width_px, distance
1363.2519129596494,1287.0915590498876,1742.5436306286335,1540.4839250556374,1594.333001455459,1746.8632420225847,1221.4159345036007,1497.4550327150384,1409.4681306588113,1275.1390889552767,0.1,0.17132834264264074,0.16910439810109779,0.17021637037186926,0.5874875594017863,192.46813655171243
intensities
135.4,137.2,136.,134.2,134.6,138.2,143.8,145.4,145.2,145.2,144.,142.,142.4,142.4,145.,143.,117.8,103.2,126.8,144.4,142.,141.6,141.6,140.8,141.6,141.4,140.6,140.,141.,141.4,141.8,142.2