upperleft_x, upperleft_y, upperright_x, upperright_y, lowerright_x, lowerright_y, lowerleft_x, lowerleft_y, crack_dot_x, crack_dot_y, width_m, y_res, x_res, mean_res, width_px, distance
5504.925175753727,1374.2485022554724,6102.759606427115,1341.7659070571772,6104.306396674653,1677.4193907728957,5520.393078229105,1706.0350103523463,5621.707839442836,1320.1108435916467,0.2,0.13028136180365,0.12930439855636905,0.1297928801800095,1.540916572023214,146.76023070724924
intensities
88.6,103.,87.8,82.2,98.2,101.4,101.4,96.8,92.2,92.4,96.6,97.6,99.2,112.6,107.4,70.,60.4,95.2,118.6,121.6,120.4,118.4,120.6,125.2,131.8,133.4,125.8,120.,130.8,131.2,120.4,112.2