upperleft_x, upperleft_y, upperright_x, upperright_y, lowerright_x, lowerright_y, lowerleft_x, lowerleft_y, crack_dot_x, crack_dot_y, width_m, y_res, x_res, mean_res, width_px, distance
5091.056836998304,1573.8090522145242,5517.127241547373,1555.880347072608,5512.381407833336,1793.1720327744406,5094.220726140996,1807.9368487736658,5119.531839282524,1537.9516419306915,0.1,0.18453051818463384,0.18109832398459103,0.18281442108461243,0.5470027988312627,206.71308455270895
intensities
133.,132.8,134.8,132.8,123.4,110.2,101.2,100.4,97.,88.8,83.4,83.6,83.8,94.4,102.6,78.,61.6,84.2,102.2,98.4,95.6,96.2,96.4,98.8,100.4,100.2,97.2,98.,110.6,112.8,105.8,117.4