upperleft_x, upperleft_y, upperright_x, upperright_y, lowerright_x, lowerright_y, lowerleft_x, lowerleft_y, crack_dot_x, crack_dot_y, width_m, y_res, x_res, mean_res, width_px, distance
3404.8908277655228,1425.19063288518,4685.000374898343,2599.321611845785,4007.295320533909,3304.9157630976447,2746.708141222286,2153.09606164698,3588.958867222529,1402.8793553752398,0.1,0.04439486979982665,0.044418250516104915,0.044406560157965784,2.251919528201999,77.59985060899052
intensities
120.4,119.,119.2,121.2,120.6,117.8,117.8,118.,118.8,117.4,112.6,109.,108.2,95.6,63.,36.4,44.4,82.6,106.6,111.,110.2,112.2,112.6,113.,115.,115.2,114.,113.8,113.2,110.8,110.2,111.4,110.6