upperleft_x, upperleft_y, upperright_x, upperright_y, lowerright_x, lowerright_y, lowerleft_x, lowerleft_y, crack_dot_x, crack_dot_y, width_m, y_res, x_res, mean_res, width_px, distance
3429.7560669000904,2550.2180523512193,3851.080637735123,2498.447451490444,3875.8644360195367,2739.1256703857503,3461.1488780603477,2790.3455201735383,3481.5266677608656,2511.1147261691444,0.15,0.179706903756034,0.18163447999137938,0.18067069187370666,0.8302398050529067,204.28911342940805
intensities
136.,141.2,142.4,140.2,134.6,130.6,128.4,125.6,135.4,146.6,150.6,146.8,145.,151.6,150.,101.,86.2,134.6,156.8,150.4,152.6,152.8,154.6,155.6,151.8,151.,153.2,153.2,150.2,148.8,150.4,153.6