upperleft_x, upperleft_y, upperright_x, upperright_y, lowerright_x, lowerright_y, lowerleft_x, lowerleft_y, crack_dot_x, crack_dot_y, width_m, y_res, x_res, mean_res, width_px, distance
5492.875445363248,2890.4744088641564,6083.995400189369,2858.413665551553,6094.014382474558,3191.043877419811,5514.917206390663,3218.429095665993,5609.095639871435,2833.032243762409,0.2,0.13152913991060294,0.1305811532044836,0.13105514655754327,1.526075131373682,148.1875085712117
intensities
94.2,83.6,84.4,103.4,106.,100.4,90.6,78.8,92.6,108.8,103.2,100.2,85.4,50.2,50.4,87.,110.8,120.,127.4,124.2,115.,114.,121.8,128.2,128.,125.6,124.2,123.2,121.8,119.8,117.8,120.6