upperleft_x, upperleft_y, upperright_x, upperright_y, lowerright_x, lowerright_y, lowerleft_x, lowerleft_y, crack_dot_x, crack_dot_y, width_m, y_res, x_res, mean_res, width_px, distance
3614.347319876435,2532.3092679927936,4046.53457676804,2439.9237050262136,4092.7273582513303,2684.808724670505,3668.766213130722,2775.2959541514706,3633.3306547325815,2488.6475978236567,0.1,0.1746253474437011,0.17477023250429663,0.17469778997399887,0.5724170867581295,197.53539581733912
intensities
141.2,147.2,150.6,155.2,160.8,162.8,156.,153.8,159.,173.8,171.6,161.,163.6,168.,167.4,142.8,120.,134.,153.8,148.4,135.6,129.8,126.8,149.2,173.2,163.6,152.2,150.,151.8,151.6,149.2