upperleft_x, upperleft_y, upperright_x, upperright_y, lowerright_x, lowerright_y, lowerleft_x, lowerleft_y, crack_dot_x, crack_dot_y, width_m, y_res, x_res, mean_res, width_px, distance
3543.496123863645,2293.9207673881615,4127.491469064744,2218.1514814746774,4159.65767534877,2547.6763947399236,3584.239985156745,2620.58646231705,3536.3480780227505,2247.458469422346,0.05,0.13176178401750188,0.1308923821448535,0.1313270830811777,0.380728779067554,148.49499436620263
intensities
165.2,167.8,167.4,167.4,171.,172.2,175.2,176.8,178.2,177.4,179.4,181.,177.4,173.4,171.2,163.6,156.,167.8,177.8,180.2,181.6,182.2,181.,181.,184.4,182.2,173.2,170.4,174.6,177.,176.,174.8