upperleft_x, upperleft_y, upperright_x, upperright_y, lowerright_x, lowerright_y, lowerleft_x, lowerleft_y, crack_dot_x, crack_dot_y, width_m, y_res, x_res, mean_res, width_px, distance
5742.499267856815,3276.430214516283,6135.91130558855,3464.7870814778266,6023.698703994439,3679.19330238086,5640.305648547893,3494.844028333392,5809.960415243751,3271.0867572975158,0.15,0.18007465445682552,0.17759198548358932,0.17883331997020743,0.8387698669632097,202.21154858857406
intensities
130.8,130.,131.8,133.2,133.6,132.4,129.4,127.6,129.2,124.8,126.4,129.6,133.,140.8,123.2,91.2,103.8,134.4,137.2,133.,134.2,133.,133.6,130.6,129.,129.6,133.6,133.2,131.8,126.8,128.4