upperleft_x, upperleft_y, upperright_x, upperright_y, lowerright_x, lowerright_y, lowerleft_x, lowerleft_y, crack_dot_x, crack_dot_y, width_m, y_res, x_res, mean_res, width_px, distance
3341.77944204439,2096.0628585121954,3798.504416953755,2136.7481292656157,3771.5996411329447,2395.2964627631586,3323.40544880091,2357.236048187378,3372.6215021316607,2061.939728202875,0.1,0.16674447677289728,0.1684439425803215,0.16759420967660937,0.5966793255743174,189.50319033852946
intensities
158.4,160.2,164.,163.8,157.2,153.4,155.2,157.4,158.,158.4,159.8,162.,162.8,161.2,161.,151.2,121.,125.6,157.6,160.,156.8,159.6,161.2,163.4,164.2,162.2,155.,143.6,151.6,155.6,152.,155.