upperleft_x, upperleft_y, upperright_x, upperright_y, lowerright_x, lowerright_y, lowerleft_x, lowerleft_y, crack_dot_x, crack_dot_y, width_m, y_res, x_res, mean_res, width_px, distance
1346.1475767110237,1501.8715875960766,1941.017326076631,1443.8669533134064,1970.0196432179662,1777.0713524705234,1391.9067882006857,1833.7869948802454,1460.867853403416,1443.8669533134064,0.2,0.12994412718318127,0.12983161262949866,0.12988786990633994,1.5397896673816946,146.8676380945554
intensities
115.2,114.8,114.4,109.2,112.4,128.8,132.4,122.6,116.4,115.4,116.4,115.4,115.2,118.6,109.6,61.2,46.6,96.8,125.8,125.4,126.8,128.2,126.,121.6,122.,124.,121.,118.2,117.8,118.,119.,119.8