upperleft_x, upperleft_y, upperright_x, upperright_y, lowerright_x, lowerright_y, lowerleft_x, lowerleft_y, crack_dot_x, crack_dot_y, width_m, y_res, x_res, mean_res, width_px, distance
3131.376712717654,1225.1871384461524,3628.247925415388,1417.6922156170024,3507.715467186793,1676.9670718065704,3016.914234399851,1484.4619946357207,3249.3077509844807,1227.7885584079208,0.2,0.15281172021444342,0.14433005711898853,0.14857088866671597,1.3461587380597366,167.9930198549253
intensities
140.8,143.4,146.,148.2,147.6,146.8,146.8,146.,148.,151.,150.2,148.4,147.6,148.2,146.2,125.,101.4,107.2,129.6,139.6,140.6,141.2,141.4,140.2,139.6,140.6,144.8,147.8,148.,147.2,146.2,146.6