upperleft_x, upperleft_y, upperright_x, upperright_y, lowerright_x, lowerright_y, lowerleft_x, lowerleft_y, crack_dot_x, crack_dot_y, width_m, y_res, x_res, mean_res, width_px, distance
1596.7879450680289,1462.525696579729,2032.139091102325,1415.7001372679006,2056.1846485867773,1660.5851569121921,1629.0596143234782,1707.4107162240205,1650.5740604937778,1422.660693381821,0.15,0.17644796028769355,0.17636428134667226,0.1764061208171829,0.850310631542379,199.46705053000352
intensities
128.4,136.4,134.,133.4,129.4,124.,125.2,127.6,127.8,134.6,144.,144.,141.6,142.,145.,125.4,87.,103.6,144.,146.,144.4,146.8,147.,146.6,148.2,146.6,144.8,146.,144.8,144.4,144.8,143.2