upperleft_x, upperleft_y, upperright_x, upperright_y, lowerright_x, lowerright_y, lowerleft_x, lowerleft_y, crack_dot_x, crack_dot_y, width_m, y_res, x_res, mean_res, width_px, distance
4335.326760942727,3109.92761885518,5759.2174924489545,2470.8923206791924,6117.33458907778,3287.9139602934583,4706.310340085162,3914.082775955836,4566.923446187716,2880.4753473624596,0.2,0.048941261528509736,0.04928401807408085,0.049112639801295294,4.072271431736912,85.82365979342862
intensities
120.4,120.2,119.6,118.6,118.4,117.,115.,115.2,116.6,116.6,114.6,117.4,93.8,37.2,6.,10.4,23.6,76.,119.8,122.8,118.2,116.6,116.4,116.2,117.2,118.8,119.6,119.6,117.,117.,117.