upperleft_x, upperleft_y, upperright_x, upperright_y, lowerright_x, lowerright_y, lowerleft_x, lowerleft_y, crack_dot_x, crack_dot_y, width_m, y_res, x_res, mean_res, width_px, distance
5728.459802738822,2917.7752567332,6253.208394216046,3063.3141572969907,6153.7568121641225,3337.4124200254632,5637.093715162665,3184.596574433483,5848.933670427738,2907.2641139147036,0.2,0.15171213511706028,0.14122818548156368,0.14647016029931198,1.3654658368045731,165.61767091879037
intensities
137.6,140.8,142.,142.,140.4,137.4,136.,141.2,147.8,146.6,141.2,136.6,141.4,144.8,130.8,92.6,72.6,104.4,139.,138.8,132.4,132.,131.4,131.8,131.2,134.8,139.4,141.2,140.,139.4,141.6,141.4