upperleft_x, upperleft_y, upperright_x, upperright_y, lowerright_x, lowerright_y, lowerleft_x, lowerleft_y, crack_dot_x, crack_dot_y, width_m, y_res, x_res, mean_res, width_px, distance
3642.1286101708497,1520.6896971303267,4381.412321738402,2700.0821065541477,3696.524067209265,3105.575513567788,2974.5480010630267,1943.4907495652812,3733.611878826366,1458.8766777684914,0.05,0.05485117927998627,0.05543496813189322,0.055143073705939745,0.9067321902771308,96.36175975981065
intensities
127.,122.8,121.6,121.4,121.2,119.6,117.4,116.6,117.2,119.6,122.2,122.4,122.4,124.6,125.8,128.,131.2,114.8,79.6,83.8,118.6,128.8,127.6,128.4,127.4,126.8,127.2,128.2,128.,129.2,130.6