upperleft_x, upperleft_y, upperright_x, upperright_y, lowerright_x, lowerright_y, lowerleft_x, lowerleft_y, crack_dot_x, crack_dot_y, width_m, y_res, x_res, mean_res, width_px, distance
5356.890318199592,3024.35262022094,5742.252015779368,3195.6244858119517,5640.304476737099,3409.7143178007163,5263.098582280704,3241.161053250832,5421.457092926362,3017.5561176181222,0.15,0.18379698262425764,0.18327124274117662,0.18353411268271713,0.8172867583439983,207.52685881235578
intensities
158.4,159.6,159.4,150.2,143.,144.2,146.6,159.2,161.,148.2,153.,160.4,151.4,150.2,160.,133.2,100.8,138.,170.8,169.,161.6,153.6,147.6,148.2,157.6,164.2,162.4,159.4,151.2,140.4,137.8,141.8