upperleft_x, upperleft_y, upperright_x, upperright_y, lowerright_x, lowerright_y, lowerleft_x, lowerleft_y, crack_dot_x, crack_dot_y, width_m, y_res, x_res, mean_res, width_px, distance
3331.808504001738,2002.835935395818,4043.249991113609,2278.7270686384827,3875.927127896993,2674.6819357923064,3182.3674734952947,2405.177171374704,3449.317690382873,1982.3995551556206,0.15,0.10127408934449098,0.10152420968607032,0.10139914951528065,1.4793023483633392,114.65469104116121
intensities
179.,189.,190.8,189.6,188.6,184.8,177.2,168.2,162.2,175.,182.4,175.6,173.,181.2,173.4,116.6,92.,144.4,174.4,170.2,169.6,181.2,184.,174.,172.8,189.,195.2,195.2,199.,193.4,187.2,186.