upperleft_x, upperleft_y, upperright_x, upperright_y, lowerright_x, lowerright_y, lowerleft_x, lowerleft_y, crack_dot_x, crack_dot_y, width_m, y_res, x_res, mean_res, width_px, distance
1506.1870499400848,3164.7929720218235,2094.6704304806303,3150.0281560225985,2088.3426521952483,3479.0726268624735,1511.8117417493133,3499.4621346709273,1585.6358217454392,3112.7645727864588,0.15,0.13106864679102248,0.13127211648030584,0.13117038163566416,1.1435508392179308,148.3178079114154
intensities
144.6,148.6,151.2,150.8,151.,150.,149.4,144.6,142.6,144.2,144.4,140.8,139.4,142.4,135.8,100.4,83.6,116.6,142.4,141.,139.,143.4,147.4,152.,150.4,145.6,141.2,141.,139.2,141.8,153.8,159.4