upperleft_x, upperleft_y, upperright_x, upperright_y, lowerright_x, lowerright_y, lowerleft_x, lowerleft_y, crack_dot_x, crack_dot_y, width_m, y_res, x_res, mean_res, width_px, distance
1665.0213157679405,1678.5220647296633,2264.4728453364814,1620.9392823326853,2287.3583101352806,1955.3623647151348,1698.9803925661583,2011.4686655121905,1659.1153893682504,1632.012894332104,0.05,0.12987424755256421,0.12822378948980512,0.12904901852118467,0.38744967279074666,145.9191267228704
intensities
142.2,142.8,144.2,147.8,150.8,150.6,152.4,152.6,153.6,158.4,157.2,149.4,148.4,152.4,142.,128.4,134.,148.8,156.,155.6,156.4,156.6,157.8,161.2,161.2,152.2,147.8,154.8,157.,158.2,154.2,150.6