upperleft_x, upperleft_y, upperright_x, upperright_y, lowerright_x, lowerright_y, lowerleft_x, lowerleft_y, crack_dot_x, crack_dot_y, width_m, y_res, x_res, mean_res, width_px, distance
5412.833151390941,3332.5412025565124,5843.122074796931,3271.7945310168434,5875.182818109534,3515.906155537366,5451.643524874618,3574.402950353344,5465.142785216767,3291.4809523491435,0.15,0.17713146658157078,0.17747267399778455,0.17730207028967765,0.8460138099624482,200.48012421403766
intensities
136.6,134.4,137.4,132.4,118.4,118.6,121.2,128.,139.,143.4,141.2,142.,146.8,145.8,114.4,82.6,118.8,147.6,148.4,147.,146.4,147.4,148.6,148.,146.2,146.4,147.,145.6,144.4,145.2,146.6