upperleft_x, upperleft_y, upperright_x, upperright_y, lowerright_x, lowerright_y, lowerleft_x, lowerleft_y, crack_dot_x, crack_dot_y, width_m, y_res, x_res, mean_res, width_px, distance
5231.967084927418,1206.031547403348,5628.976581795472,1356.9607776176497,5533.169331311611,1580.073552717052,5144.690617020887,1433.0816067692106,5270.027499503198,1184.3764839378177,0.1,0.17899039384918675,0.18213299468615396,0.18056169426767035,0.5538273242593573,204.16586696329801
intensities
172.,162.4,167.,167.4,156.6,154.6,156.4,154.4,150.6,150.8,155.,152.8,152.6,157.2,141.2,119.2,144.8,168.4,163.8,161.4,162.4,163.,162.,154.6,145.2,137.2,145.,154.8,155.4,153.,150.8