upperleft_x, upperleft_y, upperright_x, upperright_y, lowerright_x, lowerright_y, lowerleft_x, lowerleft_y, crack_dot_x, crack_dot_y, width_m, y_res, x_res, mean_res, width_px, distance
3395.914757086628,2417.8268688915,3768.22248242582,1910.0343795975136,4059.0190489629404,2125.928800208406,3693.3203364995925,2626.0107744805746,3350.7531691016966,2386.98480880423,0.05,0.11996575296527659,0.12248134181510192,0.12122354739018926,0.4124611189529218,137.0706602508652
intensities
154.6,151.2,150.,150.8,151.4,147.8,147.2,147.2,151.,153.,151.6,155.4,159.,153.8,141.6,128.8,132.,144.4,152.4,153.2,152.6,151.2,144.6,136.4,139.6,143.6,141.6,143.4,140.8,139.8,145.,150.4