upperleft_x, upperleft_y, upperright_x, upperright_y, lowerright_x, lowerright_y, lowerleft_x, lowerleft_y, crack_dot_x, crack_dot_y, width_m, y_res, x_res, mean_res, width_px, distance
1780.3427313974432,919.1675778895135,3020.587275332356,1679.3915483385065,2579.6114374888316,2366.119545813579,1355.4441376419638,1628.863066918936,2088.1071182257365,981.179805086259,0.2,0.052944974157123875,0.05305739511906672,0.0530011846380953,3.7735005616506045,92.61883819384146
intensities
157.6,160.2,160.8,162.6,163.6,162.6,162.8,162.8,161.8,159.4,159.6,160.4,163.2,160.6,141.8,102.6,55.4,29.8,43.4,100.6,142.8,158.4,164.6,169.6,171.,171.2,168.6,164.,162.4,162.4,161.2