upperleft_x, upperleft_y, upperright_x, upperright_y, lowerright_x, lowerright_y, lowerleft_x, lowerleft_y, crack_dot_x, crack_dot_y, width_m, y_res, x_res, mean_res, width_px, distance
3816.1483720728293,2138.129694191258,4162.395025362595,2594.9249777482382,3897.4954773637983,2785.777801700127,3558.5492053180933,2335.2399877809135,3853.6931898994303,2109.9710808213067,0.05,0.1336723946918121,0.13456771130683873,0.13412005299932542,0.3728003298675366,151.6530790699035
intensities
121.,122.8,121.6,106.4,93.2,99.8,108.4,112.,112.4,111.4,114.8,116.4,117.4,118.6,116.6,98.8,82.6,94.8,116.,118.,120.,121.8,123.8,125.2,127.2,124.8,121.,118.,112.6,114.6,120.4