upperleft_x, upperleft_y, upperright_x, upperright_y, lowerright_x, lowerright_y, lowerleft_x, lowerleft_y, crack_dot_x, crack_dot_y, width_m, y_res, x_res, mean_res, width_px, distance
5303.4147326341445,1342.699840259668,5755.546209232639,1368.1632888043634,5730.082760687943,1622.7977742513176,5286.025060457279,1595.4711465448154,5365.520704694377,1312.267913950154,0.15,0.1708359018309468,0.1704303890362772,0.170633145433612,0.8790789129440287,192.9393950994044
intensities
144.8,152.2,144.6,136.,139.6,126.6,123.6,148.4,157.2,146.4,143.8,140.,141.,147.2,147.4,116.8,93.4,123.8,158.6,160.6,153.4,153.6,159.2,162.2,163.,157.,144.,139.,148.,149.4,145.,141.4