upperleft_x, upperleft_y, upperright_x, upperright_y, lowerright_x, lowerright_y, lowerleft_x, lowerleft_y, crack_dot_x, crack_dot_y, width_m, y_res, x_res, mean_res, width_px, distance
1635.1993169764892,3514.4074095323654,2064.082067430172,3529.0550444522314,2045.3330947327433,3771.0339733284213,1621.723492850212,3757.5581492021447,1635.1993169764892,3482.768518105454,0.05,0.1789288851406686,0.17937569726965943,0.17915229120516402,0.2790921604387428,202.5722177714004
intensities
134.2,132.8,134.8,135.,133.4,131.2,132.2,132.4,132.4,127.8,123.4,123.2,122.4,131.2,138.,122.,105.,114.8,129.2,128.8,127.4,130.2,133.8,136.,137.8,136.,132.4,132.,131.2,135.4,139.,138.2