upperleft_x, upperleft_y, upperright_x, upperright_y, lowerright_x, lowerright_y, lowerleft_x, lowerleft_y, crack_dot_x, crack_dot_y, width_m, y_res, x_res, mean_res, width_px, distance
3395.662817766007,2353.7088976986747,3797.9220269893412,2507.919198135026,3702.11477650548,2734.9692575008885,3307.073921770656,2583.383813242177,3488.188998027818,2353.7088976986747,0.2,0.17661255357707867,0.1791753086899588,0.17789393113351873,1.1242654469751951,201.1493568704687
intensities
127.2,126.,121.2,115.4,119.,128.8,132.6,128.,125.4,123.4,125.2,125.4,126.6,128.2,124.4,82.4,64.2,106.2,127.8,126.8,130.4,131.2,125.2,120.2,127.,133.8,135.2,136.4,137.4,138.2,141.,140.6