upperleft_x, upperleft_y, upperright_x, upperright_y, lowerright_x, lowerright_y, lowerleft_x, lowerleft_y, crack_dot_x, crack_dot_y, width_m, y_res, x_res, mean_res, width_px, distance
4896.522769438354,2970.172776368546,5625.904679800076,3166.3807756471374,5506.473723717456,3573.7256437146493,4788.821639399562,3375.3849487917246,4911.451638948682,2918.988080904565,0.05,0.10311223134442175,0.10200947562540155,0.10256085348491165,0.48751544376876516,115.96826033987868
intensities
98.6,98.8,97.6,91.4,86.4,85.6,90.4,105.8,116.,115.6,117.,126.8,144.4,149.,114.,89.8,125.8,155.2,139.,136.4,152.4,153.4,151.,151.2,149.6,152.2,150.4,142.8,143.6,150.6,155.8