upperleft_x, upperleft_y, upperright_x, upperright_y, lowerright_x, lowerright_y, lowerleft_x, lowerleft_y, crack_dot_x, crack_dot_y, width_m, y_res, x_res, mean_res, width_px, distance
3768.338491694385,2049.656807464472,4119.565340856905,2638.444858811351,3772.8851175735117,2822.5832069159733,3433.024833108808,2237.205124978439,3841.084505760409,2061.023372162288,0.1,0.11201834881995582,0.11229569980840584,0.11215702431418083,0.8916071071917363,126.81890363291987
intensities
119.2,118.6,125.6,129.,127.,124.,121.,120.8,119.8,126.6,138.6,137.2,134.8,130.4,128.,132.,126.2,86.2,73.4,112.6,134.2,140.,137.6,133.8,126.,130.2,136.2,136.6,135.4,133.4,129.8