upperleft_x, upperleft_y, upperright_x, upperright_y, lowerright_x, lowerright_y, lowerleft_x, lowerleft_y, crack_dot_x, crack_dot_y, width_m, y_res, x_res, mean_res, width_px, distance
3042.9723769222937,2003.5050393589584,4534.265665275778,2421.7946202385942,4286.474554863385,3267.467033756119,2815.64108296597,2855.9973916951726,3179.371153296088,1917.1191476555553,0.1,0.049333438540440526,0.049737665423042296,0.04953555198174141,2.018752108321304,86.56269298822234
intensities
122.,116.8,111.8,108.6,111.2,113.6,116.6,120.,120.6,120.,119.,118.6,94.8,47.8,42.2,87.8,121.4,123.6,120.2,117.,116.4,115.4,115.4,114.,112.4,111.4,111.2,110.6,110.8,112.,113.8,114.6