upperleft_x, upperleft_y, upperright_x, upperright_y, lowerright_x, lowerright_y, lowerleft_x, lowerleft_y, crack_dot_x, crack_dot_y, width_m, y_res, x_res, mean_res, width_px, distance
5749.814296735796,1248.037448921144,6141.081920715263,1439.9800569110707,6018.533947921695,1656.2846112997192,5639.8164175415695,1469.5096889095212,5819.208931932155,1241.3932817214927,0.15,0.17544279076248886,0.1783306388578624,0.17688671481017562,0.8480003722211198,200.01047082540268
intensities
132.4,132.2,132.8,132.8,132.4,131.6,131.6,130.,130.4,124.4,122.2,127.8,135.,134.6,103.8,77.6,105.2,130.4,126.8,126.2,127.,128.2,133.2,134.4,130.8,129.,129.,129.6,124.4,121.2,130.4