upperleft_x, upperleft_y, upperright_x, upperright_y, lowerright_x, lowerright_y, lowerleft_x, lowerleft_y, crack_dot_x, crack_dot_y, width_m, y_res, x_res, mean_res, width_px, distance
3538.058921781391,1961.1393919275301,3989.7216740624503,2292.152504900635,3801.0132638628293,2537.5765575099776,3354.5064790735632,2209.6570250319483,3624.679175643512,1971.4513269111158,0.15,0.14065384297896627,0.13734730517037963,0.13900057407467295,1.0791322337950777,157.1716128908358
intensities
154.8,151.6,147.6,149.2,149.4,145.8,145.,149.,156.,156.2,153.6,149.6,148.4,154.2,115.8,93.8,139.4,167.,163.2,159.2,159.4,162.2,167.2,166.6,165.6,162.2,158.2,155.2,155.6,157.6,163.2