upperleft_x, upperleft_y, upperright_x, upperright_y, lowerright_x, lowerright_y, lowerleft_x, lowerleft_y, crack_dot_x, crack_dot_y, width_m, y_res, x_res, mean_res, width_px, distance
3415.435367191636,2248.412323408327,4188.26802177965,2204.5397272963437,4197.5487632648765,2638.203465787871,3445.8087029614703,2682.0760618998547,3510.7738933580613,2182.6034292403524,0.15,0.10017408855723413,0.10020017803226254,0.10018713329474833,1.497198243597841,113.28423235421664
intensities
156.,143.,149.2,158.6,151.,139.,145.2,163.,165.2,146.4,125.6,126.2,146.6,158.4,154.2,155.2,117.4,44.,61.,151.2,157.6,124.8,148.,167.8,153.,151.2,153.6,154.2,156.2,157.4,164.4,170.8