upperleft_x, upperleft_y, upperright_x, upperright_y, lowerright_x, lowerright_y, lowerleft_x, lowerleft_y, crack_dot_x, crack_dot_y, width_m, y_res, x_res, mean_res, width_px, distance
3361.8508032223845,2214.0056148869585,3901.539982317872,2392.1208555125318,3789.3273807237606,2694.0261883728786,3259.43453986268,2519.4732525598165,3413.5042230038007,2186.3977525899945,0.1,0.13503780983677427,0.13585559837615874,0.1354467041064665,0.7382977729852771,153.15315844468913
intensities
154.4,150.,150.6,150.2,149.8,149.8,146.2,141.6,137.6,134.6,134.,134.,134.6,144.6,130.8,110.,125.,140.4,139.2,138.8,136.8,133.2,134.,135.8,132.8,134.8,141.6,146.4,143.,137.6,138.4