upperleft_x, upperleft_y, upperright_x, upperright_y, lowerright_x, lowerright_y, lowerleft_x, lowerleft_y, crack_dot_x, crack_dot_y, width_m, y_res, x_res, mean_res, width_px, distance
3269.372081297714,2811.7041155082907,4354.820419399481,1159.3337154680207,5274.340349129003,1809.2199815926456,4209.633062073766,3420.1082795398543,3279.7426068209793,2507.5020334925084,0.15,0.038737048673685985,0.03915340391193027,0.038945226292808124,3.851563189599439,68.05624510218045
intensities
132.6,132.4,132.6,133.4,133.2,131.6,130.2,129.2,127.,126.,126.2,126.,125.8,120.8,97.4,62.,29.2,24.4,46.2,78.4,110.8,124.4,127.2,128.2,129.,127.6,127.8,127.8,127.4,127.,124.8,123.8