upperleft_x, upperleft_y, upperright_x, upperright_y, lowerright_x, lowerright_y, lowerleft_x, lowerleft_y, crack_dot_x, crack_dot_y, width_m, y_res, x_res, mean_res, width_px, distance
1808.7380505476997,2846.6287644004256,2271.615032123408,2897.391607978714,2237.5504923537674,3156.549283088923,1782.6886966062095,3109.126100272364,1840.7987938603028,2813.2321567831304,0.1,0.16566297951131387,0.16577121957089336,0.1657170995411036,0.6034380294907136,187.38069243134328
intensities
150.8,151.6,152.4,153.4,150.4,147.2,147.6,148.2,147.,149.2,151.8,154.,155.,151.2,148.2,149.6,131.4,113.,132.8,151.6,149.6,150.8,152.2,153.,152.8,152.6,151.2,143.,137.,139.8,142.4,142.8