upperleft_x, upperleft_y, upperright_x, upperright_y, lowerright_x, lowerright_y, lowerleft_x, lowerleft_y, crack_dot_x, crack_dot_y, width_m, y_res, x_res, mean_res, width_px, distance
5263.958691403198,1493.2833862898606,5744.237063263708,1435.0678260643444,5772.079287719389,1703.36562536455,5300.027027629877,1759.6828521044515,5288.004248887651,1452.1528274348764,0.1,0.16153975978074847,0.1595120932499034,0.16052592651532593,0.6229523303231187,181.51089626187883
intensities
146.6,146.6,148.2,151.8,152.8,151.2,150.2,152.6,154.6,155.2,155.6,156.,155.,138.6,113.6,116.,142.4,151.8,148.4,147.,148.4,149.8,148.6,147.4,146.8,146.,146.8,147.6,146.2,145.8,146.2