upperleft_x, upperleft_y, upperright_x, upperright_y, lowerright_x, lowerright_y, lowerleft_x, lowerleft_y, crack_dot_x, crack_dot_y, width_m, y_res, x_res, mean_res, width_px, distance
1701.5577904066577,3366.6690201090073,2174.4537542675553,3110.1830736081815,2317.8365229711417,3375.574782140286,1852.9557449383951,3631.1701524379837,1677.5122329222054,3328.374243374509,0.05,0.1434702406844053,0.1431937432046851,0.1433319919445452,0.34884047393512035,162.0692612440454
intensities
126.6,128.8,130.4,130.8,132.,132.2,131.8,131.4,131.2,129.8,129.,127.6,125.4,124.4,120.,112.4,114.,119.4,123.,123.8,124.8,125.4,126.6,127.8,128.6,128.6,128.6,128.2,128.8,130.4,132.6