upperleft_x, upperleft_y, upperright_x, upperright_y, lowerright_x, lowerright_y, lowerleft_x, lowerleft_y, crack_dot_x, crack_dot_y, width_m, y_res, x_res, mean_res, width_px, distance
3539.36783443783,2250.687979969478,4000.897233600911,2273.2687739619437,3983.273199265328,2524.4112632440024,3528.3528129780907,2501.2797181785495,3634.6477700645755,2221.4981731011685,0.2,0.1731025948939015,0.16674196700465516,0.16992228094927833,1.1770086823381323,192.13560188996402
intensities
166.6,168.,169.,168.4,167.8,167.4,166.,165.6,165.8,165.4,166.,167.,166.4,171.6,160.6,113.8,104.,151.2,172.8,163.6,161.8,164.8,163.6,159.4,159.,160.8,161.4,162.4,162.6,162.,162.6,165.