upperleft_x, upperleft_y, upperright_x, upperright_y, lowerright_x, lowerright_y, lowerleft_x, lowerleft_y, crack_dot_x, crack_dot_y, width_m, y_res, x_res, mean_res, width_px, distance
3544.1658137321815,2292.675132514576,4125.946436533396,2218.5932541438606,4157.889998766641,2547.5439801202483,3584.2651790888076,2619.5869077101183,3537.3693111293637,2248.4978655962595,0.05,0.13184654492740905,0.13137510701330007,0.13161082597035456,0.3799079568975773,148.81582992990525
intensities
149.6,152.2,152.6,155.4,160.,162.6,162.,161.6,162.2,164.6,165.2,162.6,161.,160.6,152.8,135.8,142.6,161.2,166.4,166.8,165.8,164.8,166.8,175.2,173.6,161.4,158.2,163.2,168.6,164.8,159.,156.6