upperleft_x, upperleft_y, upperright_x, upperright_y, lowerright_x, lowerright_y, lowerleft_x, lowerleft_y, crack_dot_x, crack_dot_y, width_m, y_res, x_res, mean_res, width_px, distance
3549.2538161979464,2293.041909292969,4051.83174746046,2528.54072448061,3908.3669520013227,2803.740489355057,3416.6165524715734,2569.1439684784796,3637.6786586821945,2286.7258491155226,0.15,0.14108899769047012,0.1391120516180731,0.1401005246542716,1.070659802096798,158.41535600374453
intensities
166.8,162.,156.4,156.6,159.8,152.4,146.4,142.,139.6,148.6,156.2,149.,152.8,158.6,122.6,102.4,150.8,176.4,169.6,161.2,165.,164.8,162.4,160.4,159.8,154.2,144.6,127.6,118.,129.,135.6