upperleft_x, upperleft_y, upperright_x, upperright_y, lowerright_x, lowerright_y, lowerleft_x, lowerleft_y, crack_dot_x, crack_dot_y, width_m, y_res, x_res, mean_res, width_px, distance
5089.539927926002,1265.4306365303894,5649.829540772789,1482.0515798333072,5512.727677922841,1793.7298147121887,4967.062263780049,1582.5929459232689,5108.734188724995,1220.6440279994063,0.05,0.1278492596920748,0.12903847731924584,0.1284438685056603,0.3892751018924394,145.23486764974035
intensities
164.2,162.,159.8,161.8,165.,165.8,166.2,165.6,163.4,161.,162.2,166.6,167.6,165.,160.4,138.,140.6,159.,163.,160.8,162.8,163.,160.2,159.2,159.4,160.,160.,162.,163.,164.4,162.8,162.4