upperleft_x, upperleft_y, upperright_x, upperright_y, lowerright_x, lowerright_y, lowerleft_x, lowerleft_y, crack_dot_x, crack_dot_y, width_m, y_res, x_res, mean_res, width_px, distance
1961.666975881261,2962.141185189284,2270.1110129698363,3445.466265113126,1986.6499820005847,3616.50376854542,1682.0494843149822,3140.8657674275237,2022.2027214780842,2970.789148845973,0.1,0.13123755518030664,0.13442710884197437,0.1328323320111405,0.7528287615368607,150.1970190067438
intensities
118.,117.,116.,118.8,118.2,116.2,112.8,105.6,102.8,102.2,100.2,100.,103.2,93.6,62.2,64.6,99.4,114.6,112.4,112.,113.4,113.6,112.2,105.4,98.,93.4,93.8,89.4,85.4,91.,95.8