upperleft_x, upperleft_y, upperright_x, upperright_y, lowerright_x, lowerright_y, lowerleft_x, lowerleft_y, crack_dot_x, crack_dot_y, width_m, y_res, x_res, mean_res, width_px, distance
3387.0552815816964,2678.1083105527614,3824.9258208222095,2602.526514366252,3863.724476197951,2846.4037767280565,3431.396602011115,2919.4661797083495,3467.67586418064,2626.712689145935,0.2,0.1767083924708726,0.17331157105176614,0.17500998176131938,1.1427919595624112,197.88839930003033
intensities
130.8,123.2,118.2,118.6,121.2,119.2,118.4,118.6,116.8,114.4,117.,122.,117.4,125.,129.2,83.8,52.,106.4,129.4,120.,127.6,134.8,126.2,120.6,121.4,121.8,118.,116.,113.8,105.4,103.8,116.4