upperleft_x, upperleft_y, upperright_x, upperright_y, lowerright_x, lowerright_y, lowerleft_x, lowerleft_y, crack_dot_x, crack_dot_y, width_m, y_res, x_res, mean_res, width_px, distance
3549.354006020798,2323.095340716154,4097.058370944436,2535.9430532637143,3966.1436690846394,2842.3012671397005,3430.907371004792,2633.0158594046516,3566.2749538802273,2281.2382591691444,0.05,0.13083919414007456,0.1316414061529647,0.13124030014651963,0.3809805368029399,148.39686661455553
intensities
152.4,155.6,155.8,153.2,155.6,159.8,160.8,160.8,160.4,156.6,153.2,152.8,156.6,159.6,158.4,140.8,120.2,139.2,153.4,149.6,150.,153.,153.2,154.2,154.2,157.6,155.,155.8,159.2,160.4,158.4,155.