upperleft_x, upperleft_y, upperright_x, upperright_y, lowerright_x, lowerright_y, lowerleft_x, lowerleft_y, crack_dot_x, crack_dot_y, width_m, y_res, x_res, mean_res, width_px, distance
3320.7061826378767,2706.8083005093504,3667.3278153815913,2202.414062516773,3956.5775916711736,2403.215560106235,3618.3226879936865,2898.047822023124,3278.872537306739,2678.1223722822847,0.05,0.12325103786833407,0.12630431671873882,0.12477767729353643,0.4007127002562824,141.08940861252688
intensities
155.4,151.6,149.6,149.6,147.,145.6,148.2,149.4,151.6,153.4,156.,154.8,148.2,140.6,127.6,134.4,155.8,154.8,147.,146.8,144.2,142.,141.,141.,141.6,143.4,143.2,142.8,145.2,149.6,156.4,154.