upperleft_x, upperleft_y, upperright_x, upperright_y, lowerright_x, lowerright_y, lowerleft_x, lowerleft_y, crack_dot_x, crack_dot_y, width_m, y_res, x_res, mean_res, width_px, distance
5628.585196990413,2717.07570668278,6174.414664644309,2965.089461145955,6023.016710112572,3263.9012135112257,5490.1357517278375,3019.8716157462545,5758.070289682031,2725.0440200791872,0.2,0.13025550925671386,0.1290519897164047,0.12965374948655928,1.5425701207409606,146.60291196495078
intensities
136.6,136.8,136.,134.4,133.4,133.2,133.4,134.,132.4,129.8,114.8,108.8,121.6,101.4,46.2,60.2,115.2,128.2,125.4,129.4,131.4,126.6,124.6,122.6,119.4,118.2,117.2,114.8,118.6,127.2,129.6