upperleft_x, upperleft_y, upperright_x, upperright_y, lowerright_x, lowerright_y, lowerleft_x, lowerleft_y, crack_dot_x, crack_dot_y, width_m, y_res, x_res, mean_res, width_px, distance
3186.7242660258603,2705.73726544401,3841.907116937509,2261.2459952197178,4093.377713241772,2630.975736813013,3446.3506654535054,3068.6705044344876,3188.0835665464238,2617.382731607377,0.1,0.09738311929978213,0.0972728777218895,0.09732799851083582,1.0274535748196518,110.05133329281844
intensities
119.2,119.2,120.6,121.6,126.2,126.4,122.,120.2,118.8,122.2,127.4,130.4,131.8,133.6,122.,80.2,58.2,95.,115.6,115.6,120.6,123.8,126.6,127.2,127.2,129.4,132.2,134.4,134.,132.4,131.6,132.2