upperleft_x, upperleft_y, upperright_x, upperright_y, lowerright_x, lowerright_y, lowerleft_x, lowerleft_y, crack_dot_x, crack_dot_y, width_m, y_res, x_res, mean_res, width_px, distance
1979.16386874574,2304.586589231411,3252.8167384058834,3459.6287703644457,2575.0413753938337,4179.765093564749,1307.0366337587907,3036.0191684819147,2157.0799015364037,2281.9940771310094,0.1,0.04388910069302937,0.044644716583831574,0.04426690863843047,2.2590237962355624,77.35581150722923
intensities
107.4,106.6,107.,108.4,107.,103.,104.,108.6,110.4,111.,112.,111.4,113.4,114.2,115.4,114.,113.2,114.8,111.6,77.6,39.,40.2,75.8,101.2,104.8,108.2,112.4,113.8,111.8,107.8,104.,103.8,106.6