upperleft_x, upperleft_y, upperright_x, upperright_y, lowerright_x, lowerright_y, lowerleft_x, lowerleft_y, crack_dot_x, crack_dot_y, width_m, y_res, x_res, mean_res, width_px, distance
2039.4933756428916,933.2972724386134,3018.1897504486733,1815.2489481256628,2502.9679807233306,2355.2193618116116,1537.7708662596976,1491.2666999140936,2178.9857325117614,922.0478888201562,0.1,0.058127957763062545,0.0585579601971008,0.05834295898008167,1.7140028848063753,101.95351508506026
intensities
107.,107.,107.6,107.8,111.8,115.,115.2,115.6,114.8,113.8,113.,110.8,109.4,86.6,50.,56.,93.,111.,108.6,106.6,106.4,105.,104.6,105.4,107.,107.8,108.2,108.8,108.4,106.4,104.4,103.6