upperleft_x, upperleft_y, upperright_x, upperright_y, lowerright_x, lowerright_y, lowerleft_x, lowerleft_y, crack_dot_x, crack_dot_y, width_m, y_res, x_res, mean_res, width_px, distance
1562.6782905828345,1204.3816378059737,2130.5612373720805,1427.306923178402,1999.8808976710018,1739.59449966995,1444.4894539414179,1523.3954082527243,1580.9351027469559,1158.259164970299,0.05,0.12818117107629343,0.1268670728179951,0.12752412194714427,0.39208268393899487,144.19488597329706
intensities
139.2,139.,137.6,135.6,136.8,141.4,142.2,141.4,141.8,140.2,140.4,143.2,144.6,146.,144.2,141.,133.4,111.8,114.,132.2,139.4,142.,142.4,140.,139.4,138.2,136.2,136.,139.,141.,140.4,141.