upperleft_x, upperleft_y, upperright_x, upperright_y, lowerright_x, lowerright_y, lowerleft_x, lowerleft_y, crack_dot_x, crack_dot_y, width_m, y_res, x_res, mean_res, width_px, distance
5239.92895336446,1401.9184705244963,5710.856275092127,1430.6043987515623,5685.756087893445,1695.9492348519234,5224.988365746196,1667.2633066248573,5272.200622619909,1363.6705662217414,0.1,0.16344369666557673,0.16391403257150555,0.16367886461854114,0.6109524295213876,185.07600648049623
intensities
152.,155.,155.,153.4,150.,147.,152.,159.8,157.2,153.8,154.,154.8,156.4,158.2,130.6,107.6,131.4,154.4,151.2,151.,153.2,154.4,153.,151.,150.6,141.4,130.,132.6,134.6,136.6,132.6,131.2