upperleft_x, upperleft_y, upperright_x, upperright_y, lowerright_x, lowerright_y, lowerleft_x, lowerleft_y, crack_dot_x, crack_dot_y, width_m, y_res, x_res, mean_res, width_px, distance
1808.83120950579,700.6857990463759,2764.7475824841954,2188.6980171778105,1910.9193658432896,2702.2323793603846,964.283734350111,1245.1559661797073,1929.4808488137442,629.5334476596336,0.05,0.04347456907386387,0.04363806731746646,0.04355631819566517,1.147939083725771,76.11406452195025
intensities
110.8,111.4,112.8,113.8,115.,116.4,117.4,118.2,118.8,120.,119.4,120.8,119.4,105.,71.4,66.8,100.,113.4,115.2,118.4,119.8,120.4,120.8,120.6,120.4,121.2,121.8,122.6,122.,123.6,124.,124.8