upperleft_x, upperleft_y, upperright_x, upperright_y, lowerright_x, lowerright_y, lowerleft_x, lowerleft_y, crack_dot_x, crack_dot_y, width_m, y_res, x_res, mean_res, width_px, distance
3714.268212151191,1958.0434678108672,4028.2666324013794,2435.157950528686,3750.969326206408,2604.390865338852,3445.1267090796014,2135.432185744415,3777.4756863573975,1963.1408447629806,0.1,0.1344271256207124,0.13527778405890478,0.1348524548398086,0.7415512021549043,152.48122513562492
intensities
126.4,125.,123.2,122.8,125.8,124.8,116.2,112.,107.,104.8,102.6,103.6,106.2,111.2,98.4,65.4,74.,105.4,113.6,116.4,116.2,116.2,119.,118.2,113.8,107.8,105.2,104.,104.8,105.,106.6