upperleft_x, upperleft_y, upperright_x, upperright_y, lowerright_x, lowerright_y, lowerleft_x, lowerleft_y, crack_dot_x, crack_dot_y, width_m, y_res, x_res, mean_res, width_px, distance
3425.935963712989,1637.5508721426074,4390.101884678264,2505.300201011354,3879.5322038034706,3039.974029910279,2935.0878584943043,2180.98984577758,3572.7521380417925,1615.6380103024874,0.1,0.059121004231810756,0.05944585313715352,0.05928342868448214,1.686812018451553,103.59697290534959
intensities
119.,118.,108.2,104.2,105.,104.,103.4,108.,114.6,113.8,114.6,112.4,111.2,117.,90.6,47.4,45.,84.2,113.8,110.2,103.8,109.6,112.8,114.2,113.4,108.2,108.,107.2,104.6,105.,107.2