upperleft_x, upperleft_y, upperright_x, upperright_y, lowerright_x, lowerright_y, lowerleft_x, lowerleft_y, crack_dot_x, crack_dot_y, width_m, y_res, x_res, mean_res, width_px, distance
5388.419645317302,1311.389055854962,5864.9247864224535,1311.9983974676284,5853.956637394458,1570.3592412381968,5384.154254028636,1566.093849949532,5484.086278505932,1276.0472423203087,0.2,0.1694898284248374,0.16167828319034727,0.16558405580759233,1.2078457616257376,187.23025637508823
intensities
160.2,159.4,159.6,158.8,159.6,157.6,156.,157.4,157.2,157.8,159.,156.8,160.2,159.2,100.4,81.,154.2,166.8,150.4,158.2,155.4,149.8,149.2,150.2,151.4,153.8,152.8,152.2,151.,152.6,155.4