upperleft_x, upperleft_y, upperright_x, upperright_y, lowerright_x, lowerright_y, lowerleft_x, lowerleft_y, crack_dot_x, crack_dot_y, width_m, y_res, x_res, mean_res, width_px, distance
1302.8515115094858,1143.7650372643936,1900.9437405574636,1174.3492989770743,1879.194932228446,1506.698276254871,1295.3753586463863,1480.1919161038809,1302.8515115094858,1098.2284698255135,0.05,0.12993763108995887,0.12930896639833472,0.1296232987441468,0.385733124248682,146.56848050788267
intensities
99.,106.4,113.8,119.,119.2,120.4,120.2,114.4,107.6,112.,115.,116.6,118.4,118.6,115.2,106.8,90.4,91.2,112.2,116.4,109.2,109.,110.2,109.6,108.8,111.2,112.6,110.4,107.2,106.6,106.6,108.8