upperleft_x, upperleft_y, upperright_x, upperright_y, lowerright_x, lowerright_y, lowerleft_x, lowerleft_y, crack_dot_x, crack_dot_y, width_m, y_res, x_res, mean_res, width_px, distance
5677.886206603698,1111.4500110095819,5418.119189880823,1599.1107908697038,5272.299054726571,1277.9877609944929,5717.727773585734,1201.4919523889835,5689.838676698309,1273.2067729566484,0.05,0.28256640465285865,0.15375937476007556,0.21816288970646713,0.22918654986314946,246.6825297402761
intensities
146.2,146.6,147.,147.8,146.4,145.4,149.,148.8,148.4,147.,146.8,148.6,150.,151.8,153.,152.2,154.4,154.2,150.8,150.,151.4,150.8,154.2,155.2,155.,152.2,146.,142.8,147.8,154.4,156.4