upperleft_x, upperleft_y, upperright_x, upperright_y, lowerright_x, lowerright_y, lowerleft_x, lowerleft_y, crack_dot_x, crack_dot_y, width_m, y_res, x_res, mean_res, width_px, distance
3867.7924173678966,2621.5754706268394,3911.1025442989567,3143.265635932795,3603.010050448459,3148.18724126587,3564.6215288504736,2633.3873234262196,3914.055507498802,2617.638186360379,0.05,0.14227400523019568,0.14715629238929406,0.14471514880974487,0.34550633027185257,163.63323316884967
intensities
146.8,147.,143.6,142.,143.6,145.2,146.6,146.,146.8,146.6,145.6,144.6,144.,143.6,144.6,139.6,128.8,133.8,145.,148.4,147.2,146.,144.8,142.6,137.4,133.4,132.6,138.8,144.8,143.2,142.6,144.