upperleft_x, upperleft_y, upperright_x, upperright_y, lowerright_x, lowerright_y, lowerleft_x, lowerleft_y, crack_dot_x, crack_dot_y, width_m, y_res, x_res, mean_res, width_px, distance
1790.9733989168858,3214.1859687824053,1802.785251716266,3745.7193447545114,1484.8495471996175,3734.891813021746,1479.9279418665424,3209.2643634493306,1837.236489047791,3213.2016477157904,0.05,0.13828714085455002,0.14470545548998212,0.14149629817226608,0.3533661349862807,159.9935939104143
intensities
137.,139.,139.4,137.6,136.8,136.4,135.8,134.2,133.4,133.6,133.,131.2,130.6,129.4,129.6,128.4,124.2,125.,131.6,136.,135.2,134.4,131.6,127.6,124.6,125.,126.8,128.4,129.2,131.4,134.2,133.6