upperleft_x, upperleft_y, upperright_x, upperright_y, lowerright_x, lowerright_y, lowerleft_x, lowerleft_y, crack_dot_x, crack_dot_y, width_m, y_res, x_res, mean_res, width_px, distance
1888.4323167143107,2838.392106332286,2465.5256963411684,3390.1743728176148,2139.8560405868307,3710.7818059436468,1567.8248835882787,3167.436577172161,2052.110848362864,2899.1387778719554,0.2,0.09493602595170333,0.09638447568449313,0.09566025081809823,2.0907325486769626,108.1655670180567
intensities
129.4,133.4,129.2,123.,127.8,133.,131.4,129.8,125.8,123.4,124.,118.8,115.2,116.8,96.8,57.8,56.2,101.4,125.8,122.,128.,131.8,131.8,132.,135.6,138.6,135.6,126.,123.2,124.,125.