upperleft_x, upperleft_y, upperright_x, upperright_y, lowerright_x, lowerright_y, lowerleft_x, lowerleft_y, crack_dot_x, crack_dot_y, width_m, y_res, x_res, mean_res, width_px, distance
5326.937662504656,3056.907867688438,6129.15933179589,3023.276897912425,6147.205218017165,3461.2997725561045,5352.365956725544,3490.829404554555,5376.153715835407,2997.8486036915374,0.1,0.099651279205688,0.09572505486703523,0.09768816703636163,1.0236654349628431,110.45858533797184
intensities
110.2,110.,109.6,112.8,111.6,110.8,111.6,112.,112.6,112.4,111.,106.2,101.,100.8,106.4,82.8,39.8,49.2,90.,98.4,100.,106.,110.,107.,102.,97.4,89.2,81.,84.2,83.,79.8,82.