upperleft_x, upperleft_y, upperright_x, upperright_y, lowerright_x, lowerright_y, lowerleft_x, lowerleft_y, crack_dot_x, crack_dot_y, width_m, y_res, x_res, mean_res, width_px, distance
1849.9629401715674,1364.4006043461477,2515.8561417366222,1470.8713330516716,2445.477185473649,1840.812000587813,1794.9229871966782,1743.364214992927,1904.1005988353932,1317.4813001708324,0.1,0.11455475777278046,0.11485914933214984,0.11470695355246514,0.8717867304728095,129.70217583381987
intensities
123.4,122.6,138.6,144.,146.8,151.4,152.8,156.6,159.2,160.4,164.2,164.2,150.6,134.6,118.4,99.2,93.4,106.2,126.8,131.4,128.2,126.,111.4,124.6,150.,140.6,126.6,125.2,129.6,134.6,142.2