upperleft_x, upperleft_y, upperright_x, upperright_y, lowerright_x, lowerright_y, lowerleft_x, lowerleft_y, crack_dot_x, crack_dot_y, width_m, y_res, x_res, mean_res, width_px, distance
1855.377877848744,1311.771066173672,2266.683466398588,1170.6616104096483,2346.413472794404,1402.2582956546373,1943.3339960155567,1543.3677514186606,1897.7739923608049,1261.148839890614,0.15,0.1765934634116763,0.17751802631194852,0.1770557448618124,0.8471908105386317,200.20159756009153
intensities
154.6,141.,131.4,134.4,133.8,134.4,133.,134.2,134.2,134.6,136.4,136.4,132.4,139.8,141.,103.2,100.2,140.,146.4,145.,147.,147.2,147.2,144.2,142.2,139.6,133.2,131.6,137.4,140.4,136.