upperleft_x, upperleft_y, upperright_x, upperright_y, lowerright_x, lowerright_y, lowerleft_x, lowerleft_y, crack_dot_x, crack_dot_y, width_m, y_res, x_res, mean_res, width_px, distance
1293.3592581760163,3093.1812708039943,3140.4611758949545,2328.4575469076185,3540.4705083945973,3381.42328981109,1722.7810415947501,4143.205768615557,1602.1899928264756,2801.99800670499,0.2,0.038482004488570365,0.03853909307244725,0.03851054878050881,5.193382237679906,67.2966521524558
intensities
117.2,117.2,117.6,119.,120.,120.4,118.2,118.,117.,113.,104.8,91.8,75.8,62.6,50.2,35.4,31.8,40.,55.,73.2,88.6,101.2,110.6,115.6,118.,120.,120.6,120.,119.6,121.2,123.,122.4