upperleft_x, upperleft_y, upperright_x, upperright_y, lowerright_x, lowerright_y, lowerleft_x, lowerleft_y, crack_dot_x, crack_dot_y, width_m, y_res, x_res, mean_res, width_px, distance
5278.275875679272,3082.943159900405,5981.93653912171,3375.0287183104733,5806.926597099148,3764.878451229697,5118.956480182871,3477.6207532892163,5392.937561831985,3070.8735087264354,0.15,0.10199920685552259,0.10150350327667974,0.10175135506610117,1.4741818416330166,115.05293914092681
intensities
163.8,180.,182.,172.2,158.8,156.8,161.2,167.6,171.6,157.,154.4,174.8,182.8,170.8,162.6,101.4,65.6,131.8,172.2,170.2,160.4,157.6,164.8,174.4,170.2,163.6,169.4,167.2,153.8,150.2,162.8