upperleft_x, upperleft_y, upperright_x, upperright_y, lowerright_x, lowerright_y, lowerleft_x, lowerleft_y, crack_dot_x, crack_dot_y, width_m, y_res, x_res, mean_res, width_px, distance
3424.054035578485,2443.596160053322,3768.8593615921363,2216.08909447796,3896.4695570140107,2411.3713632296167,3557.464694428627,2635.655949122608,3428.5655071338037,2402.992916055453,0.1,0.1862443505467191,0.1866831659872697,0.1864637582669944,0.5362972457994312,210.83948629425385
intensities
140.4,143.4,140.6,136.6,129.6,126.8,135.8,141.8,138.2,135.6,135.4,136.8,136.2,131.,116.8,99.4,122.8,145.6,137.8,135.8,130.8,122.8,130.6,139.6,143.6,142.2,136.6,136.8,140.,148.6,146.8,142.2