upperleft_x, upperleft_y, upperright_x, upperright_y, lowerright_x, lowerright_y, lowerleft_x, lowerleft_y, crack_dot_x, crack_dot_y, width_m, y_res, x_res, mean_res, width_px, distance
3658.557397496972,2491.9755404774496,4152.124103756784,2670.2079621823823,4037.1108743659943,2930.7015015972834,3548.8759072170137,2747.899017797353,3772.8089498719282,2493.498894509116,0.2,0.15449645147857155,0.14625642780873885,0.15037643964365519,1.3299955795863836,170.03460393536017
intensities
120.6,116.6,114.2,117.8,118.4,122.,126.4,123.2,120.8,125.8,127.6,121.6,119.8,125.2,135.,121.6,67.6,66.6,112.2,119.8,118.2,123.2,125.8,131.8,129.4,124.2,124.2,132.4,132.8,129.4,126.8