upperleft_x, upperleft_y, upperright_x, upperright_y, lowerright_x, lowerright_y, lowerleft_x, lowerleft_y, crack_dot_x, crack_dot_y, width_m, y_res, x_res, mean_res, width_px, distance
3452.642703509683,2232.267114294254,4028.986124228644,2202.4562477053423,4037.059900596474,2528.5126010215645,3473.7587340101622,2558.9445273310785,3566.296632379909,2181.9612769254654,0.2,0.13312660577452418,0.13407251460286781,0.13359956018869598,1.4970109161850538,151.06454412974733
intensities
96.2,100.4,89.,91.,100.6,105.8,105.,97.2,90.8,95.4,101.4,101.6,109.,116.6,86.8,54.8,80.,116.8,121.8,119.,118.8,123.8,130.,134.8,132.6,127.8,127.8,138.6,140.8,118.4,118.,137.