upperleft_x, upperleft_y, upperright_x, upperright_y, lowerright_x, lowerright_y, lowerleft_x, lowerleft_y, crack_dot_x, crack_dot_y, width_m, y_res, x_res, mean_res, width_px, distance
3531.031572452235,2770.0438981746033,3996.615436961136,2475.731899256715,4162.965697219072,2747.4045136424584,3706.2407223097075,3039.747870427116,3568.4357729836056,2692.2825339120177,0.15,0.1359033837988049,0.13997262147484707,0.13793800263682598,1.0874450632356318,155.97013535874717
intensities
124.2,125.,126.,130.2,135.6,137.,139.,142.,140.8,140.6,136.8,133.2,132.8,115.8,87.6,82.,112.8,138.8,133.,123.,121.,117.8,119.4,128.,134.8,133.,130.4,128.8,130.8,133.8,134.8,136.6