upperleft_x, upperleft_y, upperright_x, upperright_y, lowerright_x, lowerright_y, lowerleft_x, lowerleft_y, crack_dot_x, crack_dot_y, width_m, y_res, x_res, mean_res, width_px, distance
1711.1080483744101,2713.9458000531026,2255.4375982125107,2940.339645374555,2114.679685686564,3241.541891758748,1581.177667581229,3021.053972836986,1840.0541081009765,2715.9144421863325,0.2,0.13064434636588196,0.13113317295697002,0.130888759661426,1.5280150909623271,147.99937052213713
intensities
131.6,131.4,132.2,131.8,129.6,128.8,129.8,129.8,129.6,126.,121.2,110.2,113.8,112.6,61.2,37.8,85.,119.8,121.8,119.,123.,125.2,118.8,113.,113.4,114.6,112.4,108.,107.2,111.,115.2