upperleft_x, upperleft_y, upperright_x, upperright_y, lowerright_x, lowerright_y, lowerleft_x, lowerleft_y, crack_dot_x, crack_dot_y, width_m, y_res, x_res, mean_res, width_px, distance
1662.5898083712423,3722.058141210356,2044.6001270813533,3226.3821755220833,2327.006528336374,3439.6517399553354,1955.5425067685667,3930.6404624692514,1619.2328090084384,3692.7628713706235,0.05,0.12194018173753603,0.12324207827380083,0.12259113000566843,0.4078598508528968,138.61702196100356
intensities
144.4,141.4,139.,138.,137.4,136.,133.4,133.2,135.,138.,138.6,139.8,140.,138.8,128.2,119.2,120.8,130.2,137.4,137.4,138.,133.6,129.4,129.8,129.8,130.6,131.,129.8,130.6,130.8,130.6