upperleft_x, upperleft_y, upperright_x, upperright_y, lowerright_x, lowerright_y, lowerleft_x, lowerleft_y, crack_dot_x, crack_dot_y, width_m, y_res, x_res, mean_res, width_px, distance
3463.440939972609,2212.8197423638458,4210.001596568351,2567.2339168849294,3993.040828135292,2975.5513879111204,3265.346325316338,2631.9178726910586,3588.7661043469843,2200.6915006501968,0.15,0.09395908334415634,0.093806354506605,0.09388271892538068,1.597738132394974,106.15566485467983
intensities
131.6,133.2,132.4,134.2,136.8,136.4,134.8,135.,136.2,136.,135.2,141.8,144.2,145.8,116.6,57.4,63.8,130.2,151.6,144.8,145.8,144.4,144.2,143.6,142.6,142.4,138.8,135.2,138.8,139.6,138.