upperleft_x, upperleft_y, upperright_x, upperright_y, lowerright_x, lowerright_y, lowerleft_x, lowerleft_y, crack_dot_x, crack_dot_y, width_m, y_res, x_res, mean_res, width_px, distance
3216.2468671595498,1644.105981721946,4448.991822015491,2382.3467816832035,4010.734585213094,3071.3715283137108,2801.425846228938,2347.1924578755247,3523.2612950799457,1690.9784134655179,0.2,0.053278436886107505,0.053752678123020835,0.053515557504564173,3.7372309908748056,93.51769767436221
intensities
146.8,153.6,159.8,161.4,164.,158.4,153.6,154.6,156.4,154.6,155.,157.,167.,147.8,88.8,35.6,10.4,19.4,99.2,158.2,158.6,155.8,165.4,169.2,166.,162.2,159.8,159.4,149.2,143.8,147.4,149.6