upperleft_x, upperleft_y, upperright_x, upperright_y, lowerright_x, lowerright_y, lowerleft_x, lowerleft_y, crack_dot_x, crack_dot_y, width_m, y_res, x_res, mean_res, width_px, distance
5526.881980498608,2343.4942230109564,5899.623275831427,2589.293255074247,5750.041628029754,2793.8562653111308,5387.002926067853,2549.674332142993,5573.777848458051,2328.940332954577,0.1,0.1731229128552289,0.17308174156423206,0.17310232720973048,0.5776929843285132,195.73136401648756
intensities
143.8,143.4,141.4,140.4,146.2,152.2,155.,154.8,152.4,149.,147.6,146.2,152.6,158.4,139.6,116.8,124.4,142.6,148.4,146.6,147.6,152.2,154.4,153.,150.4,149.2,148.6,146.4,146.2,148.2,148.2,148.8