upperleft_x, upperleft_y, upperright_x, upperright_y, lowerright_x, lowerright_y, lowerleft_x, lowerleft_y, crack_dot_x, crack_dot_y, width_m, y_res, x_res, mean_res, width_px, distance
1423.4970494796626,1250.6048863698977,1924.3524188756005,1471.081087183724,1792.0666983873045,1728.1646571892802,1293.707285981712,1506.8564707120054,1544.9669563431294,1260.5887143312784,0.2,0.15094685763336538,0.14004161728409334,0.14549423745872936,1.374624888884219,164.51416923951692
intensities
115.8,120.,121.6,120.2,116.6,115.2,118.,119.6,119.4,121.2,123.,121.6,123.6,117.2,91.4,60.4,82.4,109.6,114.,115.2,115.8,117.2,116.,110.,113.6,118.6,120.8,121.6,120.6,119.2,120.