upperleft_x, upperleft_y, upperright_x, upperright_y, lowerright_x, lowerright_y, lowerleft_x, lowerleft_y, crack_dot_x, crack_dot_y, width_m, y_res, x_res, mean_res, width_px, distance
4866.354500557398,2874.813157607835,6364.9833244787515,3278.52541221522,6118.27027999646,4116.534183142671,4652.264668568633,3712.821928535286,4996.847350531501,2795.2940771548656,0.1,0.05004453316385528,0.049796340997912095,0.04992043708088369,2.0031875890424358,87.23527438360227
intensities
117.6,108.2,93.6,87.6,96.4,105.8,112.4,115.2,119.8,118.4,117.,117.,110.4,70.6,29.2,52.,103.2,120.6,115.6,113.,111.6,112.4,113.,114.,111.6,108.,109.6,111.4,112.,109.,109.2,112.2