upperleft_x, upperleft_y, upperright_x, upperright_y, lowerright_x, lowerright_y, lowerleft_x, lowerleft_y, crack_dot_x, crack_dot_y, width_m, y_res, x_res, mean_res, width_px, distance
5129.362160029945,928.0452164617459,6089.719695916055,1734.485404609901,5604.12130305265,2265.6086468042504,4667.610116816082,1470.0077084967963,5389.504156206769,1012.5913652192139,0.2,0.06077090390689119,0.061624231135461054,0.06119756752117612,3.268103751522383,106.94190408767797
intensities
120.2,122.,123.6,124.8,125.8,125.2,124.4,123.6,123.6,126.6,126.8,125.8,120.4,99.8,59.,29.4,29.4,67.,107.4,122.4,121.2,120.6,119.6,118.6,118.,117.2,114.2,115.6,122.,125.6,128.6