upperleft_x, upperleft_y, upperright_x, upperright_y, lowerright_x, lowerright_y, lowerleft_x, lowerleft_y, crack_dot_x, crack_dot_y, width_m, y_res, x_res, mean_res, width_px, distance
3172.8368089175033,2249.5340041270556,4732.255098959984,2231.7266174544657,4709.3598875237985,3109.376389174949,3190.6441955900927,3139.903337756531,3381.43762422498,2122.33838503713,0.15,0.049196847710070074,0.0497031720685944,0.049450009889332236,3.0333664307792025,55.91442958788669
intensities
102.6,98.4,96.4,91.,90.4,90.8,93.6,90.8,92.4,95.4,105.2,106.,73.,19.2,9.6,54.4,100.,114.,111.6,103.4,104.2,109.2,108.2,105.4,104.2,104.4,108.8,109.,108.2,108.,110.6