upperleft_x, upperleft_y, upperright_x, upperright_y, lowerright_x, lowerright_y, lowerleft_x, lowerleft_y, crack_dot_x, crack_dot_y, width_m, y_res, x_res, mean_res, width_px, distance
5168.02488535363,3114.4215132485942,5894.453832515507,3392.5976775387576,5724.377213933956,3793.2866602986824,5018.126848637687,3516.5518232846334,5283.331067442817,3097.125585935216,0.15,0.10064705736143117,0.09959088615741955,0.10011897175942536,1.4982175442276129,113.20716030962153
intensities
169.4,177.4,169.4,156.4,148.4,151.,151.8,148.4,152.,153.,146.2,150.2,158.2,131.4,50.4,63.,143.,147.6,136.6,154.6,166.,158.2,151.4,155.2,159.4,162.2,164.,169.,176.2,177.,170.8,155.