upperleft_x, upperleft_y, upperright_x, upperright_y, lowerright_x, lowerright_y, lowerleft_x, lowerleft_y, crack_dot_x, crack_dot_y, width_m, y_res, x_res, mean_res, width_px, distance
1413.0052415392609,2843.9957055472305,1995.5592594642442,2935.0688404249904,1930.3948612327433,3260.8908315824947,1358.0473153199227,3176.883715790078,1420.0712606246043,2796.103798413236,0.05,0.12992258529609102,0.13098460128676045,0.13045359329142575,0.38327805879829546,147.5073164374393
intensities
147.4,135.,132.4,136.,139.2,140.,138.4,137.8,138.,139.4,141.,140.8,140.6,141.4,146.2,147.,133.,127.8,138.6,140.6,136.8,136.8,138.,137.6,137.,135.6,135.6,135.6,141.4,144.6,144.2