upperleft_x, upperleft_y, upperright_x, upperright_y, lowerright_x, lowerright_y, lowerleft_x, lowerleft_y, crack_dot_x, crack_dot_y, width_m, y_res, x_res, mean_res, width_px, distance
1620.5335189893228,3416.5084767819476,1871.3244650333045,2964.880878824696,2140.4659681048943,3104.5490073126043,1900.8892513555625,3548.0208021464746,1599.1245357904463,3368.5931334320812,0.1,0.14196563686769031,0.149917084948118,0.14594136090790416,0.6852067116401956,165.01974350880275
intensities
119.8,121.2,121.6,120.6,120.,120.2,121.,122.2,122.8,122.4,123.,122.6,121.8,120.8,101.6,88.6,103.8,118.4,123.,123.,121.8,121.4,121.,120.2,121.6,121.6,118.8,116.6,117.2,116.6,115.8,115.8