upperleft_x, upperleft_y, upperright_x, upperright_y, lowerright_x, lowerright_y, lowerleft_x, lowerleft_y, crack_dot_x, crack_dot_y, width_m, y_res, x_res, mean_res, width_px, distance
3165.186969545086,2373.0004187935347,3602.049751503112,2247.499482800121,3674.362195575508,2488.3417552065293,3244.0732721695176,2613.842691199943,3209.411108895146,2323.9952914056303,0.15,0.1723151879476342,0.16948270297419915,0.17089894546091666,0.8777116768944833,193.2399421962492
intensities
140.8,123.4,113.2,120.,126.2,132.4,125.2,115.2,119.8,123.2,117.,109.2,109.,112.4,100.8,86.8,104.4,125.,116.8,117.4,118.4,113.4,117.,118.4,119.4,127.6,129.6,128.8,130.,129.4,128.2,128.