upperleft_x, upperleft_y, upperright_x, upperright_y, lowerright_x, lowerright_y, lowerleft_x, lowerleft_y, crack_dot_x, crack_dot_y, width_m, y_res, x_res, mean_res, width_px, distance
5161.426418774929,3217.294782817799,5806.1098449760175,2737.1335920366478,6085.188303577244,3099.0825099605104,5445.379610277488,3574.36896784033,5163.863785225594,3136.8616899458293,0.1,0.09526309589443155,0.09557179869103423,0.09541744729273288,1.0480263603490485,107.89102267209776
intensities
134.2,132.,127.6,127.6,127.,121.,119.2,120.,123.2,122.4,127.6,115.4,101.2,108.4,127.4,102.4,56.2,94.2,134.2,130.6,128.,127.2,126.,127.,125.4,115.8,109.2,109.6,114.2,120.4,125.2