upperleft_x, upperleft_y, upperright_x, upperright_y, lowerright_x, lowerright_y, lowerleft_x, lowerleft_y, crack_dot_x, crack_dot_y, width_m, y_res, x_res, mean_res, width_px, distance
3692.3037906361537,2337.612904637932,4053.4558772203754,2583.3533461615434,3908.995042586687,2784.34233347798,3554.1238618561038,2542.5274581128924,3738.6254713067387,2323.480866467245,0.1,0.17587499413718838,0.1766251675735721,0.17625008085538024,0.5673756262390242,199.29061203228352
intensities
151.2,152.,152.2,150.6,149.,155.6,161.8,161.4,160.6,157.2,155.2,155.8,161.4,170.2,143.8,108.8,135.2,155.2,152.6,153.4,158.4,163.2,163.8,161.8,158.8,156.6,156.,154.4,149.,148.,154.6