upperleft_x, upperleft_y, upperright_x, upperright_y, lowerright_x, lowerright_y, lowerleft_x, lowerleft_y, crack_dot_x, crack_dot_y, width_m, y_res, x_res, mean_res, width_px, distance
5411.216638401185,1135.2963606591238,5960.702155731078,1333.8948539566381,5827.115725261899,1639.3624916294962,5289.207698572667,1439.8734221288541,5465.541786791985,1105.9073459559045,0.1,0.13152648666038552,0.13212956031214299,0.13182802348626424,0.7585640545571819,149.06142088604813
intensities
173.8,171.8,170.6,168.8,168.2,169.4,170.2,170.8,170.8,170.4,169.4,168.2,164.,164.4,168.6,142.,128.,158.,175.2,175.6,176.8,173.,169.2,166.8,170.,173.6,175.2,174.6,175.2,176.,172.4,165.