upperleft_x, upperleft_y, upperright_x, upperright_y, lowerright_x, lowerright_y, lowerleft_x, lowerleft_y, crack_dot_x, crack_dot_y, width_m, y_res, x_res, mean_res, width_px, distance
2195.8445743991306,1136.107253728287,2590.0651615784427,1281.646154292078,2504.0073768972447,1503.1183942804557,2116.7473458318527,1361.376160687894,2258.489579424415,1124.0844749860607,0.15,0.18263743845446845,0.18376391983886206,0.18320067914666527,0.8187742572717989,207.1498367244829
intensities
145.8,154.4,152.2,145.4,147.2,145.6,151.,162.2,171.2,170.2,168.6,161.4,157.8,155.6,158.2,147.6,117.8,125.,152.,158.8,158.6,168.4,180.,176.4,165.2,165.4,164.4,164.8,161.,151.8,162.,179.2