upperleft_x, upperleft_y, upperright_x, upperright_y, lowerright_x, lowerright_y, lowerleft_x, lowerleft_y, crack_dot_x, crack_dot_y, width_m, y_res, x_res, mean_res, width_px, distance
1221.9461788876997,3557.671835842476,2464.3702908986897,2387.3140876372286,3101.436946941448,3084.9164892768094,1893.6046895572138,4246.626273825368,1383.3748338125613,3229.0492168882934,0.2,0.045627605462093504,0.04523134242435374,0.04542947394322362,4.402428261660127,79.38737832200223
intensities
100.4,103.8,105.8,106.8,107.4,108.2,107.2,105.4,105.4,108.,110.8,113.4,110.6,108.4,97.2,50.8,10.4,7.2,9.4,20.4,59.4,89.2,98.4,102.,103.,103.6,105.4,108.2,109.6,110.4,110.4,110.2