upperleft_x, upperleft_y, upperright_x, upperright_y, lowerright_x, lowerright_y, lowerleft_x, lowerleft_y, crack_dot_x, crack_dot_y, width_m, y_res, x_res, mean_res, width_px, distance
3866.5034254949483,2622.5726816121837,3910.5986656577134,3142.563721267435,3563.66064399973,2634.220480900461,3602.763970181805,3146.723649584677,3910.5986656577134,2619.24473895839,0.05,0.07240766228616666,0.14770595415057772,0.11005680821837219,0.4543108310100285,124.44413393578029
intensities
154.,156.8,154.,153.,152.2,150.,149.,147.8,146.6,146.6,146.2,144.8,143.6,142.4,140.4,136.,135.,139.8,146.8,150.6,150.2,147.4,143.4,140.4,139.8,140.8,143.,144.4,143.6,147.8,149.6,144.