upperleft_x, upperleft_y, upperright_x, upperright_y, lowerright_x, lowerright_y, lowerleft_x, lowerleft_y, crack_dot_x, crack_dot_y, width_m, y_res, x_res, mean_res, width_px, distance
1988.0754898309867,2812.7938995463282,2505.547136280021,3056.5305446129023,2356.492803335462,3342.452378248691,1843.7084000607852,3103.402976356474,2043.3849592884017,2792.1700295791566,0.1,0.13448181508693402,0.13447308682195935,0.1344774509544467,0.7436190921991399,152.05719835807363
intensities
172.4,172.6,167.8,164.8,165.2,166.4,166.,167.2,169.,169.,169.6,167.6,163.2,168.4,163.8,134.2,140.,167.,171.6,173.6,174.,169.2,164.8,165.6,170.6,175.2,173.6,173.,174.2,169.8,159.4