upperleft_x, upperleft_y, upperright_x, upperright_y, lowerright_x, lowerright_y, lowerleft_x, lowerleft_y, crack_dot_x, crack_dot_y, width_m, y_res, x_res, mean_res, width_px, distance
3477.528449333139,2204.0311614119264,4055.2897611123426,2160.615571509443,4071.3201327686443,2489.9061226159715,3508.2533283410503,2529.3141196043794,3588.4051866225586,2149.928657071908,0.2,0.13254152416247694,0.13377203723985703,0.133156780701167,1.5019888506379848,150.56388169239275
intensities
127.6,128.6,129.8,129.6,127.8,119.,133.4,145.2,142.6,128.4,123.6,126.6,127.,126.6,132.4,128.4,76.8,51.6,104.4,137.6,136.2,138.6,140.2,137.2,132.6,133.4,135.,133.,128.4,128.8,129.4,129.2