upperleft_x, upperleft_y, upperright_x, upperright_y, lowerright_x, lowerright_y, lowerleft_x, lowerleft_y, crack_dot_x, crack_dot_y, width_m, y_res, x_res, mean_res, width_px, distance
3238.560504160986,2198.4314796751555,4375.8268476023095,2072.2809272934287,4427.433891758471,2718.324665248332,3313.104012386552,2842.563845624275,3381.9134045947667,2095.217391362834,0.15,0.06710203428974555,0.06753796231450072,0.06731999830212314,2.2281640490663723,76.1204965043445
intensities
110.8,110.2,105.8,106.6,105.2,103.2,106.8,109.8,109.8,112.8,119.8,109.,64.4,32.,46.6,83.,103.8,109.2,110.,115.6,122.,121.2,120.8,122.4,118.4,116.6,116.8,116.4,116.,116.,116.8