upperleft_x, upperleft_y, upperright_x, upperright_y, lowerright_x, lowerright_y, lowerleft_x, lowerleft_y, crack_dot_x, crack_dot_y, width_m, y_res, x_res, mean_res, width_px, distance
2493.159338475591,2122.421570503193,2718.9204059685053,1666.3293734223662,2992.210119249401,1798.8611741773161,2771.933126270485,2245.813247068146,2462.9969286486025,2073.0648998772117,0.1,0.14295359130101692,0.15191361542598042,0.14743360336349867,0.6782714233297903,166.70706138595034
intensities
131.6,131.6,133.6,135.2,135.6,136.6,137.,136.8,140.4,143.4,142.,138.4,136.4,139.,129.4,107.8,104.,124.4,133.6,134.2,136.,135.2,134.6,134.8,135.4,135.6,135.8,137.,137.6,136.8,134.8