upperleft_x, upperleft_y, upperright_x, upperright_y, lowerright_x, lowerright_y, lowerleft_x, lowerleft_y, crack_dot_x, crack_dot_y, width_m, y_res, x_res, mean_res, width_px, distance
4933.687920567832,1043.4205353877549,6180.494604946846,1760.5687410644052,5739.89374655727,2454.2807308692695,4525.897764398757,1746.5070115413337,5245.389591662586,1085.6057239569695,0.2,0.053225857892684324,0.05380836123176817,0.053517109562226245,3.7371226068824384,93.52040987369233
intensities
156.8,157.,156.8,155.2,154.2,153.,152.4,152.4,152.8,154.2,151.,132.,100.6,56.4,33.6,55.2,103.2,130.6,144.6,156.2,161.2,160.8,159.6,157.8,155.2,151.8,149.2,148.8,147.8,144.6,144.4,145.8