upperleft_x, upperleft_y, upperright_x, upperright_y, lowerright_x, lowerright_y, lowerleft_x, lowerleft_y, crack_dot_x, crack_dot_y, width_m, y_res, x_res, mean_res, width_px, distance
3428.354581190957,2551.0582406902226,3851.3314052449505,2498.1861376834736,3874.955110843711,2738.922947118459,3460.977793684483,2791.7950501252085,3480.664215016783,2511.1229288446993,0.15,0.17944504613600565,0.1813715138153486,0.18040827997567715,0.8314474259176085,203.99239737963916
intensities
141.4,143.6,143.6,145.8,143.8,132.2,125.2,132.6,138.,142.4,151.4,154.2,149.8,151.8,155.8,136.,92.8,112.2,154.,156.8,154.4,156.6,158.2,157.2,156.6,155.8,156.8,158.4,156.6,152.6,152.6,155.8