upperleft_x, upperleft_y, upperright_x, upperright_y, lowerright_x, lowerright_y, lowerleft_x, lowerleft_y, crack_dot_x, crack_dot_y, width_m, y_res, x_res, mean_res, width_px, distance
1408.0555127471393,967.4789932876128,2002.3745110397597,1432.6527240187565,1732.7994379745414,1754.8889741478777,1149.764977624186,1298.4921062607177,1488.3011158921345,953.6867802470667,0.1,0.10357282357534166,0.10233428790056266,0.10295355573795216,0.9713117656133233,116.41229912825868
intensities
148.6,145.4,146.8,147.8,142.8,144.4,149.2,148.2,145.6,143.4,139.4,139.8,146.8,153.4,123.4,74.,106.,142.4,140.8,141.2,145.8,148.,145.4,143.2,142.,142.8,146.6,152.4,150.4,143.4,140.6