upperleft_x, upperleft_y, upperright_x, upperright_y, lowerright_x, lowerright_y, lowerleft_x, lowerleft_y, crack_dot_x, crack_dot_y, width_m, y_res, x_res, mean_res, width_px, distance
1928.7654583242577,2843.305508989806,2251.904002764443,3131.0084950318505,2080.6321371734307,3312.404805879474,1761.7121115901673,3028.920338694351,2015.6669467768402,2876.2099560737934,0.2,0.17428027911018668,0.1780405817815094,0.17616043044584803,1.1353287426342904,199.18924195121514
intensities
139.2,138.6,144.6,145.8,146.,142.,142.6,142.2,141.,140.4,139.,139.8,137.4,136.8,101.4,63.6,106.4,142.2,136.8,140.,146.2,147.8,143.8,134.6,135.6,138.4,139.4,136.8,136.6,141.8,144.