upperleft_x, upperleft_y, upperright_x, upperright_y, lowerright_x, lowerright_y, lowerleft_x, lowerleft_y, crack_dot_x, crack_dot_y, width_m, y_res, x_res, mean_res, width_px, distance
1426.0814781849242,3046.5314831112046,1895.2745199380788,3093.122680264315,1863.7762458063985,3345.1088733177576,1399.176702364114,3301.1425323422873,1525.1697988908352,3021.5953494236246,0.2,0.17059916440121614,0.16308126098026898,0.16684021269074256,1.1987517683804618,188.6506260727168
intensities
162.4,163.,164.6,164.2,163.,162.,160.4,160.4,161.2,162.8,163.8,163.6,161.8,159.,138.2,112.2,125.8,154.,161.8,161.2,159.6,158.2,156.8,155.4,154.8,155.,155.4,156.8,156.8,156.6,158.,160.