upperleft_x, upperleft_y, upperright_x, upperright_y, lowerright_x, lowerright_y, lowerleft_x, lowerleft_y, crack_dot_x, crack_dot_y, width_m, y_res, x_res, mean_res, width_px, distance
5402.519458691164,1194.147042334765,6035.742575330949,950.082290245986,6171.227339285744,1299.8443759165198,5545.691301451905,1541.0264734530692,5466.89874369096,1113.4327148723341,0.15,0.11594577965704232,0.11341273134784807,0.1146792555024452,1.3079959347730652,129.67085691859563
intensities
134.8,131.6,127.6,127.4,130.,130.6,132.2,135.4,136.6,136.8,136.4,137.,139.2,140.8,124.2,93.6,96.8,130.6,143.,142.2,142.2,143.6,145.2,146.6,145.8,144.4,143.2,141.6,141.4,140.8,138.2