upperleft_x, upperleft_y, upperright_x, upperright_y, lowerright_x, lowerright_y, lowerleft_x, lowerleft_y, crack_dot_x, crack_dot_y, width_m, y_res, x_res, mean_res, width_px, distance
1752.3089158770101,869.2519535149902,2095.8604043415207,1494.9168905361241,1736.009027738183,1667.9464723175201,1393.711376822813,1049.8045605912293,1823.7776561780215,890.5671918503795,0.1,0.10864540290921576,0.10771760842042528,0.10818150566482053,0.9243724182378332,122.32367990915392
intensities
123.,122.4,121.8,121.2,118.2,115.2,115.8,118.8,121.,124.,123.2,122.4,123.2,132.4,116.6,80.2,99.4,133.,138.4,141.,138.2,131.2,129.2,128.,127.6,128.6,133.,136.4,138.2,140.8,141.2