upperleft_x, upperleft_y, upperright_x, upperright_y, lowerright_x, lowerright_y, lowerleft_x, lowerleft_y, crack_dot_x, crack_dot_y, width_m, y_res, x_res, mean_res, width_px, distance
3420.0780815558364,2316.728892674583,3796.34652737736,2484.297836157853,3694.281807255732,2692.9973384961067,3327.153485624205,2526.1900720286703,3434.5499448566643,2287.0234890570946,0.05,0.18853745244459824,0.18770560401569503,0.18812152823014666,0.2657856358621025,212.71397048717995
intensities
140.2,147.,149.4,151.4,151.8,149.4,149.8,153.8,161.,168.4,164.2,161.6,161.6,160.8,164.4,162.,131.4,135.8,163.,160.8,153.4,154.6,155.6,153.6,155.6,165.8,167.8,156.2,154.,158.8,160.8,164.4