upperleft_x, upperleft_y, upperright_x, upperright_y, lowerright_x, lowerright_y, lowerleft_x, lowerleft_y, crack_dot_x, crack_dot_y, width_m, y_res, x_res, mean_res, width_px, distance
1602.1542525972711,1196.2773943575107,2057.8128796844694,1083.490605474541,2127.418440823674,1332.2660369535488,1679.4937649741646,1445.6973217729928,1650.4914478328296,1147.2957031854783,0.15,0.1674849084320764,0.1642575552074985,0.16587123181978744,0.9043159464986014,187.55497386147798
intensities
114.4,102.8,106.2,107.6,108.8,99.4,88.8,100.,107.,94.6,86.6,86.8,98.,102.4,75.6,70.2,102.6,106.4,100.,108.,113.8,107.4,103.2,108.,117.4,116.6,115.8,117.4,115.8,116.2,121.4,120.