upperleft_x, upperleft_y, upperright_x, upperright_y, lowerright_x, lowerright_y, lowerleft_x, lowerleft_y, crack_dot_x, crack_dot_y, width_m, y_res, x_res, mean_res, width_px, distance
3095.2653574137107,2247.578354294951,4210.874068415399,2260.38042147038,4179.7833338465,2893.168313284453,3091.607623935017,2893.168313284453,3243.40356330082,2159.7927508062935,0.15,0.06801986883603636,0.06942886671906565,0.068724367777551,2.1826319375614234,77.70845408665691
intensities
111.8,111.,114.,112.,100.2,94.,94.6,97.2,96.8,98.8,106.6,116.6,96.,43.4,34.2,82.6,116.2,113.8,109.2,113.6,114.8,105.6,106.2,112.4,116.,119.,121.2,122.,122.,122.2,124.