upperleft_x, upperleft_y, upperright_x, upperright_y, lowerright_x, lowerright_y, lowerleft_x, lowerleft_y, crack_dot_x, crack_dot_y, width_m, y_res, x_res, mean_res, width_px, distance
3524.4149428062337,2675.18932986593,3943.5950998889975,2677.2517168626473,3933.7987616545906,2914.9418182343006,3521.3213623111583,2911.8482377392247,3523.3837493078754,2641.159944420097,0.05,0.1833246546389291,0.18396850769666862,0.18364658116779886,0.2722620790545223,207.6540298928881
intensities
143.,145.8,151.2,147.2,138.,144.4,147.6,145.2,135.8,142.4,142.8,133.,119.4,138.4,148.4,122.,107.8,131.4,143.2,134.6,138.6,142.2,145.,151.8,147.6,135.6,130.,131.,139.2,145.4,141.8