upperleft_x, upperleft_y, upperright_x, upperright_y, lowerright_x, lowerright_y, lowerleft_x, lowerleft_y, crack_dot_x, crack_dot_y, width_m, y_res, x_res, mean_res, width_px, distance
3336.230917936745,2002.0062933539568,4045.4811188646036,2278.998928742595,3876.5528748607703,2675.2350304868805,3183.450226668572,2405.69511174547,3450.505906527573,1983.374501735887,0.15,0.10088420030193998,0.10166143221191257,0.10127281625692627,1.4811477111434743,114.51184269604111
intensities
184.,187.,190.2,190.4,189.8,189.2,177.4,164.8,168.4,175.6,179.2,177.6,175.8,184.8,164.2,108.2,106.2,159.6,177.2,168.6,174.6,182.8,182.2,175.4,177.6,192.8,197.2,197.2,200.,190.2,184.6,185.4