upperleft_x, upperleft_y, upperright_x, upperright_y, lowerright_x, lowerright_y, lowerleft_x, lowerleft_y, crack_dot_x, crack_dot_y, width_m, y_res, x_res, mean_res, width_px, distance
3280.337970404893,2424.635257003796,3908.9439851163943,2179.492606386457,4039.047626505485,2539.674266232045,3421.39770791096,2779.338868790896,3259.7952901855633,2375.332824477404,0.05,0.11377303408505726,0.1144180258642398,0.11409552997464853,0.43822926289145386,129.01082307844712
intensities
160.,165.8,164.2,150.4,143.,132.2,126.6,137.2,145.2,152.,157.,153.2,147.2,140.8,115.4,91.8,123.2,150.8,148.4,142.,144.,145.2,143.8,153.,158.2,163.,165.8,157.4,150.6,147.6,147.8,146.8