upperleft_x, upperleft_y, upperright_x, upperright_y, lowerright_x, lowerright_y, lowerleft_x, lowerleft_y, crack_dot_x, crack_dot_y, width_m, y_res, x_res, mean_res, width_px, distance
5527.442691963339,3221.00707941189,6067.764648887365,3463.64222233249,5921.97966805692,3760.3095609454926,5391.852465037122,3519.713368805738,5545.793248990947,3180.2280637949825,0.05,0.13210189916845086,0.13027389393138405,0.13118789654991747,0.3811327211956236,148.33761248662063
intensities
168.2,168.8,167.,164.,163.,163.2,160.6,163.4,167.4,170.,172.6,168.4,163.8,163.8,156.,136.,148.8,174.4,167.,158.2,162.8,168.,169.2,168.6,168.2,167.6,164.2,159.,164.4,179.4,187.2