upperleft_x, upperleft_y, upperright_x, upperright_y, lowerright_x, lowerright_y, lowerleft_x, lowerleft_y, crack_dot_x, crack_dot_y, width_m, y_res, x_res, mean_res, width_px, distance
1360.1764955318745,1295.5461739256348,1957.8000002624167,1263.872128174916,1972.7405878806803,1596.748420309828,1390.655294273132,1632.00820708893,1477.9083259637914,1244.1505525188081,0.2,0.12965352108537648,0.12949462611887097,0.12957407360212372,1.5435186564723546,146.51282034231824
intensities
83.4,92.6,79.8,81.2,88.8,92.8,95.,92.,83.,80.4,85.2,87.8,85.8,99.6,106.8,74.6,48.8,72.8,102.6,107.6,109.4,110.2,113.,117.2,122.8,125.,120.6,117.,120.2,122.2,119.8,113.8