upperleft_x, upperleft_y, upperright_x, upperright_y, lowerright_x, lowerright_y, lowerleft_x, lowerleft_y, crack_dot_x, crack_dot_y, width_m, y_res, x_res, mean_res, width_px, distance
1699.7438272981808,1197.360147530787,2290.617701857649,1402.567653704145,2168.936869051336,1726.3624121887399,1589.4061229738127,1530.435647500609,1754.3970827111857,1164.3619555833122,0.1,0.12486657699205778,0.12366785679407893,0.12426721689306836,0.8047174669249233,140.51221758297496
intensities
173.6,173.2,171.,168.8,168.,165.,167.,175.8,179.2,173.6,166.4,165.6,171.2,172.2,138.4,110.,153.,182.2,179.2,179.,180.,177.6,177.,177.,179.6,181.4,177.6,172.8,172.,168.8,160.6