upperleft_x, upperleft_y, upperright_x, upperright_y, lowerright_x, lowerright_y, lowerleft_x, lowerleft_y, crack_dot_x, crack_dot_y, width_m, y_res, x_res, mean_res, width_px, distance
5790.039045847336,1467.189503538214,5856.129174605772,1999.2150400436271,5535.592050127356,2017.940576525184,5477.212436390737,1495.8285593335365,5836.3021359782415,1461.6819928083446,0.05,0.1369771508992285,0.14414354411619063,0.14056034750770957,0.35571909778650457,158.9352898241623
intensities
144.6,146.,145.8,142.6,141.8,142.4,142.,141.4,141.4,141.2,140.2,138.8,138.,138.,136.4,136.8,133.6,127.8,133.6,142.4,143.6,144.,142.6,138.6,134.4,131.,128.8,130.,133.4,136.,138.2,139.8