upperleft_x, upperleft_y, upperright_x, upperright_y, lowerright_x, lowerright_y, lowerleft_x, lowerleft_y, crack_dot_x, crack_dot_y, width_m, y_res, x_res, mean_res, width_px, distance
3212.156661584526,2344.021537868072,3860.906271239369,2449.589972262532,3785.113549110013,2815.921462554418,3152.6052370543175,2714.864499715277,3264.4897316262236,2299.8091166259474,0.1,0.11604936424335105,0.11790030571961391,0.11697483498148248,0.8548847281197733,132.26652914255038
intensities
159.4,142.6,131.6,146.6,158.6,160.8,164.2,167.4,168.,173.,173.8,169.,164.2,147.4,126.4,109.8,98.6,99.4,122.8,136.4,134.,132.6,119.2,121.4,155.8,159.8,130.8,126.6,145.4,154.8,165.4,166.8