upperleft_x, upperleft_y, upperright_x, upperright_y, lowerright_x, lowerright_y, lowerleft_x, lowerleft_y, crack_dot_x, crack_dot_y, width_m, y_res, x_res, mean_res, width_px, distance
1902.1553929180345,3369.3407487183904,2493.2167572044773,3310.691618499246,2513.0203596161364,3642.782797402453,1930.3374425038571,3700.6702506057645,1896.8236538072033,3324.4018047842405,0.05,0.1307863602926242,0.1297148470272852,0.1302506036599547,0.3838753801904444,147.27779071072334
intensities
136.4,137.2,139.,143.4,147.6,148.6,149.8,151.2,149.4,151.,156.6,155.2,145.6,147.2,152.2,135.6,124.,138.4,150.,153.6,157.8,156.,155.8,158.2,163.4,157.2,148.,150.6,154.4,154.2,157.,153.4