upperleft_x, upperleft_y, upperright_x, upperright_y, lowerright_x, lowerright_y, lowerleft_x, lowerleft_y, crack_dot_x, crack_dot_y, width_m, y_res, x_res, mean_res, width_px, distance
1377.5216388985832,3211.11816812479,2827.754677044699,2586.23834433536,3160.4551975605723,3398.7953848260518,1733.6818115021147,4025.8079042598133,1629.179724929821,2978.6543428925447,0.2,0.04923317998983277,0.04876341482016565,0.04899829740499921,4.081774481812798,85.6238480350018
intensities
116.6,115.4,116.2,117.,117.,115.8,113.4,112.8,113.8,106.6,84.2,54.4,21.2,10.2,21.6,59.,97.4,115.2,118.4,119.,117.8,117.,117.4,116.4,114.4,113.,113.2,114.8,114.,111.8,113.