upperleft_x, upperleft_y, upperright_x, upperright_y, lowerright_x, lowerright_y, lowerleft_x, lowerleft_y, crack_dot_x, crack_dot_y, width_m, y_res, x_res, mean_res, width_px, distance
5106.8007009155735,1045.2450447933732,5695.155182268824,983.0218916537814,5720.735811892879,1305.8909196114407,5142.060487694675,1364.6572309099438,5101.269753969832,1002.3802059638765,0.05,0.13483702952853038,0.13040503886407231,0.13262103419630136,0.37701410114169087,149.95809899810604
intensities
146.6,146.8,148.,149.2,150.6,150.6,150.4,150.,149.8,149.4,149.2,148.2,148.6,147.2,143.8,141.,143.,146.8,147.4,147.4,147.6,148.6,150.,150.2,149.4,147.4,145.,139.6,137.6,143.4,147.2,145.4