upperleft_x, upperleft_y, upperright_x, upperright_y, lowerright_x, lowerright_y, lowerleft_x, lowerleft_y, crack_dot_x, crack_dot_y, width_m, y_res, x_res, mean_res, width_px, distance
1545.2810016358105,3282.686512343256,1926.7054149491269,3478.121116498079,1806.8291707649419,3690.992265261511,1431.2169389878284,3501.369842642891,1611.3945666101188,3280.5069442671797,0.15,0.1772123896874893,0.18014411295038812,0.17867825131893875,0.8394978062117455,202.03620837727675
intensities
125.8,127.4,128.4,128.8,128.8,127.2,126.4,127.2,124.,120.6,121.6,125.4,128.8,139.2,118.4,84.4,95.,127.,134.,129.6,130.6,129.8,128.8,128.8,127.4,126.2,127.8,127.2,125.2,124.,122.4