upperleft_x, upperleft_y, upperright_x, upperright_y, lowerright_x, lowerright_y, lowerleft_x, lowerleft_y, crack_dot_x, crack_dot_y, width_m, y_res, x_res, mean_res, width_px, distance
2662.802387063514,2473.2078188073237,2888.668917527851,2019.7170416882655,3160.2360689421707,2149.7880397766776,2940.5215451441773,2596.2479521342,2637.3155023029467,2426.628339762149,0.1,0.14383663273355896,0.15236029534991058,0.14809846404173477,0.675226449153582,167.4588368792654
intensities
131.2,131.8,133.2,135.,133.2,133.,134.,134.8,136.,136.,135.6,135.6,136.4,136.8,110.8,88.8,114.2,135.2,134.6,135.,135.8,135.8,135.2,133.8,132.8,131.4,131.2,130.4,132.,131.,130.,129.4