upperleft_x, upperleft_y, upperright_x, upperright_y, lowerright_x, lowerright_y, lowerleft_x, lowerleft_y, crack_dot_x, crack_dot_y, width_m, y_res, x_res, mean_res, width_px, distance
1933.8476017360545,2740.3091992872746,2280.4106439400894,3202.037806285266,2008.4919492876927,3393.980414275193,1666.194298372323,2936.517198565867,1972.23612333404,2711.517808088786,0.05,0.13088518093843138,0.13319656642142688,0.13204087367992914,0.37867062377367655,149.30209621034186
intensities
110.6,114.,113.6,104.6,89.4,91.6,97.2,105.,105.,101.6,104.8,107.4,108.,108.8,109.2,103.6,75.2,79.2,106.6,111.4,108.2,113.,118.6,117.4,119.6,118.2,112.2,105.6,104.6,107.4,113.2