upperleft_x, upperleft_y, upperright_x, upperright_y, lowerright_x, lowerright_y, lowerleft_x, lowerleft_y, crack_dot_x, crack_dot_y, width_m, y_res, x_res, mean_res, width_px, distance
3533.7056446832066,2298.9560383682146,3948.9719537153824,2295.651531930293,3940.710687620578,2528.6192358037815,3532.0533914642456,2531.923742241703,3562.3447004785294,2265.9109739889964,0.1,0.1866601681677119,0.18569306558490867,0.18617661687631026,0.5371243804824146,210.5148079553191
intensities
137.6,139.6,145.6,139.4,127.6,122.,114.8,108.4,107.4,102.,92.4,87.6,93.2,103.6,107.8,91.4,72.8,83.6,104.,109.8,107.,101.,105.2,108.,107.,104.4,103.2,109.6,114.,113.6,116.,122.4