upperleft_x, upperleft_y, upperright_x, upperright_y, lowerright_x, lowerright_y, lowerleft_x, lowerleft_y, crack_dot_x, crack_dot_y, width_m, y_res, x_res, mean_res, width_px, distance
1793.2783507478762,1248.3315734303346,2184.0069417622917,1468.8194923520969,2057.2638863276734,1685.5576167343736,1671.7850076685377,1470.3194101678912,1863.0245291823112,1248.3315734303346,0.15,0.1725752010431139,0.1718840400616725,0.17222962055239321,0.8709303284702363,194.7445715961873
intensities
116.,118.4,121.,120.6,120.6,120.8,121.2,119.4,119.6,121.4,121.8,122.8,122.8,120.,124.8,118.4,84.6,84.8,122.4,133.,122.8,116.,115.6,123.4,130.8,136.2,136.2,129.4,124.4,122.2,122.,117.