upperleft_x, upperleft_y, upperright_x, upperright_y, lowerright_x, lowerright_y, lowerleft_x, lowerleft_y, crack_dot_x, crack_dot_y, width_m, y_res, x_res, mean_res, width_px, distance
5108.32581266343,924.1840998968692,6107.271077982436,1792.6365152417698,5583.049801362326,2346.106189269867,4608.853180003927,1493.4029109908067,5247.8181695323,908.4349628310288,0.1,0.057252169673938334,0.05843699080845946,0.057844580241198894,1.728770432476517,101.08260512161281
intensities
106.6,107.4,108.4,109.6,109.8,111.2,113.4,114.4,115.2,116.2,116.8,117.,116.2,119.6,98.2,56.2,49.4,81.,109.8,115.6,113.2,110.6,105.8,105.2,107.,108.8,109.2,110.2,110.6,109.6,107.8,106.4