upperleft_x, upperleft_y, upperright_x, upperright_y, lowerright_x, lowerright_y, lowerleft_x, lowerleft_y, crack_dot_x, crack_dot_y, width_m, y_res, x_res, mean_res, width_px, distance
1646.621542687001,1330.4614483314217,2108.9712094055944,1277.5893453246724,2136.532199270815,1539.1375144538038,1683.1820394469871,1592.0096174605528,1701.7435224174417,1287.713790581284,0.15,0.16505872436768892,0.16598725245170426,0.1655229884096966,0.9062185346045429,187.16120585866972
intensities
139.2,152.4,160.4,155.8,154.4,153.4,149.6,141.6,134.8,141.,144.,135.4,133.4,148.,156.6,122.2,87.4,109.8,140.8,146.8,151.8,144.6,143.,158.8,165.,156.2,151.6,149.4,149.6,153.,153.,158.6