upperleft_x, upperleft_y, upperright_x, upperright_y, lowerright_x, lowerright_y, lowerleft_x, lowerleft_y, crack_dot_x, crack_dot_y, width_m, y_res, x_res, mean_res, width_px, distance
3314.0854516540976,2190.6479103383426,4066.4582897860428,2063.811110040237,4126.033150532123,2492.3657534717154,3389.9953548628123,2615.359014366848,3405.3695124747037,2114.738007129628,0.15,0.10068098555127797,0.10138116639431381,0.10103107597279588,1.4846917006049676,114.23850058497146
intensities
125.4,129.4,130.8,137.2,147.6,150.6,149.8,149.8,147.,148.4,149.8,149.,145.2,145.4,142.6,80.4,38.6,97.2,152.2,154.4,148.6,151.4,154.2,153.,152.4,153.6,153.2,152.6,151.8,150.2,149.6,145.4