upperleft_x, upperleft_y, upperright_x, upperright_y, lowerright_x, lowerright_y, lowerleft_x, lowerleft_y, crack_dot_x, crack_dot_y, width_m, y_res, x_res, mean_res, width_px, distance
1266.630253974244,1278.9638793855527,1942.1205859387946,1158.8767092585213,2003.593780170489,1538.437943410031,1345.9735628081753,1659.2399181211517,1300.9408740105384,1216.7758805697686,0.1,0.11255549906267444,0.11294893989092519,0.11275221947679982,0.8869005015069903,127.49190649147924
intensities
119.6,119.6,119.6,122.6,117.4,110.4,103.6,99.2,98.4,100.2,110.6,122.8,122.8,127.6,109.2,71.8,91.6,118.2,118.,128.2,131.8,125.,120.8,119.6,107.4,96.6,99.6,110.6,114.8,120.2,130.6