upperleft_x, upperleft_y, upperright_x, upperright_y, lowerright_x, lowerright_y, lowerleft_x, lowerleft_y, crack_dot_x, crack_dot_y, width_m, y_res, x_res, mean_res, width_px, distance
3265.4758104090297,2537.7429546426674,3667.242859099056,2391.711893545569,3745.7073098377955,2618.386973457483,3353.3850561440986,2761.5119437864796,3307.6141265465008,2487.612888892917,0.15,0.18114121399362387,0.18105513586427185,0.18109817492894786,0.8282800202644287,204.7724797875906
intensities
168.4,156.4,141.8,142.4,146.,145.4,144.,141.4,141.2,142.6,143.8,147.8,149.4,155.2,142.6,107.,122.,155.4,158.4,159.4,161.2,159.2,155.4,154.2,153.,147.8,143.6,146.,149.,150.,147.