upperleft_x, upperleft_y, upperright_x, upperright_y, lowerright_x, lowerright_y, lowerleft_x, lowerleft_y, crack_dot_x, crack_dot_y, width_m, y_res, x_res, mean_res, width_px, distance
1747.6603424588407,3194.812420931994,2326.5348744919547,3397.8637952451472,2196.510748835286,3722.0335331836914,1628.3231312397065,3526.1067684955606,1801.9854908496407,3163.6422538225183,0.1,0.12403855428087274,0.1259853103859395,0.1250119323334061,0.7999236403553909,141.35428696061444
intensities
153.,151.6,151.2,151.8,152.,148.6,147.4,149.4,150.8,153.,153.8,150.4,150.6,154.8,153.8,117.,92.6,137.,164.,158.8,158.6,159.4,158.4,156.2,156.,163.8,162.6,151.,145.6,145.6,138.2,132.