upperleft_x, upperleft_y, upperright_x, upperright_y, lowerright_x, lowerright_y, lowerleft_x, lowerleft_y, crack_dot_x, crack_dot_y, width_m, y_res, x_res, mean_res, width_px, distance
5139.572147474488,3130.5760968490167,5901.436653034505,2999.6613949892203,5969.354806630941,3432.762664299825,5219.302153870303,3556.787118693316,5228.161043469839,3052.8147325864306,0.15,0.09977380738376906,0.09978836476831783,0.09978108607604344,1.5032909131264074,112.82510406141262
intensities
122.2,124.2,126.8,132.8,138.,143.6,143.8,140.8,139.2,140.8,143.,144.8,143.,138.,141.,103.6,41.2,72.6,134.,145.6,143.4,144.6,145.8,146.2,146.6,146.2,146.,146.,148.2,147.4,145.4