upperleft_x, upperleft_y, upperright_x, upperright_y, lowerright_x, lowerright_y, lowerleft_x, lowerleft_y, crack_dot_x, crack_dot_y, width_m, y_res, x_res, mean_res, width_px, distance
5578.052614233065,2964.4601987497977,6146.427721555618,3180.120257201972,6016.427032114821,3492.525014772879,5462.160526747082,3279.888228168165,5594.1767307528535,2922.134392885352,0.05,0.12900159901683034,0.12734160536039263,0.12817160218861148,0.3901020128188948,144.92700894864305
intensities
177.6,180.2,180.8,181.,179.2,183.4,185.2,185.,184.6,183.,179.8,177.8,177.6,182.,187.,183.8,162.4,151.6,171.6,181.4,176.2,177.2,180.4,179.8,178.4,179.2,179.2,178.,180.,183.,182.4,181.6