upperleft_x, upperleft_y, upperright_x, upperright_y, lowerright_x, lowerright_y, lowerleft_x, lowerleft_y, crack_dot_x, crack_dot_y, width_m, y_res, x_res, mean_res, width_px, distance
1488.5981699283095,1704.286668648311,1851.4845364870434,1487.0798199485985,1976.1652049249446,1690.506173715701,1621.153406899131,1905.0881662377733,1493.1916682391795,1661.6327557616605,0.1,0.1815547340429489,0.1826378988339078,0.18209631643842833,0.5491599278660461,205.90110470142776
intensities
119.4,121.,119.6,119.,119.,119.8,122.,124.4,123.6,121.8,120.,121.2,120.2,118.4,113.8,89.6,91.4,118.4,125.6,121.8,114.6,110.8,114.6,116.6,120.6,123.8,123.2,123.4,126.,128.8,129.4,129.4