upperleft_x, upperleft_y, upperright_x, upperright_y, lowerright_x, lowerright_y, lowerleft_x, lowerleft_y, crack_dot_x, crack_dot_y, width_m, y_res, x_res, mean_res, width_px, distance
5408.647443236241,2720.069683260401,6148.751422359305,3138.8982971050877,5892.511556125133,3543.419101160049,5175.820356657983,3131.094037219783,5541.319861286421,2720.069683260401,0.15,0.09146421579238012,0.09123140221799927,0.0913478090051897,1.6420755093477735,103.28937539262793
intensities
124.4,124.6,121.4,115.6,114.4,114.,114.6,117.,124.2,128.8,124.2,124.8,132.4,120.,74.8,63.8,112.2,136.4,132.4,133.,132.8,127.4,119.,111.8,111.,109.,107.6,115.6,126.4,131.4,132.,133.6