upperleft_x, upperleft_y, upperright_x, upperright_y, lowerright_x, lowerright_y, lowerleft_x, lowerleft_y, crack_dot_x, crack_dot_y, width_m, y_res, x_res, mean_res, width_px, distance
5292.871365018824,3584.4606023947204,5502.039591674514,3253.1311005073467,5696.26723071194,3377.0500919294145,5490.614436437018,3703.1064452456367,5263.869047877489,3566.004582395689,0.05,0.1887211667526568,0.19683170087585172,0.19277643381425424,0.2593678024367671,217.977394925382
intensities
136.6,134.8,132.,122.8,117.4,123.8,130.8,136.2,139.4,141.,141.6,141.6,143.4,144.2,141.4,132.6,124.6,129.,135.,133.2,130.8,135.2,136.6,143.,143.8,135.8,120.2,127.2,134.2,135.8,140.