upperleft_x, upperleft_y, upperright_x, upperright_y, lowerright_x, lowerright_y, lowerleft_x, lowerleft_y, crack_dot_x, crack_dot_y, width_m, y_res, x_res, mean_res, width_px, distance
4584.730283007098,2922.9265369818177,6572.215133798034,3086.3121159319735,6469.259837473279,4207.6295824255085,4495.203938376875,4024.100575933553,4992.0751510746095,2808.7804475782846,0.2,0.03900227010230137,0.038473142196402466,0.038737706149351916,5.162928316635651,67.69360651740213
intensities
133.8,133.4,133.4,134.2,134.8,135.8,137.6,136.,132.2,126.8,107.2,73.6,39.6,26.,25.,44.8,94.,134.,143.4,143.8,144.2,143.,141.4,140.4,140.6,141.4,140.8,138.6,135.8,133.6,132.2,131.8