upperleft_x, upperleft_y, upperright_x, upperright_y, lowerright_x, lowerright_y, lowerleft_x, lowerleft_y, crack_dot_x, crack_dot_y, width_m, y_res, x_res, mean_res, width_px, distance
2668.0280772975257,2633.89354568905,3926.025554755317,1441.6346537516183,4577.435174911609,2173.723447046533,3343.3426376430384,3339.08928127109,2829.386423574772,2296.2362655162933,0.2,0.044470944920161085,0.044600625342416544,0.044535785131288814,4.49077072314796,77.82566946523939
intensities
110.2,109.6,108.4,108.6,111.6,114.4,111.4,110.6,111.8,90.2,34.2,4.6,7.8,8.6,25.,71.2,95.8,104.4,104.,105.2,106.,107.8,110.6,112.2,110.4,111.2,112.4,111.2,110.8,112.4,113.4,114.2