upperleft_x, upperleft_y, upperright_x, upperright_y, lowerright_x, lowerright_y, lowerleft_x, lowerleft_y, crack_dot_x, crack_dot_y, width_m, y_res, x_res, mean_res, width_px, distance
3660.093641447368,1595.421930491484,4973.283407283216,2753.28817563707,4292.683980258615,3484.720754887574,3010.5589185608205,2340.9748298047393,3846.4818662756825,1567.181290365982,0.1,0.043765646196038815,0.04410755122978792,0.04393659871291337,2.276006858278019,76.77859947406084
intensities
128.4,124.2,121.,119.6,120.2,119.8,116.,114.,115.4,116.6,115.6,111.4,107.2,104.8,92.4,73.4,56.2,56.2,74.8,96.2,108.,109.2,110.,110.2,111.2,113.4,114.4,113.4,111.,108.4,106.