upperleft_x, upperleft_y, upperright_x, upperright_y, lowerright_x, lowerright_y, lowerleft_x, lowerleft_y, crack_dot_x, crack_dot_y, width_m, y_res, x_res, mean_res, width_px, distance
5239.899072189223,3166.0538404357258,5826.366938164795,3142.9457315861446,5830.351094862999,3475.224400216326,5255.038867642396,3498.3325090659073,5315.598049455091,3115.8534660383602,0.15,0.13084166684561896,0.13159421910230684,0.1312179429739629,1.143136347060127,148.37158677025405
intensities
132.2,136.,139.2,138.8,140.2,139.,135.6,134.,133.6,131.4,130.6,129.4,130.8,136.,121.4,88.,87.2,118.6,132.6,131.4,133.6,138.4,142.6,140.,136.4,138.8,140.4,136.,133.4,140.4,147.8,149.2