upperleft_x, upperleft_y, upperright_x, upperright_y, lowerright_x, lowerright_y, lowerleft_x, lowerleft_y, crack_dot_x, crack_dot_y, width_m, y_res, x_res, mean_res, width_px, distance
3036.2573151696297,2400.903577410483,4140.677270019607,688.51302852257,5083.211563735223,1343.2505913326545,4000.3763637031607,3012.471630584738,3036.2573151696297,2080.729714278079,0.15,0.03800220352720689,0.037992835691467386,0.03799751960933714,3.9476260961818275,66.40014076091009
intensities
128.6,131.4,133.6,134.6,133.2,130.8,131.8,131.6,130.2,112.6,66.8,21.2,13.2,24.4,57.,96.4,123.2,135.,137.,137.,137.8,140.,141.,137.2,131.,128.2,128.2,128.,128.6,127.,122.8