upperleft_x, upperleft_y, upperright_x, upperright_y, lowerright_x, lowerright_y, lowerleft_x, lowerleft_y, crack_dot_x, crack_dot_y, width_m, y_res, x_res, mean_res, width_px, distance
5436.828906916667,1003.646933431747,5865.336677916401,1105.360110315298,5792.49691898689,1347.5030927025903,5372.5199305644865,1245.1337017746293,5474.233107448037,975.4297295221168,0.1,0.173049296383721,0.1753251098222902,0.1741872031030056,0.5740949864202425,196.95806178423084
intensities
143.,142.8,139.8,139.,142.,143.2,142.6,142.8,141.6,143.,142.4,139.8,140.,140.8,142.4,128.4,98.8,117.4,133.6,136.4,143.6,142.,136.8,132.4,134.8,140.,142.4,142.,137.4,134.8,141.2