upperleft_x, upperleft_y, upperright_x, upperright_y, lowerright_x, lowerright_y, lowerleft_x, lowerleft_y, crack_dot_x, crack_dot_y, width_m, y_res, x_res, mean_res, width_px, distance
5482.845330875521,1322.0150361312296,5929.867712413967,1114.042056485001,6026.284304510494,1350.7009643582956,5583.246079670252,1553.0961246270392,5497.985126328695,1272.6114930735048,0.1,0.17143865003416295,0.15610401613270145,0.1637713330834322,0.6106074739530616,185.18056301103735
intensities
144.6,144.2,143.2,140.,138.6,143.2,145.6,146.6,147.2,147.2,144.6,144.4,149.8,146.4,113.,110.4,140.,141.2,135.2,138.8,143.8,143.2,145.4,147.8,135.2,131.4,138.8,141.,143.8,145.4,146.