upperleft_x, upperleft_y, upperright_x, upperright_y, lowerright_x, lowerright_y, lowerleft_x, lowerleft_y, crack_dot_x, crack_dot_y, width_m, y_res, x_res, mean_res, width_px, distance
3397.262339499256,2276.9810705560344,4155.189560792814,2349.164615441135,4105.5633736843065,2774.145235952166,3360.2682727456418,2703.7662796891927,3504.635362515843,2230.9640606917824,0.15,0.1016054195866995,0.10132831553625922,0.10146686756147935,1.4783150756981251,114.73126162091401
intensities
131.6,135.6,169.2,188.6,177.6,142.6,136.6,146.4,151.4,148.,143.6,146.4,149.8,150.,149.8,129.2,78.2,75.4,125.4,156.2,168.4,174.2,165.2,156.4,158.,164.4,165.6,166.8,172.,174.2,172.4,171.