upperleft_x, upperleft_y, upperright_x, upperright_y, lowerright_x, lowerright_y, lowerleft_x, lowerleft_y, crack_dot_x, crack_dot_y, width_m, y_res, x_res, mean_res, width_px, distance
1508.422864934253,1282.624616304725,1899.045992977246,1480.3559696149832,1784.9702122213275,1693.9887953942484,1401.9521362287296,1503.171125766167,1577.5597017560217,1277.7850377272011,0.15,0.178619569295575,0.1767381538652358,0.1776788615804054,0.8442197269038678,200.90617205794862
intensities
133.2,132.8,132.6,132.4,133.,132.2,132.4,130.8,127.6,126.8,130.2,134.2,139.,135.2,104.8,84.2,110.2,132.4,130.2,127.4,131.6,133.6,132.2,130.8,130.2,130.6,134.6,136.4,130.8,124.2,126.