upperleft_x, upperleft_y, upperright_x, upperright_y, lowerright_x, lowerright_y, lowerleft_x, lowerleft_y, crack_dot_x, crack_dot_y, width_m, y_res, x_res, mean_res, width_px, distance
1128.2839280615042,1256.801421846398,1608.538863706142,1264.5119368682156,1612.9448722900377,1528.3217008289741,1141.5019538131914,1522.8141900991045,1125.5301726965695,1220.451851029258,0.05,0.16409651811669146,0.16075353404563672,0.1624250260811641,0.30783433567075374,183.65825819754048
intensities
143.8,141.6,141.2,139.4,141.,144.2,144.2,143.6,143.6,143.2,144.2,142.6,141.6,138.8,135.8,139.8,134.2,143.6,144.,145.,144.2,143.6,143.8,142.2,137.4,132.8,136.,139.8,138.6,136.8,135.8