upperleft_x, upperleft_y, upperright_x, upperright_y, lowerright_x, lowerright_y, lowerleft_x, lowerleft_y, crack_dot_x, crack_dot_y, width_m, y_res, x_res, mean_res, width_px, distance
1985.0164777543218,3018.369354308873,2740.6000774607014,3365.6940735287412,2527.3305130274493,3780.046370141917,1785.152428799731,3443.6897999500447,2114.1968996396063,3006.1825220555443,0.15,0.09295468396080818,0.0929318111784003,0.09294324756960425,1.613888086788301,105.0933798300669
intensities
121.2,121.8,123.2,125.,126.4,125.4,126.8,129.6,125.8,121.6,129.2,135.,136.4,114.2,54.4,46.,111.,140.4,136.,133.4,134.6,135.2,134.8,132.6,130.6,132.6,131.2,130.8,134.,134.6,133.2