upperleft_x, upperleft_y, upperright_x, upperright_y, lowerright_x, lowerright_y, lowerleft_x, lowerleft_y, crack_dot_x, crack_dot_y, width_m, y_res, x_res, mean_res, width_px, distance
1458.0080491616604,1296.3723005351148,1989.049264600459,1550.4677530170186,1835.4951782085172,1841.1237022589085,1313.5940869597152,1589.7702870340038,1514.676819139639,1271.6939652221245,0.1,0.1326758796476958,0.13099744972037763,0.13183666468403674,0.7585143346857467,149.07119171613465
intensities
158.4,156.6,154.,152.2,152.2,154.8,156.6,156.8,156.,155.,154.,151.4,153.4,156.2,133.4,116.4,138.6,160.6,160.8,161.2,159.2,156.8,152.2,155.,160.4,160.,158.8,159.8,160.8,157.2,151.8