upperleft_x, upperleft_y, upperright_x, upperright_y, lowerright_x, lowerright_y, lowerleft_x, lowerleft_y, crack_dot_x, crack_dot_y, width_m, y_res, x_res, mean_res, width_px, distance
3565.865991913265,2180.82344864489,4284.279753246992,2593.500055823233,4037.496400117086,2992.466476716582,3334.1638436968533,2588.0159813092355,3696.112761620716,2175.339374130892,0.15,0.09278794820628483,0.09330590736324529,0.09304692778476506,1.6120897655748294,105.21061378215794
intensities
117.6,118.2,117.2,120.,125.8,129.,128.2,124.2,123.6,125.6,126.2,125.8,126.2,121.8,117.6,122.2,94.6,43.6,62.,123.,136.2,131.,130.6,129.6,126.8,119.4,115.8,119.,127.8,130.,127.2,131.4