upperleft_x, upperleft_y, upperright_x, upperright_y, lowerright_x, lowerright_y, lowerleft_x, lowerleft_y, crack_dot_x, crack_dot_y, width_m, y_res, x_res, mean_res, width_px, distance
3466.275550282301,2502.530040295309,3905.5288262592494,2331.258174704297,3986.7353142549873,2566.018749091977,3552.6497238777683,2737.2906146829887,3484.7315702813326,2459.712073897556,0.1,0.1745064404091104,0.16309176029984757,0.16879910035447898,0.592420219005904,190.8655919865699
intensities
153.,150.2,150.8,149.8,145.,145.8,148.4,148.6,147.8,148.6,150.2,152.2,152.2,153.,157.8,144.,112.8,126.4,150.4,147.4,146.2,149.6,149.8,149.4,150.4,150.6,150.6,152.4,152.8,152.,152.2,153.6