upperleft_x, upperleft_y, upperright_x, upperright_y, lowerright_x, lowerright_y, lowerleft_x, lowerleft_y, crack_dot_x, crack_dot_y, width_m, y_res, x_res, mean_res, width_px, distance
5182.285822711611,3117.9521791696793,5712.41302573141,3377.9184037274654,5559.491717168006,3673.5662669500452,5041.59821883328,3418.697419344373,5238.356969184859,3095.52372058038,0.1,0.13085081410526894,0.13103968983845643,0.1309452519718627,0.7636779378719883,148.06324786657527
intensities
130.,126.,127.2,130.4,131.8,132.,131.8,135.,139.2,141.2,138.2,136.8,138.8,138.6,110.6,86.2,118.,142.6,141.,140.2,135.6,135.4,138.8,144.4,147.2,142.,134.4,129.6,131.2,134.2,135.2,134.