upperleft_x, upperleft_y, upperright_x, upperright_y, lowerright_x, lowerright_y, lowerleft_x, lowerleft_y, crack_dot_x, crack_dot_y, width_m, y_res, x_res, mean_res, width_px, distance
5194.597452814457,806.0550256059256,5924.63557722059,1091.9768592417145,5743.004904214249,1500.9388262043797,5032.887563299134,1220.8760465365374,5312.950342966977,788.4778637020861,0.15,0.09745692165630455,0.09888574067705541,0.09817133116667998,1.5279409805019637,111.00491175538892
intensities
134.6,152.2,165.,165.4,160.2,149.8,139.4,141.2,144.6,140.2,142.4,141.6,140.2,142.8,148.8,124.8,57.6,62.,130.6,144.4,130.8,138.6,151.2,148.4,137.6,141.,150.8,157.8,162.4,166.,167.4