upperleft_x, upperleft_y, upperright_x, upperright_y, lowerright_x, lowerright_y, lowerleft_x, lowerleft_y, crack_dot_x, crack_dot_y, width_m, y_res, x_res, mean_res, width_px, distance
5243.168424303337,3091.1083375101352,5667.363931582662,3028.4164600531076,5698.416917612779,3268.051767342119,5281.8381804917835,3327.2282124183785,5236.7234649385955,3058.297635289635,0.05,0.18091356258777203,0.18009738250818322,0.1805054725479776,0.2769999119373525,204.10229558294634
intensities
144.4,142.6,140.8,140.2,142.2,143.,143.8,145.2,152.4,152.6,153.2,155.6,157.8,155.4,151.4,140.8,134.2,142.6,153.2,157.4,157.8,157.6,159.2,157.2,153.2,152.,155.4,153.8,150.,149.4,148.,144.8