upperleft_x, upperleft_y, upperright_x, upperright_y, lowerright_x, lowerright_y, lowerleft_x, lowerleft_y, crack_dot_x, crack_dot_y, width_m, y_res, x_res, mean_res, width_px, distance
1728.3834689989005,2931.51005104486,2280.5055606143696,2962.5630370749764,2266.2211870405163,3260.6717029640936,1720.9307523516727,3232.724015536989,1766.8891716762448,2890.5201094851063,0.1,0.145062073615689,0.1392172095476634,0.1421396415816762,0.7035335033016674,160.72103926071446
intensities
138.4,140.,138.6,139.6,140.8,138.8,135.8,134.4,132.6,132.4,132.4,134.,134.4,135.,140.4,136.2,102.8,93.8,129.6,145.8,139.2,138.8,139.6,141.2,141.6,140.2,139.6,139.,139.,140.6,140.4,140.4