upperleft_x, upperleft_y, upperright_x, upperright_y, lowerright_x, lowerright_y, lowerleft_x, lowerleft_y, crack_dot_x, crack_dot_y, width_m, y_res, x_res, mean_res, width_px, distance
3574.1471787915607,2459.9452642454803,4030.274530196195,2194.5301194975045,4179.68040637883,2455.5509737695206,3731.462777830924,2717.4506861367286,3550.4180102213777,2423.0332242474174,0.05,0.14439570953347958,0.14615431347681446,0.14527501150514702,0.34417481356199053,164.2662846754319
intensities
159.2,161.2,163.8,164.,162.6,161.2,161.4,163.,164.,162.8,161.,159.,155.6,153.4,142.6,133.8,139.4,154.6,158.6,155.4,154.4,155.2,158.8,160.6,159.4,160.,158.6,159.2,161.6,163.6,165.6,165.