upperleft_x, upperleft_y, upperright_x, upperright_y, lowerright_x, lowerright_y, lowerleft_x, lowerleft_y, crack_dot_x, crack_dot_y, width_m, y_res, x_res, mean_res, width_px, distance
3179.998072070658,2460.280402132447,3751.6425315073257,2495.0480283782413,3721.726201946991,2817.659257961311,3162.2099842239727,2785.3172800582465,3182.423720413388,2415.810182515733,0.05,0.1339460947466583,0.1350279697575294,0.13448703225209385,0.37178305716699717,152.06803218386764
intensities
111.6,123.6,138.8,136.4,136.2,134.8,126.4,127.4,132.,132.4,135.2,136.4,137.2,135.6,128.4,109.,106.4,129.2,136.,128.4,127.8,129.6,125.6,127.8,134.6,134.2,129.6,124.,124.8,127.2,129.2,132.6