upperleft_x, upperleft_y, upperright_x, upperright_y, lowerright_x, lowerright_y, lowerleft_x, lowerleft_y, crack_dot_x, crack_dot_y, width_m, y_res, x_res, mean_res, width_px, distance
2176.0720249735014,2759.144885983429,2584.1785700568466,3547.2696714277836,2118.24316230987,3771.9761092064673,1718.3978833213296,2983.8513237621128,2238.8576472940163,2726.099821604211,0.05,0.0847047155422071,0.08637781424338947,0.08554126489279829,0.5845132178330636,96.72376291554514
intensities
145.4,145.6,145.,144.,142.4,142.,141.8,142.4,143.4,144.4,144.2,145.8,145.2,146.2,149.6,148.,106.8,85.,119.6,137.4,135.,136.8,135.6,136.4,140.,138.4,137.4,142.,143.8,143.2,137.8,130.6