upperleft_x, upperleft_y, upperright_x, upperright_y, lowerright_x, lowerright_y, lowerleft_x, lowerleft_y, crack_dot_x, crack_dot_y, width_m, y_res, x_res, mean_res, width_px, distance
1730.1277093651588,2709.9053964368068,2932.7102543941114,3460.098666492675,2480.3209794210275,4139.819235422084,1295.9249379085804,3398.719217124468,2034.7516432666325,2764.4649069863244,0.2,0.053349841881500895,0.054360858711755604,0.053855350296628246,3.7136514552115267,94.11148088586037
intensities
152.6,157.6,160.4,158.2,155.2,152.8,152.4,151.,150.,151.2,155.,155.,121.8,60.2,27.,21.6,75.6,143.,159.6,161.4,164.8,168.4,169.,164.6,161.,157.4,151.8,146.6,149.,153.2,155.2