upperleft_x, upperleft_y, upperright_x, upperright_y, lowerright_x, lowerright_y, lowerleft_x, lowerleft_y, crack_dot_x, crack_dot_y, width_m, y_res, x_res, mean_res, width_px, distance
4285.0426020736195,2276.194785513536,5950.420101922729,1654.127307628721,6298.190109244162,2601.923031807553,4652.405285863864,3209.2960023407577,4451.5803520585305,2063.1244289151937,0.15,0.043232514075644504,0.043317668198992604,0.043275091137318554,3.466197206241041,75.62262412131413
intensities
119.2,120.2,122.,124.4,127.,129.,129.6,130.2,131.2,129.2,105.2,54.4,18.4,10.6,15.2,47.2,86.6,116.2,123.2,122.8,122.8,120.2,117.2,112.2,110.,115.6,120.8,121.2,120.6,120.2,121.4,122.4