upperleft_x, upperleft_y, upperright_x, upperright_y, lowerright_x, lowerright_y, lowerleft_x, lowerleft_y, crack_dot_x, crack_dot_y, width_m, y_res, x_res, mean_res, width_px, distance
3757.8865253209656,2306.3478208541756,3963.586192027631,2662.0041148164637,3757.8865253209656,2772.705080486845,3556.897538004529,2421.759465914786,3786.9357148940444,2291.430669451784,0.05,0.18695333124331343,0.18766710623024296,0.1873102187367782,0.26693685126844896,211.79660145848896
intensities
150.6,151.,152.2,150.8,148.,143.8,145.6,149.8,153.4,158.6,159.2,158.,157.8,158.2,161.2,142.2,123.,138.6,149.,149.,150.2,153.8,153.4,152.,153.2,153.6,151.6,153.8,154.8,149.,147.,151.6