upperleft_x, upperleft_y, upperright_x, upperright_y, lowerright_x, lowerright_y, lowerleft_x, lowerleft_y, crack_dot_x, crack_dot_y, width_m, y_res, x_res, mean_res, width_px, distance
4655.113926513246,816.5028906415678,6174.2494393224115,2043.6231536882808,5439.289709583204,2873.7339198669397,3969.3702501047883,1682.705429262777,4851.9781398362475,773.8489777549175,0.1,0.03930437653522303,0.03980067827058308,0.039552527402903055,2.528283438915215,69.11749540507263
intensities
119.,118.6,118.2,117.4,116.2,115.2,114.,113.6,113.4,113.6,113.2,113.6,112.,108.,96.6,74.6,57.6,65.4,88.4,105.6,112.8,113.,114.2,114.8,115.6,116.2,116.4,116.6,116.6,117.,118.2