upperleft_x, upperleft_y, upperright_x, upperright_y, lowerright_x, lowerright_y, lowerleft_x, lowerleft_y, crack_dot_x, crack_dot_y, width_m, y_res, x_res, mean_res, width_px, distance
1737.1117016949506,1030.7532607090548,2264.4265588101343,1317.6125429797148,2100.9589531044276,1609.7449738215269,1583.1357634173169,1331.3227292647098,1795.1163359776208,1009.6606664244475,0.1,0.12937593068558856,0.1287692887331216,0.12907260970935508,0.7747577137022286,145.9458019011525
intensities
152.8,152.2,150.8,152.2,154.4,155.2,159.,161.,162.6,165.4,167.2,168.4,166.2,163.4,165.6,152.6,110.4,120.4,160.2,170.2,164.8,159.2,158.2,158.2,164.4,171.,166.2,157.8,155.,155.4,155.,157.8