upperleft_x, upperleft_y, upperright_x, upperright_y, lowerright_x, lowerright_y, lowerleft_x, lowerleft_y, crack_dot_x, crack_dot_y, width_m, y_res, x_res, mean_res, width_px, distance
1630.2460727519874,1509.977002855334,2188.9420229194925,1542.6705239964754,2178.0441825391117,1844.9039638790268,1626.6134592918606,1815.8430561980124,1667.298730045281,1471.4713001779896,0.1,0.14302204776026356,0.13760893592836212,0.14031549184431286,0.7126796812354481,158.65842507164092
intensities
130.6,130.4,130.2,130.6,130.2,127.2,125.2,125.6,126.8,127.2,128.8,131.,131.4,135.2,133.4,105.8,96.6,122.6,138.6,135.6,133.4,134.4,132.6,131.8,131.4,130.4,129.2,128.,128.8,132.2,130.6,130.2