upperleft_x, upperleft_y, upperright_x, upperright_y, lowerright_x, lowerright_y, lowerleft_x, lowerleft_y, crack_dot_x, crack_dot_y, width_m, y_res, x_res, mean_res, width_px, distance
3530.3946932859203,2317.9077343329345,4059.607883886719,2560.1210253678423,3913.365896846775,2854.4330242857304,3395.1208552739718,2617.7038077648203,3658.356431945872,2323.3918088469322,0.2,0.13231028901816183,0.1328457892899629,0.13257803915406235,1.5085454670783744,149.90948337058074
intensities
125.8,122.6,119.4,119.8,115.2,113.4,115.8,125.8,135.4,140.2,139.4,132.,126.,132.8,132.8,81.,49.,106.2,142.8,140.8,137.2,135.,134.8,137.4,138.8,139.6,141.2,141.4,141.2,141.2,141.4