upperleft_x, upperleft_y, upperright_x, upperright_y, lowerright_x, lowerright_y, lowerleft_x, lowerleft_y, crack_dot_x, crack_dot_y, width_m, y_res, x_res, mean_res, width_px, distance
2719.1260587627808,1827.0514264386943,4676.940660260037,2027.8529240281564,4531.120525105784,3127.480172732354,2601.9918518355944,2926.6786751428917,3130.2910300173935,1717.0887015682745,0.2,0.039275937567769884,0.03915432326613251,0.0392151304169512,5.100072290300166,68.52789883166881
intensities
139.4,140.,140.6,142.6,143.4,144.,143.2,144.6,144.4,143.,141.,137.2,134.4,135.2,124.8,92.8,54.6,26.,17.4,34.6,82.8,125.,141.8,147.4,149.2,146.6,144.8,144.6,144.8,144.,144.8,143.4