upperleft_x, upperleft_y, upperright_x, upperright_y, lowerright_x, lowerright_y, lowerleft_x, lowerleft_y, crack_dot_x, crack_dot_y, width_m, y_res, x_res, mean_res, width_px, distance
5447.574411893879,871.4549578069381,5781.774850225547,1159.8844665410081,5607.409404139459,1347.3273210835523,5281.20071542007,1064.7099938856852,5539.116271089075,901.9689108720034,0.2,0.1702518917376554,0.17525487495691036,0.17275338334728288,1.1577197281163736,195.33680399373696
intensities
134.2,134.2,136.,138.,138.4,136.6,134.6,135.2,134.2,133.,133.2,132.6,130.4,127.6,115.8,88.8,83.2,121.8,139.6,134.4,136.8,140.4,135.4,127.2,127.8,137.2,138.4,133.2,131.8,134.8,134.2