upperleft_x, upperleft_y, upperright_x, upperright_y, lowerright_x, lowerright_y, lowerleft_x, lowerleft_y, crack_dot_x, crack_dot_y, width_m, y_res, x_res, mean_res, width_px, distance
5569.6806120182655,3186.040245331185,6163.64806707281,3014.7683797401733,6258.986593239235,3353.0935920652755,5672.61247212715,3520.99064257075,5634.645802414857,3119.387647391826,0.15,0.1239476387155959,0.1245822695202021,0.124264954117899,1.2070981803742054,140.5096590034486
intensities
144.4,146.4,140.4,132.2,134.6,146.4,151.4,144.,149.4,159.6,164.,161.8,159.,146.4,107.2,84.,125.6,157.8,150.2,148.,153.,148.6,130.,122.2,130.2,142.2,150.4,151.6,150.4,147.8,145.6,143.6