upperleft_x, upperleft_y, upperright_x, upperright_y, lowerright_x, lowerright_y, lowerleft_x, lowerleft_y, crack_dot_x, crack_dot_y, width_m, y_res, x_res, mean_res, width_px, distance
1454.5629254285082,1654.8303941048748,1640.1777551330529,1233.822212184112,1889.07036769142,1347.7222213209916,1707.6740568437967,1761.137069299296,1429.2518122869792,1613.4889093070444,0.1,0.15868827395086105,0.16784702100122423,0.1632676474760426,0.6124912163916229,184.61103241858962
intensities
136.2,135.2,135.6,136.6,134.4,134.,132.2,130.6,130.,130.6,133.2,136.6,136.2,119.8,87.2,95.,130.4,139.8,132.4,127.8,128.,128.8,127.4,126.6,128.6,131.,131.,126.4,127.8,130.,131.8,134.