upperleft_x, upperleft_y, upperright_x, upperright_y, lowerright_x, lowerright_y, lowerleft_x, lowerleft_y, crack_dot_x, crack_dot_y, width_m, y_res, x_res, mean_res, width_px, distance
1520.7075433888472,1126.1456901719848,2272.7288382827155,1547.4351066832094,2025.9923575845526,1956.912670395054,1288.4077716677043,1551.3723909496694,1653.2627803596686,1126.1456901719848,0.15,0.09038319680882195,0.08980988048268433,0.09009653864575315,1.664880829548611,101.87453101616163
intensities
120.2,120.6,120.8,121.6,122.6,115.4,108.2,110.,111.,115.4,120.4,123.,123.2,119.,122.2,123.6,91.,51.4,77.,123.2,128.2,125.8,126.8,128.2,124.2,113.2,107.6,104.4,102.8,102.6,112.8,122.8