upperleft_x, upperleft_y, upperright_x, upperright_y, lowerright_x, lowerright_y, lowerleft_x, lowerleft_y, crack_dot_x, crack_dot_y, width_m, y_res, x_res, mean_res, width_px, distance
5114.940684593241,1397.9612654745454,5528.566458514391,1286.1705157661263,5582.598654206794,1521.5521498744088,5177.667716374076,1628.9954815386116,5161.520163638415,1349.5186072675638,0.15,0.18091358722781323,0.18055984477914375,0.1807367160034785,0.8299365138244134,204.3637686532086
intensities
148.8,144.2,136.,130.4,129.,127.,128.2,137.6,144.2,142.8,139.8,142.2,148.6,148.6,116.2,79.8,102.8,140.6,140.6,135.,141.4,142.8,142.8,144.8,143.2,144.,140.8,135.4,135.4,142.4,146.4,141.6