upperleft_x, upperleft_y, upperright_x, upperright_y, lowerright_x, lowerright_y, lowerleft_x, lowerleft_y, crack_dot_x, crack_dot_y, width_m, y_res, x_res, mean_res, width_px, distance
2772.1294045784116,1677.6443784452642,4540.7668715586115,1945.8953053137266,4354.355210514426,2948.426311661115,2615.270811748548,2671.0821330343997,3031.287079688621,1575.3452961649186,0.15,0.042955256945740386,0.04309993598298964,0.04302759646436501,3.4861347675840633,75.19013059829868
intensities
118.2,118.2,117.2,116.6,116.8,119.,121.2,122.4,124.4,126.6,127.,130.8,131.6,120.6,95.4,54.,17.2,15.4,64.4,117.8,127.6,124.4,123.8,123.6,123.8,122.4,120.6,121.8,122.4,121.2,121.4,122.