upperleft_x, upperleft_y, upperright_x, upperright_y, lowerright_x, lowerright_y, lowerleft_x, lowerleft_y, crack_dot_x, crack_dot_y, width_m, y_res, x_res, mean_res, width_px, distance
1096.3831369222262,907.6100080323424,2926.8922138039406,1199.2971507725906,2738.5587830582685,2219.0537757857414,944.7976926635146,1941.1471279781035,1371.993035574429,811.1465435040716,0.15,0.041795405659173404,0.04170513408408218,0.04175026987162779,3.592791147487538,72.95802001772901
intensities
101.4,103.,103.8,104.6,105.,106.6,109.2,111.,113.8,115.6,113.,106.2,87.2,57.,23.8,9.2,31.8,82.2,111.,110.,106.2,108.6,109.2,107.6,105.8,105.8,106.4,105.6,105.6,106.,106.8