upperleft_x, upperleft_y, upperright_x, upperright_y, lowerright_x, lowerright_y, lowerleft_x, lowerleft_y, crack_dot_x, crack_dot_y, width_m, y_res, x_res, mean_res, width_px, distance
1200.3819307586732,2882.0080758804734,1793.962688251332,2847.8497912473454,1801.0521435525475,3176.5427188491435,1221.0058007258447,3213.923483164642,1317.0356952604877,2827.870417216648,0.2,0.13155840796891882,0.13012985492786633,0.13084413144839258,1.5285362651429562,147.94890822534742
intensities
81.6,91.,73.6,75.8,86.6,93.8,91.6,86.2,80.,79.2,85.6,87.4,91.2,100.8,87.8,53.8,56.2,88.8,107.4,110.8,109.,106.8,106.6,108.6,117.4,118.6,115.4,113.8,120.4,124.6,110.4,105.8