upperleft_x, upperleft_y, upperright_x, upperright_y, lowerright_x, lowerright_y, lowerleft_x, lowerleft_y, crack_dot_x, crack_dot_y, width_m, y_res, x_res, mean_res, width_px, distance
3540.5138653939607,1853.9444841515685,4228.390237446751,2145.6316268918167,4051.5405524782536,2530.3371104271832,3379.7414245135087,2246.6885897309576,3654.2029485879943,1840.1639892189582,0.15,0.10262054072682117,0.10363816669374235,0.10312935371028176,1.4544840494335936,116.61107852926416
intensities
163.2,184.6,191.8,180.6,163.6,160.8,168.6,177.2,178.,163.4,159.8,180.6,184.6,176.2,156.2,94.6,85.,152.8,183.8,177.4,167.,162.6,175.4,179.8,175.2,171.6,175.6,165.8,155.6,161.2,181.,188.8