upperleft_x, upperleft_y, upperright_x, upperright_y, lowerright_x, lowerright_y, lowerleft_x, lowerleft_y, crack_dot_x, crack_dot_y, width_m, y_res, x_res, mean_res, width_px, distance
5152.494876906191,3209.338187529327,5588.40849212141,3106.8984879537506,5645.0772620993885,3354.6427259344,5214.249305728347,3454.902857433901,5172.837512282901,3170.832484851983,0.1,0.17147868279091297,0.17188481982320647,0.17168175130705973,0.582473088949017,194.12508139972172
intensities
160.2,149.2,154.8,157.2,159.4,162.4,160.8,161.2,163.2,162.,163.,162.2,167.6,164.6,137.6,118.8,139.6,157.6,161.2,160.,157.6,149.2,145.,146.6,148.8,147.,138.,137.4,157.2,169.2,156.8