upperleft_x, upperleft_y, upperright_x, upperright_y, lowerright_x, lowerright_y, lowerleft_x, lowerleft_y, crack_dot_x, crack_dot_y, width_m, y_res, x_res, mean_res, width_px, distance
5312.15468343813,3281.9951439750375,6048.731512072491,3519.239957245127,5903.403537451546,3932.8657311662773,5181.732142111641,3691.894559572574,5474.872330235939,3273.300307886605,0.2,0.10017464041346907,0.09969662836919434,0.0999356343913317,2.00128814129335,112.99985591510183
intensities
122.4,116.6,117.,115.6,110.4,110.6,114.4,117.4,116.6,116.4,116.2,113.2,106.,108.4,107.8,67.8,34.8,66.8,114.,120.8,115.,110.8,110.2,121.2,123.8,113.,110.4,109.4,112.6,116.8,118.8,121.2