upperleft_x, upperleft_y, upperright_x, upperright_y, lowerright_x, lowerright_y, lowerleft_x, lowerleft_y, crack_dot_x, crack_dot_y, width_m, y_res, x_res, mean_res, width_px, distance
3351.540625954989,2157.933296602917,3919.1540562617092,2063.2158301570935,3963.4016318276413,2384.7021213783178,3408.9242005170568,2478.728219455923,3457.3199862922947,2094.3274067268894,0.2,0.13376363346070047,0.13447116046887814,0.1341173969647893,1.4912308509276189,151.65007582164563
intensities
112.2,117.2,120.8,122.6,124.2,124.8,129.,127.2,125.8,125.4,123.4,124.6,126.8,131.4,121.,69.,52.2,104.6,127.2,130.8,137.8,136.6,132.6,130.4,130.,129.2,127.6,128.2,125.8,119.4,117.8,116.2