upperleft_x, upperleft_y, upperright_x, upperright_y, lowerright_x, lowerright_y, lowerleft_x, lowerleft_y, crack_dot_x, crack_dot_y, width_m, y_res, x_res, mean_res, width_px, distance
1640.6652284231868,3112.26538138839,2062.4819597915266,3348.549309807736,1905.2366693997785,3588.993166544324,1490.9078090024743,3352.709238124978,1663.960826999742,3080.6499261773506,0.05,0.15248825675132044,0.15929980504363178,0.1558940308974761,0.32073068938016336,176.27348979902234
intensities
132.4,134.8,135.4,136.2,133.,127.2,125.2,124.2,124.2,125.4,127.6,130.4,133.6,135.6,136.8,125.6,104.6,111.,128.2,137.2,137.8,140.,141.2,142.8,143.4,142.2,140.6,143.2,144.6,144.2,146.,148.8