upperleft_x, upperleft_y, upperright_x, upperright_y, lowerright_x, lowerright_y, lowerleft_x, lowerleft_y, crack_dot_x, crack_dot_y, width_m, y_res, x_res, mean_res, width_px, distance
3634.581562754738,1576.1972026118578,4944.666029987573,2752.226515058078,4256.110007674502,3474.2963260678034,2979.5393291383207,2316.5472620015767,3832.6175868713294,1548.7768300418684,0.1,0.04380145530434053,0.043918544630886194,0.04385999996761336,2.279981761829479,76.64474422449925
intensities
129.8,120.2,117.,120.4,117.2,115.6,119.6,123.6,125.,123.6,119.2,116.2,116.2,115.,107.6,81.6,54.6,57.,86.2,109.8,118.4,118.6,116.6,113.,113.2,114.4,113.8,117.4,118.,116.,115.6