upperleft_x, upperleft_y, upperright_x, upperright_y, lowerright_x, lowerright_y, lowerleft_x, lowerleft_y, crack_dot_x, crack_dot_y, width_m, y_res, x_res, mean_res, width_px, distance
1509.2595378408764,2828.5723318820083,1943.0404574117624,3066.8600567583917,1788.396586981783,3306.1203845934547,1361.4238881216506,3069.777865634429,1558.8622887335114,2813.983287501821,0.1,0.15322704658719205,0.15565584135372657,0.1544414439704593,0.6474945936087431,174.63101147328013
intensities
139.4,138.,136.,136.,137.8,138.4,138.4,138.6,136.4,134.4,131.8,133.2,133.6,132.,129.4,105.,88.4,117.,136.8,136.4,136.2,135.8,138.4,141.4,141.2,137.8,135.,136.6,134.4,123.2,119.,124.