upperleft_x, upperleft_y, upperright_x, upperright_y, lowerright_x, lowerright_y, lowerleft_x, lowerleft_y, crack_dot_x, crack_dot_y, width_m, y_res, x_res, mean_res, width_px, distance
5243.141472655085,3461.6489721725943,5686.5781131651465,3372.005446463013,5736.778487562512,3617.628706907266,5298.720458595025,3706.0769856073857,5323.2230222889775,3410.850974270498,0.2,0.17352523240488477,0.17013094406289433,0.17182808823388954,1.1639540546349054,194.2905484200448
intensities
129.4,128.2,128.4,125.8,123.,123.,120.6,112.6,108.2,111.4,115.,116.6,122.4,125.6,84.2,56.,104.8,131.8,129.2,127.4,127.8,126.8,124.4,121.2,114.2,111.,117.4,118.6,108.6,103.8,111.