upperleft_x, upperleft_y, upperright_x, upperright_y, lowerright_x, lowerright_y, lowerleft_x, lowerleft_y, crack_dot_x, crack_dot_y, width_m, y_res, x_res, mean_res, width_px, distance
1169.2838300130038,2776.6130694834646,2931.8161627586032,3022.6464637054737,2755.775027237683,4019.5059058118895,1008.0895372468599,3777.7144666626737,1432.2850445261859,2676.927125272823,0.15,0.042935853377211994,0.04317170937970978,0.04305378137846089,3.4840145324620098,75.23588837406021
intensities
107.2,108.4,108.4,107.,106.2,107.4,107.,106.6,107.6,107.8,111.2,116.8,116.,108.4,86.8,56.4,27.8,23.6,51.8,84.6,107.2,113.4,112.4,111.4,112.4,111.2,110.,110.2,110.,111.2,112.2,112.