upperleft_x, upperleft_y, upperright_x, upperright_y, lowerright_x, lowerright_y, lowerleft_x, lowerleft_y, crack_dot_x, crack_dot_y, width_m, y_res, x_res, mean_res, width_px, distance
5080.866184431855,2779.7136808433024,5659.623535385609,3225.7048688833893,5395.380201431222,3544.0858615016014,4830.801761079899,3105.8286246992043,5155.627713062851,2766.8237621138205,0.1,0.10549331331814502,0.10585989065968113,0.10567660198891307,0.9462832653390141,119.49131929841963
intensities
161.2,158.2,155.2,157.2,157.6,153.8,154.8,159.,158.2,151.4,151.4,154.,159.,163.6,135.8,86.2,114.4,145.8,144.2,151.2,155.,151.4,148.4,152.2,149.,150.4,158.,159.6,155.,152.4,150.8