upperleft_x, upperleft_y, upperright_x, upperright_y, lowerright_x, lowerright_y, lowerleft_x, lowerleft_y, crack_dot_x, crack_dot_y, width_m, y_res, x_res, mean_res, width_px, distance
1899.0776318686728,1316.1149687855072,2626.6315173923967,1554.97688095075,2484.045580028451,1955.9236620852644,1769.8972099833886,1721.9364828213531,1917.3578802486659,1263.7115900961937,0.05,0.10218088755374413,0.10084207666813182,0.10151148211093797,0.49255511751229225,114.78170846793952
intensities
96.8,97.4,93.6,85.8,85.,89.4,99.4,111.,115.6,118.6,124.4,135.2,149.8,138.4,102.8,101.6,143.,146.4,131.8,141.2,152.8,149.4,151.4,149.6,147.8,148.,150.,141.8,139.8,149.2,154.