upperleft_x, upperleft_y, upperright_x, upperright_y, lowerright_x, lowerright_y, lowerleft_x, lowerleft_y, crack_dot_x, crack_dot_y, width_m, y_res, x_res, mean_res, width_px, distance
918.2690681074458,2811.9513675857374,2900.4104616796158,2973.9424916915223,2765.4178582581285,4083.1317164714083,796.7757250281073,3930.1400992603894,1341.2458921614389,2697.2076546774733,0.2,0.038802582602232384,0.0386035143935276,0.03870304849787999,5.1675515950883115,67.63304275008684
intensities
126.8,123.,122.8,123.,124.8,127.,128.2,127.6,126.4,126.,121.8,104.6,68.6,38.2,25.2,22.2,29.4,69.,117.8,133.2,137.2,136.8,135.,133.2,130.4,130.8,133.2,132.2,130.6,130.6,129.4,128.