upperleft_x, upperleft_y, upperright_x, upperright_y, lowerright_x, lowerright_y, lowerleft_x, lowerleft_y, crack_dot_x, crack_dot_y, width_m, y_res, x_res, mean_res, width_px, distance
1398.8761328955575,1484.6049555525387,2180.602831406914,1837.0973603721354,1971.1885244845705,2255.9259742168224,1206.3710557247075,1921.6435091296032,1531.5485509457378,1472.8985657245814,0.15,0.09199237555095174,0.09042313407867132,0.09120775481481153,1.6445970006011046,103.13101242801145
intensities
125.2,124.4,128.2,127.,125.4,125.6,123.6,123.2,125.2,125.6,126.8,127.8,131.6,138.8,134.8,89.8,39.2,69.4,128.4,142.4,134.6,134.,133.6,133.4,132.8,134.4,134.6,132.6,132.6,133.8,136.8,135.