upperleft_x, upperleft_y, upperright_x, upperright_y, lowerright_x, lowerright_y, lowerleft_x, lowerleft_y, crack_dot_x, crack_dot_y, width_m, y_res, x_res, mean_res, width_px, distance
3404.5674079864916,2397.831089509692,4141.050491757365,2295.004692372231,4186.7511127073485,2710.7045713980347,3466.9663327451217,2810.0155361547277,3490.695501315305,2327.5224418943344,0.15,0.1041812395337387,0.1040714087373891,0.1041263241355639,1.4405579112224527,117.73837926733074
intensities
151.6,154.,162.,150.,141.6,148.2,165.4,170.4,149.8,127.6,131.,157.2,168.,162.4,147.6,80.8,52.2,120.4,170.6,149.4,135.4,157.8,160.,156.2,155.4,154.4,161.2,165.2,173.,174.6,169.6,163.2