upperleft_x, upperleft_y, upperright_x, upperright_y, lowerright_x, lowerright_y, lowerleft_x, lowerleft_y, crack_dot_x, crack_dot_y, width_m, y_res, x_res, mean_res, width_px, distance
5146.376852752861,3149.6309121635722,5808.742903829212,3256.207103840519,5734.039965737894,3627.729715948006,5087.610541454358,3521.153524271059,5201.159007353161,3100.8249926105777,0.1,0.11521810309868108,0.11538829333838893,0.11530319821853499,0.8672786318595368,130.376365393594
intensities
128.,132.2,140.4,148.,165.,176.8,173.4,166.,161.4,162.8,178.8,174.4,155.,144.4,139.4,116.6,88.,116.8,149.4,147.8,138.,126.6,135.2,157.8,151.6,134.2,119.8,120.2,129.4,132.4,125.8