upperleft_x, upperleft_y, upperright_x, upperright_y, lowerright_x, lowerright_y, lowerleft_x, lowerleft_y, crack_dot_x, crack_dot_y, width_m, y_res, x_res, mean_res, width_px, distance
3491.856765811752,1990.6127770078883,3887.9405321528707,2114.8481573442255,3811.796266785438,2337.26956407541,3423.0597541201246,2213.7021158914185,3501.8757480969407,1962.5596266093603,0.05,0.18568130469789612,0.18590574091830242,0.18579352280809927,0.26911594787749166,210.08163339477886
intensities
97.,96.,95.6,94.8,91.8,95.8,105.,105.6,107.4,103.6,112.,118.4,122.,133.2,143.6,137.6,130.,151.6,163.4,163.2,164.2,160.,161.4,161.6,159.8,158.4,153.2,134.,122.4,129.8,151.4,160.4