upperleft_x, upperleft_y, upperright_x, upperright_y, lowerright_x, lowerright_y, lowerleft_x, lowerleft_y, crack_dot_x, crack_dot_y, width_m, y_res, x_res, mean_res, width_px, distance
3580.1720439868004,2732.0479331924707,3747.4011623399288,2313.5825806937964,3990.0011509367214,2413.2919611203097,3829.838051668936,2825.4764077653454,3554.263307340541,2693.577384838934,0.1,0.1645137591753041,0.17136588171177417,0.1679398204435391,0.5954513928614072,189.8939815423241
intensities
149.4,148.8,152.,154.2,154.4,152.8,150.6,144.8,141.2,145.6,149.4,149.4,151.4,156.4,153.4,124.4,100.8,124.,153.2,150.,147.2,148.8,148.6,147.2,146.,144.2,146.,147.8,146.8,147.2,148.2,148.8