upperleft_x, upperleft_y, upperright_x, upperright_y, lowerright_x, lowerright_y, lowerleft_x, lowerleft_y, crack_dot_x, crack_dot_y, width_m, y_res, x_res, mean_res, width_px, distance
3561.3381150068362,2226.0401117371202,4117.538108183996,2162.2350140261833,4147.82941719828,2474.8155432161284,3600.6523671317573,2536.687153117643,3592.2739199575935,2178.347412438036,0.1,0.13871873253928102,0.1377762947766789,0.13824751365797996,0.7233403144406407,156.3201076284741
intensities
149.6,151.2,143.8,127.4,117.4,127.,128.,126.6,134.8,144.2,144.2,144.2,149.2,151.,161.4,148.2,105.8,113.6,152.2,154.8,146.6,146.,147.,149.4,155.6,159.2,153.4,148.4,152.8,154.,151.4,155.4