upperleft_x, upperleft_y, upperright_x, upperright_y, lowerright_x, lowerright_y, lowerleft_x, lowerleft_y, crack_dot_x, crack_dot_y, width_m, y_res, x_res, mean_res, width_px, distance
1617.3309600904433,1144.2607132300823,2049.705706709022,1109.0829532065313,2067.0719426700152,1350.874392355747,1642.7123818795876,1386.9427285824254,1611.0969266685483,1110.8641056127872,0.05,0.17885970013034233,0.17797487767630737,0.17841728890332487,0.2802418998031767,201.7411312954807
intensities
137.4,137.4,137.4,136.,137.2,143.4,143.2,146.8,150.,149.4,151.6,154.8,151.4,147.,142.8,133.4,134.,149.2,157.6,155.,152.4,153.2,154.2,152.6,149.6,150.8,149.8,144.4,147.,148.6,140.6,142.