upperleft_x, upperleft_y, upperright_x, upperright_y, lowerright_x, lowerright_y, lowerleft_x, lowerleft_y, crack_dot_x, crack_dot_y, width_m, y_res, x_res, mean_res, width_px, distance
2052.4776251412577,2903.1451989752372,1962.658327812638,3383.8922951531827,1681.2245295162963,3335.988669911252,1773.6100924828766,2866.362058164469,2096.959562865907,2912.5548396477593,0.05,0.15351132177030047,0.1581152161231707,0.15581326894673558,0.32089693219319076,176.1821701325922
intensities
146.2,146.2,146.,144.6,144.2,144.8,142.8,141.8,142.6,143.2,143.6,142.,139.2,142.,149.2,132.,110.8,129.2,137.4,131.,127.8,135.4,139.2,138.,137.,142.2,142.8,139.6,140.8,138.,128.