upperleft_x, upperleft_y, upperright_x, upperright_y, lowerright_x, lowerright_y, lowerleft_x, lowerleft_y, crack_dot_x, crack_dot_y, width_m, y_res, x_res, mean_res, width_px, distance
3316.550809541383,1600.4395360960034,4812.450136846173,2849.657790399158,4081.894651418252,3678.2531894559343,2617.621102703415,2448.0104023067515,3515.7932146580883,1559.326023929064,0.1,0.039487528239809416,0.039624053045789344,0.03955579064279938,2.5280748627433574,69.1231978717252
intensities
126.8,126.4,124.2,121.2,120.6,121.,123.4,126.2,126.2,126.8,125.8,118.2,100.,74.,68.4,78.2,95.,107.2,116.6,120.8,123.,123.,121.4,122.2,121.6,120.2,121.,122.8,123.2,125.,126.