upperleft_x, upperleft_y, upperright_x, upperright_y, lowerright_x, lowerright_y, lowerleft_x, lowerleft_y, crack_dot_x, crack_dot_y, width_m, y_res, x_res, mean_res, width_px, distance
5158.851950461414,1131.2829086910801,5827.252827124749,1240.9643989710385,5741.945001351449,1615.9438529196138,5090.418200115799,1510.9496058140128,5214.161419918829,1084.4104769475082,0.1,0.11293659467732547,0.11442161667344837,0.11367910567538692,0.8796691300998806,128.53996114713794
intensities
130.6,124.4,134.2,145.8,159.8,166.8,165.8,165.2,167.6,165.4,166.8,176.4,165.8,145.4,130.4,110.8,101.4,113.8,139.4,141.8,137.,131.,116.6,134.4,157.,145.4,125.8,123.6,131.4,139.8,148.2