upperleft_x, upperleft_y, upperright_x, upperright_y, lowerright_x, lowerright_y, lowerleft_x, lowerleft_y, crack_dot_x, crack_dot_y, width_m, y_res, x_res, mean_res, width_px, distance
3203.2415250668982,1882.3444905449983,3854.2058571216253,1762.3510652814543,3908.20289849022,2133.580724690544,3273.7376624092303,2252.0742321382936,3236.239717014373,1826.097572452712,0.1,0.11576468267980033,0.11703812617289414,0.11640140442634725,0.8590961637690102,131.61813609934558
intensities
123.4,124.2,132.,133.,123.4,115.,114.,103.6,98.,116.8,131.,134.2,136.6,136.4,135.2,93.8,76.,119.8,140.,148.4,143.,127.8,131.2,129.4,126.6,119.6,120.4,133.2,143.2,144.,140.8