upperleft_x, upperleft_y, upperright_x, upperright_y, lowerright_x, lowerright_y, lowerleft_x, lowerleft_y, crack_dot_x, crack_dot_y, width_m, y_res, x_res, mean_res, width_px, distance
3330.660129424021,1500.066998973949,4623.261179616504,2647.3986650851666,3947.313841442453,3367.816222875931,2681.3949230199987,2238.2726446113993,3674.563161126608,1630.5129765163097,0.2,0.044140661846389734,0.04467346598862512,0.04440706391750743,4.503787964264628,77.6007309218325
intensities
124.2,126.4,125.4,123.8,122.6,122.6,123.2,123.6,126.6,125.6,122.6,122.8,125.4,129.6,130.6,127.4,89.8,27.8,9.6,12.8,26.2,83.8,123.8,129.6,127.6,128.4,128.,130.6,133.6,134.2,132.8