upperleft_x, upperleft_y, upperright_x, upperright_y, lowerright_x, lowerright_y, lowerleft_x, lowerleft_y, crack_dot_x, crack_dot_y, width_m, y_res, x_res, mean_res, width_px, distance
1545.1808118129593,3018.6951177094907,2129.2581837696093,3092.0036009564374,2074.2768213343993,3418.704450209134,1500.558256793079,3354.1611116982353,1631.2385964941575,2982.0408760860173,0.15,0.1299205616296108,0.13122214948136063,0.1305713555554857,1.1487971413167888,147.640473333396
intensities
145.2,148.8,146.2,140.4,138.4,138.8,142.2,145.,140.4,138.4,140.6,141.4,145.2,138.6,91.,66.,105.8,139.8,135.4,129.6,131.8,133.6,133.8,137.6,139.6,139.8,138.8,138.8,135.,133.,136.2,138.