upperleft_x, upperleft_y, upperright_x, upperright_y, lowerright_x, lowerright_y, lowerleft_x, lowerleft_y, crack_dot_x, crack_dot_y, width_m, y_res, x_res, mean_res, width_px, distance
5161.561177016191,1167.9945690434397,5626.652880991784,1111.677342303538,5646.901771505007,1374.9129189754376,5190.66895712895,1427.43347874411,5217.245625927555,1122.4345653886878,0.15,0.16569428397727237,0.16492343808854848,0.16530886103291043,0.90739237487177,186.9190863897567
intensities
151.6,165.2,157.4,139.,145.2,150.2,154.8,141.,136.2,147.4,138.6,122.,125.4,144.8,141.4,114.2,107.6,108.2,139.,163.6,154.6,137.2,153.,162.6,157.8,156.6,154.8,153.,153.8,156.,159.8,166.8