upperleft_x, upperleft_y, upperright_x, upperright_y, lowerright_x, lowerright_y, lowerleft_x, lowerleft_y, crack_dot_x, crack_dot_y, width_m, y_res, x_res, mean_res, width_px, distance
5784.65516115619,1525.518729410709,6260.621269296291,1492.0986855775423,6280.02645603813,1756.763871417621,5812.145842373795,1788.0277833905834,5778.725798540629,1492.0986855775423,0.05,0.16436296089728136,0.16172603946342048,0.16304450018035094,0.30666474456171616,184.3587138896226
intensities
148.2,148.4,148.8,147.8,146.8,148.,150.2,148.2,148.8,150.,150.2,149.8,149.,149.2,151.4,149.8,143.2,139.8,145.,150.,149.4,149.8,150.2,151.2,150.,146.2,137.8,141.2,146.6,150.2,143.2,138.4