upperleft_x, upperleft_y, upperright_x, upperright_y, lowerright_x, lowerright_y, lowerleft_x, lowerleft_y, crack_dot_x, crack_dot_y, width_m, y_res, x_res, mean_res, width_px, distance
1007.8704086284579,2161.3643586065464,2281.04283586323,959.6137992410418,2951.7873341137442,1692.464269551789,1703.457295703065,2869.3724400932006,1172.4512345880744,1816.6762136722543,0.2,0.04380681033725076,0.0441395004558424,0.04397315539654658,4.548229441267409,76.84248177385183
intensities
105.8,104.8,104.,105.2,107.2,105.2,96.8,74.,45.2,17.6,8.6,19.4,44.,68.6,90.2,107.4,107.4,106.4,110.2,112.6,113.4,114.2,115.2,115.6,115.8,114.2,111.8,111.4,111.2,112.,112.8