upperleft_x, upperleft_y, upperright_x, upperright_y, lowerright_x, lowerright_y, lowerleft_x, lowerleft_y, crack_dot_x, crack_dot_y, width_m, y_res, x_res, mean_res, width_px, distance
5331.204225604114,2844.661294077989,5914.7660008115845,2929.0316712164185,5855.882508433722,3258.603456913409,5285.503604654132,3173.3542216797873,5338.23509036565,2797.2029569376227,0.05,0.1305066766230658,0.13118576018375816,0.13084621840341198,0.3821279713705214,147.95126800039594
intensities
140.2,140.4,138.8,135.4,137.6,138.8,139.2,138.,136.4,137.2,140.2,143.4,143.,141.6,141.6,144.,139.,127.2,132.4,141.2,142.2,142.,143.6,143.8,142.2,140.,140.,138.8,137.4,142.4,147.,147.4