upperleft_x, upperleft_y, upperright_x, upperright_y, lowerright_x, lowerright_y, lowerleft_x, lowerleft_y, crack_dot_x, crack_dot_y, width_m, y_res, x_res, mean_res, width_px, distance
1363.2202740682228,3051.2398188798466,2159.9461507375227,3108.0843604768634,2120.245201050717,3540.2833354764043,1327.1285016256725,3487.950265434706,1420.9671099763034,2994.3952772828297,0.1,0.09974801183580154,0.09600852247107489,0.0978782671534382,1.0216772620548715,110.6735365510194
intensities
97.4,95.6,88.8,83.8,82.4,84.4,79.8,80.8,86.2,91.6,95.6,94.6,94.6,101.,103.8,82.6,53.8,56.2,77.2,84.,88.4,93.2,97.2,98.2,95.,88.2,83.8,83.,84.6,82.8,78.2