upperleft_x, upperleft_y, upperright_x, upperright_y, lowerright_x, lowerright_y, lowerleft_x, lowerleft_y, crack_dot_x, crack_dot_y, width_m, y_res, x_res, mean_res, width_px, distance
1631.2034421703497,2892.553201211984,2153.3154593619975,3133.2431382152254,2005.1985750523102,3424.8482541999224,1489.5666715492112,3187.8612393044227,1720.073572756162,2885.147356996499,0.15,0.13290897793885753,0.1339280142927004,0.13341849611577897,1.124281897690046,150.85981021000347
intensities
119.6,115.,112.2,114.,112.6,111.4,113.8,113.8,111.8,108.6,110.,112.2,112.4,110.,111.6,94.6,52.,57.8,97.2,107.2,99.8,105.6,110.6,110.8,112.,113.8,110.,106.8,106.8,107.2,106.2