upperleft_x, upperleft_y, upperright_x, upperright_y, lowerright_x, lowerright_y, lowerleft_x, lowerleft_y, crack_dot_x, crack_dot_y, width_m, y_res, x_res, mean_res, width_px, distance
930.0012377728623,1533.8491323423355,1317.729993155689,1032.6656559241928,1611.8310661307312,1258.4735958488504,1236.2188343536175,1747.54054866128,884.8396497879307,1501.905570109091,0.05,0.11690599981612672,0.12238079750375888,0.1196433986599428,0.4179085562598636,135.28394443193037
intensities
141.2,139.6,140.4,139.,134.2,132.8,129.6,127.6,131.8,134.4,137.2,137.6,140.4,140.2,136.4,126.2,114.,121.8,139.4,138.6,136.,135.2,132.2,129.6,130.4,129.,130.,130.4,127.4,129.,133.6