upperleft_x, upperleft_y, upperright_x, upperright_y, lowerright_x, lowerright_y, lowerleft_x, lowerleft_y, crack_dot_x, crack_dot_y, width_m, y_res, x_res, mean_res, width_px, distance
3598.0521189807832,2286.4399272818873,4166.849078189029,2244.2547387126724,4188.644758949789,2558.5343935533224,3626.1755780269264,2599.31340917023,3593.130513647708,2244.957825188826,0.05,0.1382778185280453,0.13488372657415276,0.13658077255109902,0.3660837397979535,154.43547952687214
intensities
155.,154.6,155.4,156.2,154.8,155.6,156.8,156.,153.6,154.6,156.8,159.6,161.8,157.8,148.8,141.2,142.6,153.8,158.4,155.,156.2,156.6,156.2,155.8,156.4,154.2,147.6,141.2,145.,152.2,153.6,148.8