upperleft_x, upperleft_y, upperright_x, upperright_y, lowerright_x, lowerright_y, lowerleft_x, lowerleft_y, crack_dot_x, crack_dot_y, width_m, y_res, x_res, mean_res, width_px, distance
3318.0048252128913,2540.458368021915,4177.98471903818,2539.0007749815327,4159.0360095132155,3031.667222630596,3319.4624182532734,3043.327966953651,3430.2394893222936,2474.8666812047313,0.15,0.08736648678397485,0.09002513047531203,0.08869580862964344,1.6911734874230326,100.29068866642932
intensities
118.8,124.6,128.4,128.6,127.2,123.8,121.2,117.,106.6,102.2,100.6,105.6,117.,106.2,62.2,45.6,92.4,125.4,123.8,115.6,108.6,114.6,120.,117.8,119.4,121.4,123.4,127.6,126.,124.4,129.2