upperleft_x, upperleft_y, upperright_x, upperright_y, lowerright_x, lowerright_y, lowerleft_x, lowerleft_y, crack_dot_x, crack_dot_y, width_m, y_res, x_res, mean_res, width_px, distance
5475.49749129432,2813.434880050422,5999.437533323967,3036.1726756958756,5864.44492990248,3321.3445504237675,5348.941925586676,3096.919347235545,5563.242683518287,2802.4667310224263,0.15,0.1389955922611662,0.13521173304208406,0.1371036626516251,1.0940626756350336,155.02672514590236
intensities
156.4,154.4,153.,150.4,148.4,144.,140.6,140.8,142.,144.,147.4,148.2,143.2,146.8,143.4,105.8,97.4,148.6,161.6,150.6,150.2,161.2,162.4,156.6,155.4,156.8,150.2,134.2,125.4,116.,119.,127.