upperleft_x, upperleft_y, upperright_x, upperright_y, lowerright_x, lowerright_y, lowerleft_x, lowerleft_y, crack_dot_x, crack_dot_y, width_m, y_res, x_res, mean_res, width_px, distance
3452.052110869714,2450.3856317913787,3861.5296745815585,2522.5691766764794,3813.626049339628,2753.5565203088017,3412.0230541607034,2683.3416175569314,3487.4876692678545,2420.8559997929283,0.1,0.18421589398675803,0.1858015114401078,0.18500870271343292,0.5405151137938297,209.19421662740942
intensities
146.,148.2,139.8,144.2,156.6,144.8,136.6,157.2,172.8,175.8,166.2,180.2,183.,161.6,141.2,127.6,135.4,153.8,152.2,158.4,167.4,151.6,142.2,140.2,137.6,146.8,159.4,156.4,151.6,151.,156.6,162.