upperleft_x, upperleft_y, upperright_x, upperright_y, lowerright_x, lowerright_y, lowerleft_x, lowerleft_y, crack_dot_x, crack_dot_y, width_m, y_res, x_res, mean_res, width_px, distance
1685.0557649059365,1774.8929562052408,2104.622619550584,1849.6544848362378,2058.2189121244483,2083.606509776341,1647.0305046539636,2012.7119567641887,1719.8585454755384,1747.1796309368538,0.1,0.18150028110821032,0.1814097038629455,0.1814549924855779,0.5511008467179432,205.17594280388852
intensities
145.4,139.2,137.2,135.,145.4,140.6,135.6,149.2,164.4,170.8,169.2,167.6,170.6,156.,137.,121.2,117.,132.4,142.6,139.8,148.6,151.,131.8,138.6,145.4,135.2,140.8,158.6,154.,150.4,156.2