upperleft_x, upperleft_y, upperright_x, upperright_y, lowerright_x, lowerright_y, lowerleft_x, lowerleft_y, crack_dot_x, crack_dot_y, width_m, y_res, x_res, mean_res, width_px, distance
3490.8021360975217,1993.5258986407512,3888.2217667433324,2119.6244581388955,3810.530711128362,2342.538025403388,3420.282562539318,2217.6347129147043,3500.3641121732107,1963.0470998994936,0.05,0.1847119267610795,0.1850779407711452,0.18489493376611235,0.2704238508949564,209.06557507994603
intensities
96.6,94.8,91.6,92.6,101.4,110.,119.2,119.6,112.,102.8,116.,136.4,143.2,147.2,153.4,147.2,144.2,145.6,146.2,142.4,145.,144.4,139.6,139.8,144.,146.2,143.4,133.,122.,122.6,139.6