upperleft_x, upperleft_y, upperright_x, upperright_y, lowerright_x, lowerright_y, lowerleft_x, lowerleft_y, crack_dot_x, crack_dot_y, width_m, y_res, x_res, mean_res, width_px, distance
1382.1122076824693,1251.709903948252,1859.6485422859805,1300.0822535076184,1833.212490782606,1554.3183232847528,1362.425786350169,1509.3207888109237,1481.6692527058162,1227.523729168569,0.2,0.16927583442517877,0.1605614472084329,0.16491864081680585,1.2127191869241942,186.47785410596185
intensities
150.,152.,153.2,154.,153.2,152.4,151.2,149.8,149.,149.4,151.2,151.8,150.2,149.8,157.4,128.4,79.4,104.8,152.4,155.,148.,150.4,150.,146.4,144.4,145.2,146.8,146.6,146.8,147.6,147.6,146.6