upperleft_x, upperleft_y, upperright_x, upperright_y, lowerright_x, lowerright_y, lowerleft_x, lowerleft_y, crack_dot_x, crack_dot_y, width_m, y_res, x_res, mean_res, width_px, distance
2534.527189016278,2258.252018642097,4179.538617272807,1645.723080617099,4513.645310740987,2583.07797062505,2889.5155508262196,3193.286723278741,2701.5805357503687,2054.0757059670977,0.15,0.043603352449963655,0.04383522757922639,0.04371929001459502,3.430979779175846,76.39885552484363
intensities
112.2,112.,107.2,103.2,108.8,115.6,119.4,110.,97.4,93.2,100.8,98.2,62.2,36.8,29.4,19.2,22.2,73.8,110.,112.8,112.2,117.,120.4,120.4,114.2,117.,120.8,123.6,122.8,121.6,120.6,119.8