upperleft_x, upperleft_y, upperright_x, upperright_y, lowerright_x, lowerright_y, lowerleft_x, lowerleft_y, crack_dot_x, crack_dot_y, width_m, y_res, x_res, mean_res, width_px, distance
1847.0714970383856,1250.4408328587951,2297.890545548061,1184.8194284177944,2335.294746079431,1434.180765293597,1891.6940520582662,1500.4583837790078,1931.0668947228667,1202.5372076168646,0.2,0.17189839722440636,0.16923174826745555,0.17056507274593094,1.1725730055995376,192.86242351717985
intensities
119.4,117.,115.8,117.6,117.,112.2,111.2,110.8,105.8,104.4,108.,110.4,113.6,122.2,101.2,48.4,71.,119.,123.4,118.8,121.4,123.8,116.6,113.,113.6,110.2,109.,109.8,108.4,98.,95.2