upperleft_x, upperleft_y, upperright_x, upperright_y, lowerright_x, lowerright_y, lowerleft_x, lowerleft_y, crack_dot_x, crack_dot_y, width_m, y_res, x_res, mean_res, width_px, distance
1465.05297565272,3071.894155927651,2233.6788294917483,3167.842023706743,2165.8895750826077,3596.4786938937723,1406.6499257002295,3504.7024725398583,1578.7303407388179,3028.091868463283,0.15,0.09992118599791056,0.09939200251653635,0.09965659425722345,1.5051688362220694,112.68433788051077
intensities
122.4,145.6,179.4,172.2,136.4,122.6,132.8,141.,144.,141.4,138.,144.8,151.2,152.6,144.8,110.2,67.8,87.4,135.,152.,155.8,155.2,152.6,146.6,143.8,147.8,153.6,157.8,159.4,160.,154.6,153.8