upperleft_x, upperleft_y, upperright_x, upperright_y, lowerright_x, lowerright_y, lowerleft_x, lowerleft_y, crack_dot_x, crack_dot_y, width_m, y_res, x_res, mean_res, width_px, distance
5728.616825385162,2917.2362237681486,6252.978719300501,3063.4079021604775,6154.757538581846,3336.4163808509124,5636.582805656659,3182.5107512208942,5848.493069569347,2907.9554822829214,0.2,0.15242499362541162,0.14102504886678793,0.14672502124609976,1.3630940265092406,165.90584890896184
intensities
121.4,125.6,127.2,125.8,124.2,122.,123.2,126.8,128.4,129.,126.2,124.6,127.4,127.6,100.4,59.6,75.2,117.2,124.6,119.,118.2,116.2,113.6,111.8,115.6,121.8,124.4,123.8,123.8,124.,124.2