upperleft_x, upperleft_y, upperright_x, upperright_y, lowerright_x, lowerright_y, lowerleft_x, lowerleft_y, crack_dot_x, crack_dot_y, width_m, y_res, x_res, mean_res, width_px, distance
3966.880738073807,2114.8387828578766,4757.29055456566,845.3106871911664,5458.3732342622025,1316.308317566449,4692.32536416907,2556.0607009680552,3969.5876210069982,1884.7537335366178,0.15,0.05136750328299288,0.05181936130526395,0.05159343229412841,2.9073467945467693,90.15881041421416
intensities
130.,129.2,130.6,133.2,135.6,136.6,135.8,133.8,132.8,131.6,130.6,130.4,129.6,129.4,113.8,76.2,36.6,28.4,60.8,101.2,123.4,130.4,128.8,128.,128.4,129.4,128.4,126.6,125.8,126.8,129.4