upperleft_x, upperleft_y, upperright_x, upperright_y, lowerright_x, lowerright_y, lowerleft_x, lowerleft_y, crack_dot_x, crack_dot_y, width_m, y_res, x_res, mean_res, width_px, distance
5307.110037971728,1407.6790923857818,5507.349066380267,923.7681070651457,5797.278492930131,1034.31673733236,5601.21111094677,1510.9273414089348,5275.822689782894,1359.705158496236,0.1,0.13987472994589917,0.1472491473780666,0.14356193866198289,0.6965634549938085,162.32926805840015
intensities
138.,138.8,138.6,138.4,138.6,140.,141.8,142.6,145.6,142.4,141.4,136.8,128.,119.4,110.,119.2,135.6,139.8,139.2,140.,139.8,140.8,140.2,139.8,140.,139.8,140.4,141.2,139.4,137.4,137.6,137.6