upperleft_x, upperleft_y, upperright_x, upperright_y, lowerright_x, lowerright_y, lowerleft_x, lowerleft_y, crack_dot_x, crack_dot_y, width_m, y_res, x_res, mean_res, width_px, distance
5322.652350432499,1296.4109702913033,6062.712972556201,1539.5078066645774,5905.777040213961,1954.9264510999199,5182.640881382069,1713.3682022986281,5490.358395778619,1290.256620003372,0.2,0.0984284883938357,0.0992662207175812,0.09884735455570845,2.0233217256945797,111.76930922002423
intensities
122.8,120.,116.,116.,119.4,121.8,121.6,123.2,124.,125.8,112.6,109.2,118.4,101.,47.,46.8,101.2,126.6,121.2,117.8,115.6,118.6,125.2,124.2,118.8,114.,116.6,120.4,123.,124.8,128.