upperleft_x, upperleft_y, upperright_x, upperright_y, lowerright_x, lowerright_y, lowerleft_x, lowerleft_y, crack_dot_x, crack_dot_y, width_m, y_res, x_res, mean_res, width_px, distance
3165.9105627101276,2375.4389570549943,3602.246029811038,2246.9850578617356,3674.2889574009087,2488.260900261772,3243.390692382252,2614.6758486741855,3207.3692285873167,2321.7465864927326,0.15,0.17286863862243337,0.1692645651196465,0.17106660187103995,0.8768514622923229,193.42951571827226
intensities
165.8,148.,144.4,148.6,147.8,147.8,148.4,152.,154.6,153.4,154.6,154.,139.8,119.2,101.6,99.4,111.6,131.,143.4,143.,133.4,123.6,121.6,128.,125.,116.6,121.2,129.,135.2,136.,132.,132.