upperleft_x, upperleft_y, upperright_x, upperright_y, lowerright_x, lowerright_y, lowerleft_x, lowerleft_y, crack_dot_x, crack_dot_y, width_m, y_res, x_res, mean_res, width_px, distance
3188.2030912473697,2332.226090419802,3770.8860083596483,2173.1527751900544,3852.619811212502,2507.1188513630045,3281.362049337719,2664.434450402368,3253.2385902915757,2265.4328751852117,0.15,0.1262986723761959,0.12787356940921618,0.12708612089270604,1.1803019790543396,143.6996266361884
intensities
144.,141.2,139.2,140.2,136.4,131.6,138.4,149.6,153.6,153.6,155.4,158.8,162.4,162.6,160.,149.,98.8,70.2,118.8,158.6,152.8,149.,153.4,150.8,143.6,141.6,145.6,155.2,153.4,153.2,157.,152.6