upperleft_x, upperleft_y, upperright_x, upperright_y, lowerright_x, lowerright_y, lowerleft_x, lowerleft_y, crack_dot_x, crack_dot_y, width_m, y_res, x_res, mean_res, width_px, distance
3361.527383443354,2236.295799802614,3819.1546526637826,2225.3862413142974,3830.6383984409576,2481.473772145303,3380.475563975693,2493.5317052113364,3358.6564469990603,2204.1413116265235,0.05,0.1691709110971393,0.16848933877843544,0.16883012493778737,0.29615567730240455,190.90067230066435
intensities
149.2,150.,148.4,148.4,149.8,149.4,147.4,147.6,148.6,149.2,149.4,150.4,149.2,150.4,151.8,144.4,135.8,142.,150.4,149.6,148.8,150.4,150.6,148.8,146.4,143.8,142.6,146.6,148.4,141.6,134.4,138.6