upperleft_x, upperleft_y, upperright_x, upperright_y, lowerright_x, lowerright_y, lowerleft_x, lowerleft_y, crack_dot_x, crack_dot_y, width_m, y_res, x_res, mean_res, width_px, distance
1403.2762824254855,1159.607919193721,2096.5195479129143,1177.138208665817,2087.7544031768666,1564.3982397312084,1409.6509331426114,1553.2426009762382,1446.3051747660845,1109.4075447963555,0.1,0.1113964663122966,0.11154937667709545,0.11147292149469604,0.8970788480210243,126.04537054330952
intensities
144.8,143.,149.6,154.2,143.6,135.8,139.6,143.2,147.,144.,141.4,139.,140.,149.6,142.6,83.4,87.6,135.2,137.2,135.4,140.4,139.2,139.4,139.6,141.2,144.8,149.6,149.,149.,153.6,157.8