upperleft_x, upperleft_y, upperright_x, upperright_y, lowerright_x, lowerright_y, lowerleft_x, lowerleft_y, crack_dot_x, crack_dot_y, width_m, y_res, x_res, mean_res, width_px, distance
5379.3967022066645,2827.693473786816,5837.164588722324,3024.9678208875744,5708.441173046539,3275.559559096646,5260.57508773671,3079.0468890117204,5428.144031219979,2807.889871375157,0.15,0.1554351963391818,0.15493349700727793,0.15518434667322986,0.9665923349592308,175.4710311407722
intensities
142.6,142.,141.8,141.6,142.,143.2,142.8,141.4,138.4,136.2,137.,137.8,137.,135.6,125.,99.2,105.6,131.4,140.,142.4,142.,141.8,145.,146.4,145.,142.,141.6,141.2,135.8,129.8,127.8