upperleft_x, upperleft_y, upperright_x, upperright_y, lowerright_x, lowerright_y, lowerleft_x, lowerleft_y, crack_dot_x, crack_dot_y, width_m, y_res, x_res, mean_res, width_px, distance
5399.09308393071,3029.404296552104,6000.23202104202,3293.061725109696,5842.037563907465,3622.106195949571,5253.5541833669195,3357.3941376777484,5422.294937643778,2984.055218840198,0.05,0.12018690033567053,0.11754098559228576,0.11886394296397815,0.42064901056792775,134.40259333156797
intensities
151.2,157.,157.2,153.,154.4,155.8,154.2,154.,154.2,154.4,157.6,156.8,159.8,154.2,117.4,113.,151.6,159.6,157.,151.6,140.,137.,142.,145.2,147.6,152.4,153.,161.8,165.8,158.6,150.4,147.2