upperleft_x, upperleft_y, upperright_x, upperright_y, lowerright_x, lowerright_y, lowerleft_x, lowerleft_y, crack_dot_x, crack_dot_y, width_m, y_res, x_res, mean_res, width_px, distance
1984.0995358083378,3083.468131135933,2422.8254969281716,3435.3629124507997,2219.9147399102485,3674.834166228709,1783.9308160474138,3325.6814221708414,2069.1026907753057,3099.0063422589274,0.15,0.13851330224143282,0.13648685786477982,0.13750008005310632,1.0909084557773774,155.47496475054834
intensities
171.8,169.4,162.6,158.8,162.,162.8,162.6,164.,164.8,172.4,178.4,175.8,169.4,165.,166.2,152.,104.4,132.,184.8,184.2,178.,176.4,174.2,177.6,183.,182.,180.,177.,172.2,169.2,170.4