upperleft_x, upperleft_y, upperright_x, upperright_y, lowerright_x, lowerright_y, lowerleft_x, lowerleft_y, crack_dot_x, crack_dot_y, width_m, y_res, x_res, mean_res, width_px, distance
3534.430995564439,2195.1031349755694,4103.403726391723,2282.6959917963695,4041.707888109246,2604.885369493747,3484.9219895352912,2521.8625747679453,3540.5244116911035,2152.4492220889188,0.05,0.13211383577206248,0.13438048835561323,0.13324716206383785,0.37524251342813086,150.66607828144151
intensities
150.6,150.6,152.,151.,146.,148.4,152.2,150.2,148.8,149.6,148.8,146.8,143.6,142.6,140.,132.2,135.6,152.8,156.,151.4,151.6,155.2,157.8,156.8,155.,153.8,151.6,151.,151.,149.8,151.,157.2