upperleft_x, upperleft_y, upperright_x, upperright_y, lowerright_x, lowerright_y, lowerleft_x, lowerleft_y, crack_dot_x, crack_dot_y, width_m, y_res, x_res, mean_res, width_px, distance
4383.859648580814,1437.6001091892908,5839.248654218722,779.5111675095411,6189.385719343204,1608.4501228946106,4748.761529704521,2245.446470289753,4622.205963996877,1197.144534344767,0.2,0.04870706252859448,0.04822815495320979,0.04846760874090214,4.126467246798967,84.69647692345151
intensities
121.,120.4,120.,121.,121.4,121.,121.2,120.6,120.2,119.,114.6,95.6,52.,18.2,10.8,17.,35.8,62.4,89.2,105.6,115.2,117.,114.6,114.8,113.8,111.6,109.8,109.4,111.8,111.8,112.