upperleft_x, upperleft_y, upperright_x, upperright_y, lowerright_x, lowerright_y, lowerleft_x, lowerleft_y, crack_dot_x, crack_dot_y, width_m, y_res, x_res, mean_res, width_px, distance
3358.608417001943,2601.363136915993,5329.8517444632525,2544.682018873975,5323.553842458584,3656.261722698004,3399.5447800322895,3722.389693747026,3613.673448191026,2437.6176847946062,0.15,0.038955370648098564,0.039261523312264734,0.03910844698018165,3.8354885346383876,44.22095182303907
intensities
90.8,89.4,92.,95.2,95.4,96.4,95.4,95.6,92.6,97.4,105.8,106.6,99.4,76.8,35.2,8.6,21.4,61.8,97.8,111.4,112.2,107.8,107.6,108.6,106.4,107.6,108.8,106.2,102.8,102.2,104.6,108.