upperleft_x, upperleft_y, upperright_x, upperright_y, lowerright_x, lowerright_y, lowerleft_x, lowerleft_y, crack_dot_x, crack_dot_y, width_m, y_res, x_res, mean_res, width_px, distance
3275.654577466001,2119.5215061906015,3928.692010216129,1999.4778604644753,3981.5112143356246,2369.2122893009446,3347.680764901677,2486.8550621125487,3309.2667982693165,2060.7001197847994,0.1,0.11633884396969756,0.11692994683190822,0.11663439540080289,0.8573800177585661,131.8815851353512
intensities
130.6,129.4,128.8,132.6,132.4,124.8,119.4,115.8,105.6,107.8,123.8,134.4,141.,141.8,129.8,77.8,79.4,132.6,138.8,141.8,144.2,140.8,134.4,127.8,116.6,112.2,113.6,123.6,135.2,136.,141.6,149.8