upperleft_x, upperleft_y, upperright_x, upperright_y, lowerright_x, lowerright_y, lowerleft_x, lowerleft_y, crack_dot_x, crack_dot_y, width_m, y_res, x_res, mean_res, width_px, distance
3587.82924161751,2012.726018493712,4012.3177015952333,2228.0462518157456,3869.9426901741335,2471.489944183922,3453.363953053138,2255.290852766697,3608.042977806925,1979.3294108764171,0.05,0.15554511138930813,0.16185119840235637,0.15869815489583225,0.315063524417278,179.4441867152147
intensities
149.2,148.6,150.4,152.8,149.2,143.2,140.6,139.2,141.,138.6,139.4,143.6,148.4,150.6,151.,141.8,111.8,116.,141.6,150.6,153.,156.4,158.4,160.,160.2,158.2,157.4,156.6,156.4,156.,159.8,163.2