upperleft_x, upperleft_y, upperright_x, upperright_y, lowerright_x, lowerright_y, lowerleft_x, lowerleft_y, crack_dot_x, crack_dot_y, width_m, y_res, x_res, mean_res, width_px, distance
4788.6640308478245,3377.5984993808142,5532.107670732619,3277.197750586083,5580.714382450703,3696.3310352371036,4853.207369358723,3792.747627333631,4875.518646868663,3308.2741728320716,0.15,0.10331622470243984,0.10310057387209351,0.10320839928726669,1.4533700845654547,116.70045744664858
intensities
139.4,138.,142.8,136.6,133.4,150.6,158.8,142.4,131.6,137.8,161.8,175.4,158.8,145.6,105.2,40.4,76.4,150.8,146.2,128.4,155.4,156.6,131.4,136.,153.2,158.,161.8,167.6,168.6,164.8,154.8,138.2