upperleft_x, upperleft_y, upperright_x, upperright_y, lowerright_x, lowerright_y, lowerleft_x, lowerleft_y, crack_dot_x, crack_dot_y, width_m, y_res, x_res, mean_res, width_px, distance
4820.286600624397,978.4981997859013,6338.730661364574,1380.0243576570742,6072.8233560832905,2229.2122035553666,4593.177867018083,1828.206831881173,4953.439377399177,895.3868496444125,0.1,0.04917137444240016,0.04930001582542523,0.0492356951339127,2.031046778724603,86.03869728774887
intensities
122.,122.2,120.2,116.,109.,99.8,90.6,92.8,104.4,109.8,113.,117.6,117.8,116.8,117.8,119.2,99.,40.6,27.8,84.8,117.2,115.8,113.4,112.4,111.2,112.4,112.6,111.2,108.8,107.,106.8,109.