upperleft_x, upperleft_y, upperright_x, upperright_y, lowerright_x, lowerright_y, lowerleft_x, lowerleft_y, crack_dot_x, crack_dot_y, width_m, y_res, x_res, mean_res, width_px, distance
3689.695925715021,2340.5189954060334,4051.4339176960375,2586.599262059786,3906.246560370323,2787.5648131603502,3551.8909763889196,2545.5858842841603,3734.810641268209,2328.2149820733457,0.1,0.17576076468048407,0.176557846326219,0.17615930550335152,0.5676679963869263,199.18796994908303
intensities
156.2,154.4,152.8,151.2,151.,156.6,161.2,163.4,163.4,162.4,159.,156.6,158.2,163.6,164.6,150.2,122.8,129.,155.,161.6,159.4,158.8,162.,164.4,162.2,159.8,158.,157.4,157.6,160.4,163.8,163.6