upperleft_x, upperleft_y, upperright_x, upperright_y, lowerright_x, lowerright_y, lowerleft_x, lowerleft_y, crack_dot_x, crack_dot_y, width_m, y_res, x_res, mean_res, width_px, distance
5379.015277793349,3058.7347207156436,5850.0363443845035,3061.172087166309,5845.770953095838,3315.876881260879,5380.233961018682,3312.2208315848807,5472.244544531314,3024.0022487936567,0.2,0.1711835292547257,0.16335987580695024,0.16727170253083798,1.1956594987315818,189.1385230081451
intensities
153.8,156.8,155.2,154.4,155.8,154.2,152.8,153.8,153.2,152.8,154.2,155.8,154.2,151.2,141.4,109.6,100.2,134.4,157.,153.8,153.4,152.4,148.8,146.,146.2,147.,147.8,148.,147.2,146.,147.2,149.6