upperleft_x, upperleft_y, upperright_x, upperright_y, lowerright_x, lowerright_y, lowerleft_x, lowerleft_y, crack_dot_x, crack_dot_y, width_m, y_res, x_res, mean_res, width_px, distance
3375.6916464108645,1525.0007890399415,4778.349166337255,2438.731973449133,4233.316530023,3224.220184607911,2857.376296190446,2329.1911004644053,3728.3598228495,1597.1374614932988,0.2,0.045482781424019535,0.046149052254187715,0.045815916839103625,4.365295159373546,80.06268194566773
intensities
158.8,157.2,155.6,154.6,153.,152.2,151.,151.4,151.4,152.,139.2,121.,98.4,65.4,41.2,48.4,88.2,121.,133.6,146.4,157.,160.4,163.,164.,163.,161.6,159.6,156.,153.,150.2,149.2,151.