upperleft_x, upperleft_y, upperright_x, upperright_y, lowerright_x, lowerright_y, lowerleft_x, lowerleft_y, crack_dot_x, crack_dot_y, width_m, y_res, x_res, mean_res, width_px, distance
1800.1873471868785,3654.8442459008684,2037.174362082378,3335.361751136682,2216.414541069797,3470.3543545581692,1986.1771563453717,3783.087219151281,1772.4388675946839,3633.0954375718507,0.05,0.1932045653490428,0.19463763493120806,0.19392110014012542,0.25783682107759553,219.27169931122108
intensities
136.2,136.8,130.,129.4,132.2,136.2,137.8,140.4,141.,140.4,141.8,142.4,140.8,137.,132.8,132.6,137.8,137.6,136.8,136.6,137.4,134.4,136.4,144.,141.8,132.4,128.,132.2,139.,143.,140.4