upperleft_x, upperleft_y, upperright_x, upperright_y, lowerright_x, lowerright_y, lowerleft_x, lowerleft_y, crack_dot_x, crack_dot_y, width_m, y_res, x_res, mean_res, width_px, distance
5168.630125628519,2721.3246926203346,5847.34293727544,2695.0761308439346,5860.842197617589,3079.805050595173,5191.128892865433,3106.0536123715733,5207.627988839171,2667.32765125174,0.1,0.11293543472685257,0.11337981600721037,0.11315762536703147,0.883723033915265,127.95030961727441
intensities
146.6,150.,145.8,146.8,153.2,151.8,149.4,152.6,156.6,155.,152.6,157.2,153.,143.,144.2,128.2,100.6,120.4,160.2,157.8,144.8,147.8,152.6,153.4,152.2,153.2,154.4,149.6,147.,154.6,157.,140.6