upperleft_x, upperleft_y, upperright_x, upperright_y, lowerright_x, lowerright_y, lowerleft_x, lowerleft_y, crack_dot_x, crack_dot_y, width_m, y_res, x_res, mean_res, width_px, distance
3675.1883221849885,1575.02890725065,4407.429450883069,2748.620853246204,3725.3418241506106,3149.84886897118,3013.1620962387788,1993.8106486635936,3770.4799759196703,1514.8447048919038,0.05,0.05524976203320146,0.0558185909392792,0.05553417648624033,0.9003464742542544,97.0452064671468
intensities
131.,127.,123.6,123.2,122.6,120.,119.4,119.6,119.,120.4,121.6,122.2,124.2,126.4,127.2,128.,128.8,114.,77.,85.,120.,128.,125.4,127.2,127.8,128.,129.,130.6,131.,133.6,135.6