upperleft_x, upperleft_y, upperright_x, upperright_y, lowerright_x, lowerright_y, lowerleft_x, lowerleft_y, crack_dot_x, crack_dot_y, width_m, y_res, x_res, mean_res, width_px, distance
1788.020435717041,3135.6945663954143,2568.5050147871934,3085.1660849758437,2580.2348408310227,3518.2673542864486,1818.6984422932087,3573.307307261338,1884.5659270008632,3068.924787376696,0.15,0.09978059248105142,0.09899458441152136,0.0993875884462864,1.5092427771407984,112.38016591961464
intensities
145.,152.4,152.6,142.2,144.8,154.,162.6,158.6,142.6,127.4,141.,164.6,169.2,160.2,151.8,96.8,34.,81.8,165.,152.6,128.6,157.8,167.4,152.6,154.,157.4,157.,159.,162.8,171.2,172.6,169.2