upperleft_x, upperleft_y, upperright_x, upperright_y, lowerright_x, lowerright_y, lowerleft_x, lowerleft_y, crack_dot_x, crack_dot_y, width_m, y_res, x_res, mean_res, width_px, distance
1666.1228179139139,3008.918700258575,2222.147039472036,2799.457520904488,2331.828529751994,3107.936712316871,1783.4210783522026,3316.636214655125,1647.8425695339208,2964.7414333402585,0.05,0.13247891701653544,0.12955701345844386,0.13101796523748965,0.3816270532775221,148.14546667259984
intensities
146.,149.2,150.6,148.2,148.8,150.4,151.8,156.2,153.2,150.8,149.2,145.8,141.4,141.,149.4,149.8,121.,109.8,144.4,157.4,154.8,157.6,157.6,153.,152.8,154.6,151.6,149.4,160.2,165.2,164.2,165.4