upperleft_x, upperleft_y, upperright_x, upperright_y, lowerright_x, lowerright_y, lowerleft_x, lowerleft_y, crack_dot_x, crack_dot_y, width_m, y_res, x_res, mean_res, width_px, distance
3457.796248312154,2485.1838272638643,4923.089780228091,2306.9724517605746,5007.245151993533,3146.051011421896,3561.7528840224068,3319.312070938983,3640.9579398016463,2346.5749796501946,0.15,0.05166684604319236,0.052184190796407265,0.05192551841979982,2.8887530556229017,58.71355233287329
intensities
90.2,91.8,97.,103.6,105.4,109.,110.2,110.2,110.4,93.8,55.8,22.2,26.4,62.2,98.,112.6,114.6,115.6,121.2,125.2,123.6,117.6,110.8,105.2,101.,97.6,97.2,94.,90.8,93.8,97.