upperleft_x, upperleft_y, upperright_x, upperright_y, lowerright_x, lowerright_y, lowerleft_x, lowerleft_y, crack_dot_x, crack_dot_y, width_m, y_res, x_res, mean_res, width_px, distance
3624.720774926684,2424.3573704441733,4061.466375805351,2637.3691365028358,3924.9387002442622,2878.973085925077,3496.0559497905792,2667.3909290345937,3673.327486644768,2405.772451257847,0.1,0.15746886367897828,0.15868980004649652,0.1580793318627374,0.6325937668235558,178.7444672007236
intensities
150.2,151.,149.4,148.4,149.2,151.6,153.,151.,149.6,147.4,144.4,143.6,143.6,144.2,141.2,125.8,100.8,114.6,144.2,147.6,146.8,148.4,151.,155.6,153.6,145.4,144.4,149.,147.,137.,131.2