upperleft_x, upperleft_y, upperright_x, upperright_y, lowerright_x, lowerright_y, lowerleft_x, lowerleft_y, crack_dot_x, crack_dot_y, width_m, y_res, x_res, mean_res, width_px, distance
1706.4319374025927,3254.437669542199,2085.395548049372,3430.912375056747,1976.417144245567,3643.244490855128,1603.78131188417,3468.8790447690403,1773.2251526371826,3247.4068047806627,0.15,0.18261665354978962,0.18446121026738121,0.18353893190858542,0.8172652986490624,207.53230803807045
intensities
160.,159.2,150.6,143.8,142.4,147.4,158.,159.4,152.2,153.,154.8,153.8,156.,162.2,132.4,104.,136.4,165.8,162.2,153.6,152.2,150.6,153.4,160.,161.8,163.4,159.4,145.6,136.4,141.2,147.