upperleft_x, upperleft_y, upperright_x, upperright_y, lowerright_x, lowerright_y, lowerleft_x, lowerleft_y, crack_dot_x, crack_dot_y, width_m, y_res, x_res, mean_res, width_px, distance
5470.616313433624,1236.4951126042893,6010.6335995513155,1444.0462403648257,5877.070605298008,1740.9596592444818,5351.466591941464,1534.3694163346886,5489.834010448488,1194.2161791715873,0.05,0.1346005806022359,0.1338348310396495,0.1342177058209427,0.3725290914054518,151.7634976892445
intensities
150.8,146.2,146.2,152.4,157.6,148.8,139.4,138.8,140.,138.,136.8,136.2,133.4,134.,134.6,119.8,118.,132.,133.6,132.2,136.2,138.6,132.4,128.6,127.2,130.8,131.6,126.8,123.4,130.2,132.2,131.2