upperleft_x, upperleft_y, upperright_x, upperright_y, lowerright_x, lowerright_y, lowerleft_x, lowerleft_y, crack_dot_x, crack_dot_y, width_m, y_res, x_res, mean_res, width_px, distance
4790.943202841355,901.336133043465,6259.808032605541,1785.2095784320006,5718.243956240311,2602.664788039895,4290.25188695652,1736.673175361532,5153.688952104858,962.645273764057,0.2,0.04451379933692511,0.045211918098244694,0.0448628587175849,4.458030667617844,78.39722604031381
intensities
149.6,151.4,152.,152.2,152.,151.6,150.6,149.2,148.2,148.2,147.8,149.4,152.,147.8,127.8,96.6,51.8,16.6,10.6,51.6,112.6,141.4,150.2,158.,158.2,158.8,161.,159.2,156.6,154.2,152.,147.8