upperleft_x, upperleft_y, upperright_x, upperright_y, lowerright_x, lowerright_y, lowerleft_x, lowerleft_y, crack_dot_x, crack_dot_y, width_m, y_res, x_res, mean_res, width_px, distance
5833.90812652694,1028.238554746012,6301.460633169069,1812.1682575493164,5833.90812652694,2059.971086069645,5380.382195084074,1291.6264668210783,5900.923985812311,987.7173375036941,0.05,0.08257396284851898,0.0847701038240706,0.08367203333629479,0.5975712314655951,94.61017352530078
intensities
143.4,143.8,143.2,141.8,139.8,138.8,138.4,138.,137.4,139.,141.4,142.2,141.8,145.4,142.6,110.8,82.,106.,134.,136.2,133.4,133.,132.6,130.4,128.,126.6,126.6,132.4,139.2,141.,138.8,137.2