upperleft_x, upperleft_y, upperright_x, upperright_y, lowerright_x, lowerright_y, lowerleft_x, lowerleft_y, crack_dot_x, crack_dot_y, width_m, y_res, x_res, mean_res, width_px, distance
3083.7203395531715,1847.2007130344616,4599.106057822853,2272.005561926454,4335.776736287465,3124.0994985928482,2850.201884606696,2711.7158441129022,3217.8692392032744,1760.2523521501357,0.1,0.04867550819206155,0.04911036752481063,0.0488929378584361,2.045285155282314,85.43973368242766
intensities
129.4,126.4,124.4,122.8,117.,108.4,103.8,104.6,109.,119.,120.6,121.,122.,121.2,124.6,117.,76.4,40.4,61.4,112.4,124.,120.8,121.6,117.4,116.8,117.6,118.2,118.2,116.6,115.,114.4,114.