upperleft_x, upperleft_y, upperright_x, upperright_y, lowerright_x, lowerright_y, lowerleft_x, lowerleft_y, crack_dot_x, crack_dot_y, width_m, y_res, x_res, mean_res, width_px, distance
5190.826565680688,1643.3407892737318,5779.20448324981,1684.6822740715622,5739.339480051902,2013.9376708542832,5166.464619281966,1971.8579452564916,5195.256010480455,1597.5698596761338,0.05,0.1316045041196721,0.1314270963462744,0.13151580023297324,0.38018245649136956,148.7083818239547
intensities
115.4,128.8,132.6,128.6,128.6,127.6,120.6,121.4,123.2,125.6,127.2,129.4,128.6,126.2,119.8,102.6,108.,127.8,124.,117.4,121.2,123.2,119.4,121.2,125.6,127.6,122.8,118.2,117.8,121.4,123.,127.