upperleft_x, upperleft_y, upperright_x, upperright_y, lowerright_x, lowerright_y, lowerleft_x, lowerleft_y, crack_dot_x, crack_dot_y, width_m, y_res, x_res, mean_res, width_px, distance
5149.398366884131,1473.9637417359536,5924.832441433913,1342.3225171841318,5980.56376277702,1781.4468939737853,5222.4256155406165,1904.4401548689182,5242.604197406224,1396.1320688257524,0.15,0.09894995379832637,0.09842520795586544,0.0986875808770959,1.5199480893832815,111.58864891029381
intensities
129.6,135.4,142.,148.2,150.,151.,148.,141.6,143.2,148.4,149.,148.2,147.8,143.2,90.8,38.6,87.,147.,152.2,147.8,152.4,152.2,152.6,150.6,151.4,152.2,153.2,154.8,154.,152.8,150.,147.6