upperleft_x, upperleft_y, upperright_x, upperright_y, lowerright_x, lowerright_y, lowerleft_x, lowerleft_y, crack_dot_x, crack_dot_y, width_m, y_res, x_res, mean_res, width_px, distance
5093.781882998796,2511.3326829767516,6344.361798133167,3223.6295919679424,5912.8073190701,3917.3650179886786,4699.350369876638,3205.068108997488,5404.686722753909,2548.4556489176603,0.2,0.053876166398301395,0.053757324742372437,0.053816745570336916,3.7163153936650786,94.04401965980838
intensities
166.2,154.2,149.,150.6,152.,151.6,148.4,145.,142.2,143.8,146.2,154.4,156.2,138.8,101.2,55.6,46.2,79.8,127.4,160.6,167.2,161.8,157.6,154.4,153.6,154.8,152.8,147.4,144.4,145.,144.8