upperleft_x, upperleft_y, upperright_x, upperright_y, lowerright_x, lowerright_y, lowerleft_x, lowerleft_y, crack_dot_x, crack_dot_y, width_m, y_res, x_res, mean_res, width_px, distance
4610.148616836241,3561.2950748162534,5542.089740977809,2629.3539506746847,6073.013775337248,3174.398305096875,5149.5448432333305,4092.219109175692,4723.111177338249,3307.1293136867343,0.2,0.05732230701334437,0.058397717778163064,0.05786001239575372,3.4566186856655046,101.10957259857499
intensities
116.6,116.,116.2,115.4,113.2,112.6,115.8,118.,117.,114.4,114.4,117.,115.8,115.4,120.,106.2,48.6,8.2,6.2,35.6,86.6,108.8,108.6,111.,114.,115.,115.4,116.6,117.2,118.2,118.2