upperleft_x, upperleft_y, upperright_x, upperright_y, lowerright_x, lowerright_y, lowerleft_x, lowerleft_y, crack_dot_x, crack_dot_y, width_m, y_res, x_res, mean_res, width_px, distance
3588.922541087928,2733.8888479491993,3936.2003878760524,2436.741066910825,4109.839311270114,2637.2613299098257,3767.6471233261677,2930.0499747960475,3608.5386537726126,2665.595714898815,0.15,0.16395815081463178,0.16861271268234196,0.16628543174848687,0.9020633883723548,188.0233206383624
intensities
158.,158.,157.4,156.4,155.2,156.6,157.,159.4,161.6,162.2,162.4,162.2,164.2,169.8,140.6,103.8,127.6,151.,148.8,151.2,157.8,160.4,159.4,158.6,160.2,161.4,159.8,159.2,158.8,159.,159.