upperleft_x, upperleft_y, upperright_x, upperright_y, lowerright_x, lowerright_y, lowerleft_x, lowerleft_y, crack_dot_x, crack_dot_y, width_m, y_res, x_res, mean_res, width_px, distance
5308.416021101183,2700.062185770657,6072.530403384893,3072.768326779669,5846.769335891979,3482.8786683200515,5108.036375397413,3120.8594417485738,5440.666587265671,2689.3752713331223,0.15,0.09312678319737902,0.09147643905893127,0.09230161112815514,1.6251070611512313,104.36786459343259
intensities
135.6,126.4,119.8,122.6,129.,135.8,136.,136.,138.,137.4,134.4,133.4,137.4,141.4,113.6,44.,52.2,114.8,134.6,134.4,137.8,134.2,132.6,131.8,133.6,136.2,132.4,126.6,126.4,132.,133.