upperleft_x, upperleft_y, upperright_x, upperright_y, lowerright_x, lowerright_y, lowerleft_x, lowerleft_y, crack_dot_x, crack_dot_y, width_m, y_res, x_res, mean_res, width_px, distance
1692.3986213321548,2769.0652231054564,2629.2038255496564,3597.8678223254515,2133.8005721915288,4123.793551008961,1206.3868988433758,3304.382482658314,1953.0136029565726,2860.6326490816027,0.2,0.06018509610110566,0.0614859562760075,0.06083552618855658,3.287552726676684,106.3092418588177
intensities
136.2,137.,140.6,142.6,143.8,141.8,139.8,138.4,139.,143.2,142.2,138.6,137.,131.8,89.,31.8,20.4,66.4,126.4,142.2,134.,133.,132.6,132.2,134.2,134.6,134.8,135.6,137.8,141.,143.,144.