upperleft_x, upperleft_y, upperright_x, upperright_y, lowerright_x, lowerright_y, lowerleft_x, lowerleft_y, crack_dot_x, crack_dot_y, width_m, y_res, x_res, mean_res, width_px, distance
3519.901127629327,1908.3352539468094,4663.025992991559,2875.969734861108,4087.8075106344445,3512.122378484866,2973.9310426802017,2556.674729823896,3675.8925804719347,1876.6494900881548,0.1,0.05102060375146575,0.05160050324547126,0.051310553498468504,1.9489168052530317,89.66448362543399
intensities
125.,125.,126.2,126.4,127.6,123.8,118.,116.2,119.8,124.2,126.2,127.,130.2,119.2,62.6,31.,86.6,128.6,123.4,119.4,121.,121.4,121.4,118.,116.,120.2,124.8,126.8,126.6,124.6,123.2,123.2