upperleft_x, upperleft_y, upperright_x, upperright_y, lowerright_x, lowerright_y, lowerleft_x, lowerleft_y, crack_dot_x, crack_dot_y, width_m, y_res, x_res, mean_res, width_px, distance
3588.6266588625467,1729.5098959803206,4551.468433631066,2600.1418794012975,4038.953546838914,3129.812076211596,3099.700323345348,2269.9021615519614,3738.735621521336,1705.921344705368,0.1,0.05935582568124928,0.059499229184239145,0.059427527432744216,1.6827218684669791,103.84878347789345
intensities
130.,125.,116.8,117.6,121.,123.,122.6,123.8,127.,129.,128.2,126.6,125.8,132.4,112.,56.8,37.8,89.,133.6,128.8,124.2,124.8,121.6,120.8,121.2,120.8,120.2,119.6,118.4,119.,120.