upperleft_x, upperleft_y, upperright_x, upperright_y, lowerright_x, lowerright_y, lowerleft_x, lowerleft_y, crack_dot_x, crack_dot_y, width_m, y_res, x_res, mean_res, width_px, distance
5282.057895015583,1539.396484639187,5987.253630597623,1833.4272489666137,5799.599850112232,2223.077774050927,5115.918560700493,1936.218491780267,5399.192101942769,1523.858273516193,0.15,0.1008491647310307,0.10164289867426055,0.10124603170264562,1.4815395475502908,114.48155669452726
intensities
168.8,168.6,156.8,137.4,139.8,152.6,156.8,153.4,141.6,139.8,153.2,159.6,153.,136.6,78.,38.,101.,165.6,161.4,144.4,148.6,158.8,154.4,154.,148.4,144.4,141.8,140.6,137.2,145.8,162.8,161.6