upperleft_x, upperleft_y, upperright_x, upperright_y, lowerright_x, lowerright_y, lowerleft_x, lowerleft_y, crack_dot_x, crack_dot_y, width_m, y_res, x_res, mean_res, width_px, distance
5458.918712186618,1221.9283326291804,5880.864342742252,1294.111877514281,5828.367219189452,1532.3175756351138,5414.296157166737,1460.134030750013,5493.698056540348,1193.71112871955,0.1,0.1789144152533068,0.18034564752718765,0.17963003139024725,0.5566997858100322,203.11241119097554
intensities
155.2,147.8,143.,142.2,135.8,145.2,146.,131.8,136.8,146.6,152.2,155.4,149.,141.6,123.8,103.2,99.4,112.4,126.6,123.,113.8,135.6,137.6,118.8,129.2,149.4,145.,142.4,161.4,157.,144.,156.8