upperleft_x, upperleft_y, upperright_x, upperright_y, lowerright_x, lowerright_y, lowerleft_x, lowerleft_y, crack_dot_x, crack_dot_y, width_m, y_res, x_res, mean_res, width_px, distance
1579.0807121661007,1350.7232287633735,2163.978351678263,1659.143829636077,1982.230497592563,1977.4779498225457,1407.246377394166,1674.564859679712,1604.4152615235014,1304.460138632468,0.05,0.11866274719689099,0.11669561056152143,0.11767917887920622,0.42488399796979676,133.06294935284092
intensities
149.2,150.4,147.8,148.6,149.2,149.,149.4,148.8,148.6,148.,147.2,145.6,147.4,149.8,152.4,159.2,137.8,110.,126.4,146.6,148.8,147.4,145.6,141.6,138.4,138.2,141.4,143.4,145.6,149.6,155.