upperleft_x, upperleft_y, upperright_x, upperright_y, lowerright_x, lowerright_y, lowerleft_x, lowerleft_y, crack_dot_x, crack_dot_y, width_m, y_res, x_res, mean_res, width_px, distance
3532.1219423956704,2319.5330359036425,4059.3430546473674,2562.66033935755,3913.2885573343974,2858.3316387960017,3395.863783317107,2618.7666401546057,3658.5837632398275,2323.985916919282,0.2,0.13210385922197326,0.13295714113042886,0.13253050017620105,1.5090865856093305,149.85572979527802
intensities
126.8,122.8,120.4,118.,116.2,115.2,114.6,125.4,136.8,138.8,135.2,130.4,127.2,131.2,134.2,95.8,39.6,89.,137.6,139.8,136.4,137.,136.2,137.8,138.8,140.6,139.,137.4,138.6,138.6,142.,141.6