upperleft_x, upperleft_y, upperright_x, upperright_y, lowerright_x, lowerright_y, lowerleft_x, lowerleft_y, crack_dot_x, crack_dot_y, width_m, y_res, x_res, mean_res, width_px, distance
2005.8020576110084,3320.1528188466864,2244.851459503225,2869.2400254735244,2513.899217711328,3006.1075261647547,2282.349404898083,3449.520730458945,1977.6785985648653,3269.530592563629,0.1,0.14329224523239165,0.15140197466716449,0.14734710994977807,0.6786695716942402,166.6092610032584
intensities
125.6,127.2,128.,129.2,129.,129.8,133.2,135.6,130.6,125.2,123.8,126.2,123.4,101.,94.4,117.6,125.2,124.8,125.8,124.,124.4,126.6,127.4,128.,127.6,127.4,127.4,128.,127.4,125.6,125.