upperleft_x, upperleft_y, upperright_x, upperright_y, lowerright_x, lowerright_y, lowerleft_x, lowerleft_y, crack_dot_x, crack_dot_y, width_m, y_res, x_res, mean_res, width_px, distance
3552.2987665450883,2408.5180039472266,4093.3941185928825,2413.392736848558,4094.003460205549,2708.923418991779,3559.001524284419,2704.658027703114,3586.4218968544087,2367.692115898575,0.1,0.1470224439980839,0.1421746053662129,0.1445985246821484,0.6915699881434934,163.5013631937913
intensities
155.,155.,153.2,153.2,154.,153.4,150.,150.,150.4,149.,151.8,154.,152.2,156.2,159.8,119.4,115.,156.6,160.2,156.4,156.4,157.6,154.8,153.8,152.6,150.6,151.,154.8,157.4,156.,155.2