upperleft_x, upperleft_y, upperright_x, upperright_y, lowerright_x, lowerright_y, lowerleft_x, lowerleft_y, crack_dot_x, crack_dot_y, width_m, y_res, x_res, mean_res, width_px, distance
5169.3261812399105,1542.111570247933,5755.595676388282,1613.6981612344712,5697.585852657811,1945.7118332237592,5126.1273763342415,1875.3594938059546,5253.255287913783,1505.0840231859306,0.15,0.1292569318455008,0.13118357179175047,0.13022025181862565,1.1518945625210748,147.2434710837171
intensities
125.6,140.4,145.2,144.,135.2,127.8,132.6,137.8,139.8,136.6,136.,136.6,134.6,138.6,130.,72.6,58.,113.8,141.2,128.8,122.4,127.4,130.,129.8,132.2,133.4,135.6,138.,133.8,127.4,129.,134.