upperleft_x, upperleft_y, upperright_x, upperright_y, lowerright_x, lowerright_y, lowerleft_x, lowerleft_y, crack_dot_x, crack_dot_y, width_m, y_res, x_res, mean_res, width_px, distance
4902.1580075447255,3256.2914742176563,5530.459518851434,2996.606484250332,5675.377359694623,3358.4147848789635,5053.884069098667,3613.2367600528924,4879.7881394951055,3207.6613262837004,0.05,0.1118825532704657,0.1132023711874601,0.1125424622289629,0.4442767557215614,127.25472844255724
intensities
140.,157.8,162.4,156.4,145.2,137.6,130.6,127.8,137.2,142.4,148.8,150.2,148.,145.4,135.6,97.6,90.4,131.6,147.6,143.6,144.,142.8,142.,148.6,150.8,151.8,160.4,162.,158.2,152.,146.4,145.6