upperleft_x, upperleft_y, upperright_x, upperright_y, lowerright_x, lowerright_y, lowerleft_x, lowerleft_y, crack_dot_x, crack_dot_y, width_m, y_res, x_res, mean_res, width_px, distance
3559.810659637392,2271.025928103014,4081.336771432245,2491.185740002571,3945.992624772681,2780.8222138540377,3434.3917503995294,2562.466990576608,3613.9483183012176,2246.6639817042924,0.1,0.13658381465229263,0.13632474424404117,0.1364542794481669,0.7328461987737489,154.29245044127478
intensities
169.,167.2,165.6,163.4,162.8,162.4,164.6,163.8,164.8,166.4,162.2,154.6,158.6,159.,134.2,128.4,160.4,169.,169.8,170.2,168.,164.2,166.2,169.4,170.8,170.8,169.8,170.6,168.4,161.8,151.2