upperleft_x, upperleft_y, upperright_x, upperright_y, lowerright_x, lowerright_y, lowerleft_x, lowerleft_y, crack_dot_x, crack_dot_y, width_m, y_res, x_res, mean_res, width_px, distance
3451.7087703071925,2233.593604112597,4027.5365942769736,2202.5171818666086,4036.6767184669698,2527.905603030485,3473.035726750518,2559.59136688914,3565.0463102631493,2182.4089086486165,0.2,0.13339276826416863,0.13407563044653564,0.13373419935535213,1.4955037751306197,151.21678418431182
intensities
94.2,107.8,102.,90.2,98.8,108.2,112.2,107.8,98.8,96.,100.8,102.8,102.8,121.,122.6,77.4,61.2,100.2,125.4,126.2,126.6,124.6,128.4,137.,139.6,136.6,131.6,135.6,143.,134.8,124.6,130.6