upperleft_x, upperleft_y, upperright_x, upperright_y, lowerright_x, lowerright_y, lowerleft_x, lowerleft_y, crack_dot_x, crack_dot_y, width_m, y_res, x_res, mean_res, width_px, distance
5422.5498064913845,3245.231923947761,5849.37016994835,3345.1405122091846,5784.80339522158,3583.0181033078125,5366.8184851482765,3482.429864786107,5459.250920546601,3220.084864317335,0.1,0.1775055816664728,0.17621682017670634,0.17686120092158955,0.5654151361571635,199.98162159908196
intensities
139.6,139.8,137.8,135.4,139.2,144.4,144.8,142.2,141.8,143.,142.8,140.8,138.2,139.6,129.6,104.2,110.6,140.8,144.2,142.2,142.6,140.6,137.6,137.4,139.8,143.,144.6,142.,138.2,136.6,137.