upperleft_x, upperleft_y, upperright_x, upperright_y, lowerright_x, lowerright_y, lowerleft_x, lowerleft_y, crack_dot_x, crack_dot_y, width_m, y_res, x_res, mean_res, width_px, distance
3587.8257261851277,2350.2016679934613,3910.2025936094797,2634.6938924610713,3743.653125516633,2814.109843067529,3426.9946947649964,2535.336055272635,3673.6022762758644,2380.9382651093088,0.2,0.17753631495333078,0.1796157526115591,0.17857603378244494,1.119971116861378,201.92062831450784
intensities
144.4,141.6,141.,146.2,151.8,152.4,145.,143.2,144.8,145.,143.2,143.6,141.8,141.8,139.2,114.6,91.,107.6,138.2,145.8,142.8,146.2,153.6,147.8,138.,136.8,142.4,143.8,142.,140.6,143.2