upperleft_x, upperleft_y, upperright_x, upperright_y, lowerright_x, lowerright_y, lowerleft_x, lowerleft_y, crack_dot_x, crack_dot_y, width_m, y_res, x_res, mean_res, width_px, distance
1831.4811403350775,774.4747247186938,3155.9671622211245,1935.1650338768297,2475.3677351965243,2663.7735491147837,1165.0020333732282,1525.6757520570495,2192.9613339415037,904.3816692960036,0.2,0.043472777737228824,0.04375574693593319,0.04361426233658101,4.585655913576053,76.21532110797584
intensities
123.,122.4,121.8,120.,119.2,119.,118.8,119.2,119.8,121.4,120.4,113.2,98.8,77.,55.4,36.6,26.,39.6,64.6,90.8,108.6,116.6,119.4,119.8,118.2,117.,115.4,115.4,114.2,113.,113.6,113.2