upperleft_x, upperleft_y, upperright_x, upperright_y, lowerright_x, lowerright_y, lowerleft_x, lowerleft_y, crack_dot_x, crack_dot_y, width_m, y_res, x_res, mean_res, width_px, distance
1203.8030323705568,1022.1369359437921,1429.2711471650737,1394.8665131686762,1207.9629606877986,1510.512520388004,985.8227885470753,1143.6068428072588,1248.7302581967704,1032.120763905173,0.1,0.17426396733815225,0.17697628240494284,0.17562012487154754,0.5694108239197656,198.57830419695023
intensities
126.,126.2,129.,129.4,124.2,122.2,120.6,118.4,118.,117.,118.,119.4,120.8,119.8,124.6,109.,92.8,118.8,138.2,130.8,124.,122.4,126.2,131.,130.,131.6,134.2,132.,130.,133.2,135.8