upperleft_x, upperleft_y, upperright_x, upperright_y, lowerright_x, lowerright_y, lowerleft_x, lowerleft_y, crack_dot_x, crack_dot_y, width_m, y_res, x_res, mean_res, width_px, distance
3532.7969054127784,2315.3168606683084,4060.9203119755393,2558.467600338088,3913.084662256313,2853.1662968178603,3396.6324911977017,2614.8785719414764,3658.2626870823847,2323.097684337741,0.2,0.13206701388260456,0.1330287919495478,0.13254790291607618,1.5088884516462828,149.8754075319572
intensities
123.6,121.8,121.6,119.6,115.8,112.6,115.8,127.6,136.,138.2,135.6,131.4,131.8,134.6,93.6,53.4,100.,142.8,143.4,141.,136.8,134.4,135.8,138.2,140.2,141.6,142.4,141.8,141.8,143.4,142.8