upperleft_x, upperleft_y, upperright_x, upperright_y, lowerright_x, lowerright_y, lowerleft_x, lowerleft_y, crack_dot_x, crack_dot_y, width_m, y_res, x_res, mean_res, width_px, distance
3483.59315609536,2031.730445944143,4001.6272717253173,2248.5623151899067,3870.8531871607515,2535.421597460567,3362.0998130160215,2319.4334319861873,3500.467231523046,1992.9200724604652,0.05,0.1386339767971665,0.1373092010379637,0.1379715889175651,0.3623934492040522,156.0081122516479
intensities
159.2,159.2,156.6,156.,151.,148.,145.,137.,126.6,123.4,126.6,130.,133.8,136.6,139.2,133.6,112.2,126.,146.4,143.,143.,145.8,146.,144.8,148.,149.4,140.6,127.8,126.8,133.8,139.6,143.6