upperleft_x, upperleft_y, upperright_x, upperright_y, lowerright_x, lowerright_y, lowerleft_x, lowerleft_y, crack_dot_x, crack_dot_y, width_m, y_res, x_res, mean_res, width_px, distance
4638.123255911597,1075.0441932743483,6664.945795043326,1230.4263045042894,6525.55890114588,2363.8017040638592,4533.011827726637,2190.1393444539253,5053.998906556439,960.7926408993917,0.2,0.03846594202687782,0.03793871922138814,0.03820233062413298,5.23528268387,66.75804518076826
intensities
124.4,125.,124.4,125.2,125.2,126.,127.6,127.6,127.,125.6,121.2,110.,79.2,42.8,25.,20.6,27.2,62.2,107.2,126.8,134.8,136.,134.6,133.,132.6,131.,130.8,131.2,131.2,130.8,128.6