upperleft_x, upperleft_y, upperright_x, upperright_y, lowerright_x, lowerright_y, lowerleft_x, lowerleft_y, crack_dot_x, crack_dot_y, width_m, y_res, x_res, mean_res, width_px, distance
1422.239696498141,3623.740872006628,2199.8064666922555,2423.85349180293,2858.1297705307234,2873.5007295190153,2115.342344690339,4046.061482016211,1424.7239353805503,3400.1593725897897,0.15,0.05407990790958782,0.05430366264874266,0.05419178527916524,2.767947193975717,94.69939637158227
intensities
116.6,117.8,119.6,122.,122.8,123.6,123.4,123.4,120.6,119.,119.,107.2,71.4,31.6,22.4,52.8,93.4,116.6,122.4,122.6,120.8,120.,118.4,118.4,117.8,116.,116.2,117.4,118.4,117.4,117.6