upperleft_x, upperleft_y, upperright_x, upperright_y, lowerright_x, lowerright_y, lowerleft_x, lowerleft_y, crack_dot_x, crack_dot_y, width_m, y_res, x_res, mean_res, width_px, distance
1581.417888793915,3402.2698038290437,2330.6268377831684,3292.1430254475213,2375.7181171204847,3708.37021933044,1643.8519678763528,3821.09841767373,1670.7333074812914,3332.031464861301,0.15,0.10331415912751796,0.1021581143974535,0.10273613676248573,1.4600510076292137,116.16645776195773
intensities
147.4,138.6,137.8,137.6,135.,137.4,154.6,155.4,135.6,133.2,152.8,172.4,167.8,154.8,144.2,87.8,36.8,108.2,158.2,135.,136.2,158.4,152.2,133.8,140.6,158.,162.,158.8,166.,169.4,163.6,155.8