upperleft_x, upperleft_y, upperright_x, upperright_y, lowerright_x, lowerright_y, lowerleft_x, lowerleft_y, crack_dot_x, crack_dot_y, width_m, y_res, x_res, mean_res, width_px, distance
1567.1792158410115,1222.173241085041,1993.9527068662337,1344.5102879357637,1921.5347998224152,1580.0442574472127,1501.7921735587288,1461.9257294534113,1605.8489720294583,1200.37756032428,0.1,0.17578753012793633,0.1738660251979865,0.17482677766296142,0.5719947558192962,197.6812455971135
intensities
138.6,141.8,140.6,136.2,140.8,147.,145.,142.2,142.6,142.,140.8,139.,141.,143.,134.,110.4,103.4,133.8,148.6,145.4,143.6,144.,140.8,136.,136.4,142.4,145.4,142.8,142.8,144.,137.,132.8