upperleft_x, upperleft_y, upperright_x, upperright_y, lowerright_x, lowerright_y, lowerleft_x, lowerleft_y, crack_dot_x, crack_dot_y, width_m, y_res, x_res, mean_res, width_px, distance
1591.251724973716,1010.9063012980318,3115.2502525762775,1416.2942453402495,2872.451056144575,2268.259282819349,1376.634578127836,1878.0462885541126,1727.8262729665487,919.8566026361434,0.1,0.04889947323607895,0.04899506124728569,0.048947267241682316,2.043014975815492,85.53467352934639
intensities
115.8,114.8,112.2,109.2,106.2,106.2,109.2,110.8,113.,113.4,115.2,113.8,110.6,95.2,61.8,46.6,69.4,98.4,110.8,111.6,112.2,112.6,110.4,109.2,109.2,107.,105.6,105.,104.8,105.,105.6