upperleft_x, upperleft_y, upperright_x, upperright_y, lowerright_x, lowerright_y, lowerleft_x, lowerleft_y, crack_dot_x, crack_dot_y, width_m, y_res, x_res, mean_res, width_px, distance
2167.1715360907942,2655.918901365354,3128.806345741916,3514.059381726669,2619.959226733699,4055.2484786379505,1675.5734719642119,3203.576393857248,2305.16397514387,2638.66984648372,0.1,0.05883384880709019,0.0597528444582697,0.05929334663267994,1.6865298668246247,103.61430438285561
intensities
110.,109.,110.4,113.,113.4,113.6,114.6,115.,115.,116.2,117.8,117.4,117.2,116.8,109.6,90.4,79.2,81.,90.,100.6,111.8,115.2,113.2,110.,108.6,109.2,111.2,113.2,113.6,113.,112.6,111.4