upperleft_x, upperleft_y, upperright_x, upperright_y, lowerright_x, lowerright_y, lowerleft_x, lowerleft_y, crack_dot_x, crack_dot_y, width_m, y_res, x_res, mean_res, width_px, distance
1396.4352510125113,3049.2161016393175,1768.4148693294983,2761.231881006812,1934.9057468826657,2970.470416310117,1569.6757587367533,3254.704842403137,1418.1840593415286,2978.7199642969854,0.15,0.16226428486225583,0.16394936216863568,0.16310682351544575,0.9196427026598027,184.42918452733616
intensities
141.8,141.8,141.4,140.8,139.4,137.8,139.,142.,143.2,144.,144.6,145.2,145.4,145.6,139.8,114.2,108.8,123.8,130.4,132.4,137.,141.8,143.8,143.6,143.4,144.8,144.,142.6,141.6,142.2,143.4