upperleft_x, upperleft_y, upperright_x, upperright_y, lowerright_x, lowerright_y, lowerleft_x, lowerleft_y, crack_dot_x, crack_dot_y, width_m, y_res, x_res, mean_res, width_px, distance
2143.6966504628194,2636.676596323824,2865.1454017519422,3801.3979346119067,2186.666952263739,4206.223409473202,1472.002985469498,3057.33323500651,2240.9452282227953,2577.8751307015127,0.05,0.05497237884075515,0.056186050753442005,0.055579214797098576,0.8996168834434518,97.1239102933799
intensities
123.6,122.,120.4,120.4,120.,119.6,120.,121.,121.8,122.4,122.8,122.2,119.4,113.4,98.4,93.,102.2,107.4,110.2,118.4,122.8,122.2,124.4,126.2,127.6,129.4,130.4,130.6,130.,129.2,128.8