upperleft_x, upperleft_y, upperright_x, upperright_y, lowerright_x, lowerright_y, lowerleft_x, lowerleft_y, crack_dot_x, crack_dot_y, width_m, y_res, x_res, mean_res, width_px, distance
5250.1969454432865,1384.0014834905164,5663.635229637462,1534.719787761972,5566.843658086986,1768.4022962195495,5163.084531047858,1619.0667286845296,5345.605780257327,1383.3101151222988,0.2,0.17275185852257668,0.17576061983966038,0.17425623918111852,1.1477350879363575,197.03612269740978
intensities
125.2,122.2,120.4,122.4,126.6,132.2,131.6,120.4,117.8,122.4,127.8,125.8,126.6,130.4,111.,63.8,80.,122.6,127.8,128.2,129.,122.8,121.8,127.,130.8,134.4,138.,136.8,136.4,137.4,137.4