upperleft_x, upperleft_y, upperright_x, upperright_y, lowerright_x, lowerright_y, lowerleft_x, lowerleft_y, crack_dot_x, crack_dot_y, width_m, y_res, x_res, mean_res, width_px, distance
3477.3515059033066,2204.61355137634,4054.4097312063564,2159.0769839374598,4070.897109072158,2488.039428021784,3508.7560351714997,2527.295089607025,3590.407811268802,2146.5151722301825,0.2,0.1331210319205759,0.13394540799771978,0.13353321995914785,1.4977546415879621,150.98953148359791
intensities
128.4,128.4,126.4,123.,133.,143.8,142.2,132.6,128.,125.6,124.6,125.,131.6,116.8,63.8,66.,120.,133.2,125.8,128.,128.4,130.,131.6,132.,131.4,129.4,126.4,126.2,129.8,127.8,117.4,125.