upperleft_x, upperleft_y, upperright_x, upperright_y, lowerright_x, lowerright_y, lowerleft_x, lowerleft_y, crack_dot_x, crack_dot_y, width_m, y_res, x_res, mean_res, width_px, distance
5240.188509455239,1438.9160527104918,5669.352494499383,1375.9195044471312,5694.10113845999,1616.6563138821166,5273.3741911296875,1676.27804705994,5234.001348465087,1405.1679018551201,0.05,0.1806235025164405,0.17818455044592713,0.1794040264811838,0.2787005452480415,202.85686148324797
intensities
143.2,141.8,142.4,144.8,146.4,146.2,150.8,155.,155.,153.4,156.6,160.8,151.,143.4,140.8,142.2,152.8,159.,161.4,159.8,158.8,160.2,154.2,153.6,152.,148.,153.4,152.6,144.2,145.8,147.