upperleft_x, upperleft_y, upperright_x, upperright_y, lowerright_x, lowerright_y, lowerleft_x, lowerleft_y, crack_dot_x, crack_dot_y, width_m, y_res, x_res, mean_res, width_px, distance
3375.9517884070415,2139.9401418673533,3949.1313199833103,2212.7799007968642,3896.2357807606895,2537.957396017894,3336.9304889805176,2469.4533370246636,3458.330087196369,2104.387402389854,0.15,0.13156725750547238,0.1340707723148327,0.13281901491015252,1.1293563658898527,150.18196100964383
intensities
140.6,161.4,162.2,152.8,151.2,145.8,148.4,154.6,153.6,151.2,150.4,151.6,153.2,155.6,119.4,71.,98.4,148.2,150.8,141.8,141.4,143.8,145.4,146.4,145.,149.2,153.,148.4,144.4,146.6,147.2,148.6