upperleft_x, upperleft_y, upperright_x, upperright_y, lowerright_x, lowerright_y, lowerleft_x, lowerleft_y, crack_dot_x, crack_dot_y, width_m, y_res, x_res, mean_res, width_px, distance
3352.1804346482886,2158.747705104461,3919.887609818496,2063.514641909459,3964.1820578161714,2383.911149092645,3409.0249762453054,2477.6677306877245,3457.7488690427485,2094.520755507832,0.2,0.13438579014453028,0.13437550092861064,0.13438064553657048,1.4883095642338748,151.9477379204786
intensities
115.2,123.6,131.4,131.,126.6,127.6,132.,130.6,128.6,129.6,128.4,127.2,128.6,132.,133.4,97.4,49.2,80.2,125.8,131.,139.8,140.8,135.4,132.6,132.8,131.4,129.8,129.2,129.4,127.2,122.4,122.2