upperleft_x, upperleft_y, upperright_x, upperright_y, lowerright_x, lowerright_y, lowerleft_x, lowerleft_y, crack_dot_x, crack_dot_y, width_m, y_res, x_res, mean_res, width_px, distance
3703.771131062218,1487.646976372696,4624.111328347252,2963.7770330571348,3763.5334815352726,3459.804541983485,2870.0863419631123,2010.5675430119202,3817.3195969610215,1415.932155805031,0.05,0.04399793476034452,0.04445234100723511,0.04422513788378982,1.1305787249637245,77.28281769036055
intensities
129.,126.2,125.6,123.4,122.2,122.4,124.2,125.,125.8,126.,129.,131.2,133.2,115.,66.6,51.2,91.,128.8,133.8,131.4,132.4,132.2,130.8,129.2,128.2,129.2,127.,122.,116.8,113.6,114.6