upperleft_x, upperleft_y, upperright_x, upperright_y, lowerright_x, lowerright_y, lowerleft_x, lowerleft_y, crack_dot_x, crack_dot_y, width_m, y_res, x_res, mean_res, width_px, distance
3494.5818118122443,2441.4763543277195,4161.107791205837,2434.726724156645,4160.264087434453,2812.7060137368094,3505.54996084024,2821.9867552220367,3536.767000381459,2386.6356091877406,0.1,0.11467902736999203,0.11579399662177763,0.11523651199588483,0.867780517372576,130.30096152392443
intensities
151.,146.,145.6,155.8,161.4,149.6,149.4,169.,159.8,155.6,160.8,148.8,133.8,160.,109.,72.6,162.2,165.8,150.6,152.2,157.8,158.8,154.8,157.4,157.8,154.6,154.4,162.,150.8,136.2,134.