upperleft_x, upperleft_y, upperright_x, upperright_y, lowerright_x, lowerright_y, lowerleft_x, lowerleft_y, crack_dot_x, crack_dot_y, width_m, y_res, x_res, mean_res, width_px, distance
5382.780305873153,1295.6973375180073,5773.344843376466,1510.7011819257718,5640.320882088209,1729.5720019523812,5259.810481193892,1519.2085282872304,5452.385867012357,1295.6973375180073,0.15,0.17017844060353238,0.17375398610434323,0.1719662133539378,0.8722643656243838,194.4467301339927
intensities
121.6,121.8,123.,125.,122.8,121.4,121.2,120.6,120.8,119.8,116.8,120.,121.,123.4,116.6,82.2,89.4,127.,132.2,124.,112.,113.,123.4,131.6,135.6,135.,132.8,126.6,127.4,129.,117.2