upperleft_x, upperleft_y, upperright_x, upperright_y, lowerright_x, lowerright_y, lowerleft_x, lowerleft_y, crack_dot_x, crack_dot_y, width_m, y_res, x_res, mean_res, width_px, distance
3586.854295037243,2350.009491023313,3910.836543248812,2633.493958208436,3743.783196514722,2814.8902690560594,3426.550578474227,2536.4680244992423,3672.9120797184414,2382.070234335916,0.2,0.1766521952889231,0.17946077856311726,0.1780564869260202,1.1232390543743402,201.33316298970442
intensities
141.2,141.6,142.8,145.8,148.4,147.2,144.8,144.,144.4,144.6,142.6,140.8,141.8,142.8,131.,85.2,92.8,135.6,141.2,141.2,145.,150.2,151.,139.8,134.2,139.2,142.4,141.6,138.4,142.6,143.8