upperleft_x, upperleft_y, upperright_x, upperright_y, lowerright_x, lowerright_y, lowerleft_x, lowerleft_y, crack_dot_x, crack_dot_y, width_m, y_res, x_res, mean_res, width_px, distance
1570.9793982446206,3200.357429607259,1985.1324870228864,3101.7495513267195,2034.1376144107908,3335.420341676361,1627.753631194022,3433.43059645217,1618.789278623064,3153.7427962382762,0.15,0.18176507937477576,0.18133413811357663,0.1815496087441762,0.8262204531179511,205.28292790138602
intensities
152.,145.2,135.6,132.2,130.2,128.,129.8,134.,135.8,137.4,142.8,141.4,148.8,148.4,118.,86.,112.4,142.8,140.,139.8,140.,139.4,142.8,143.2,144.6,142.2,138.2,136.,137.,140.8,141.6