upperleft_x, upperleft_y, upperright_x, upperright_y, lowerright_x, lowerright_y, lowerleft_x, lowerleft_y, crack_dot_x, crack_dot_y, width_m, y_res, x_res, mean_res, width_px, distance
3573.3567924112845,2413.655222466322,3976.4245510821956,2308.6961296845284,4029.2146273333933,2539.7303457485946,3634.220645030313,2642.2051996479786,3618.0730922946523,2365.833623979943,0.15,0.18373677574714004,0.1855561198076613,0.18464644777740066,0.8123633127285044,208.78460542290267
intensities
154.8,160.,154.8,146.6,139.6,139.2,141.,145.2,150.2,149.8,152.,154.,154.6,161.,144.8,96.4,107.2,147.4,151.6,151.,156.2,157.6,158.2,158.8,157.6,154.8,147.8,141.6,147.2,159.8,159.8