upperleft_x, upperleft_y, upperright_x, upperright_y, lowerright_x, lowerright_y, lowerleft_x, lowerleft_y, crack_dot_x, crack_dot_y, width_m, y_res, x_res, mean_res, width_px, distance
3633.4431485687664,2100.0704514262707,4014.7972532344675,2310.9963942723443,3888.2416875268236,2525.2971522039556,3515.324620574965,2315.2149131292663,3701.783154050894,2097.5393401121178,0.15,0.17600919350197747,0.1771242548846143,0.1765667241932959,0.8495371972568735,199.64864900056688
intensities
121.8,124.,131.,134.8,135.8,137.8,137.8,133.8,129.2,131.4,133.,131.6,129.4,129.8,134.4,136.8,109.4,85.4,115.6,144.2,142.2,131.2,120.8,129.2,141.2,147.,148.4,142.,135.8,134.4,139.4