upperleft_x, upperleft_y, upperright_x, upperright_y, lowerright_x, lowerright_y, lowerleft_x, lowerleft_y, crack_dot_x, crack_dot_y, width_m, y_res, x_res, mean_res, width_px, distance
1591.9636000308217,1167.7977048301161,2026.9632028270412,1182.8906278515462,2014.0264116658152,1425.9944950895824,1585.4952044502088,1411.4406050332032,1590.3465011356684,1131.6824961716939,0.05,0.1785800691684989,0.17707649510039003,0.1778282821344445,0.281170123221447,201.07512581683562
intensities
138.6,140.2,141.6,138.,135.4,137.6,138.6,136.,132.2,131.8,131.4,127.8,124.6,127.2,135.8,131.2,111.2,114.4,134.8,135.,131.,133.2,133.8,135.,143.,139.,127.,124.4,123.,127.8,134.2,135.2