upperleft_x, upperleft_y, upperright_x, upperright_y, lowerright_x, lowerright_y, lowerleft_x, lowerleft_y, crack_dot_x, crack_dot_y, width_m, y_res, x_res, mean_res, width_px, distance
5266.722407159879,2503.3655413911383,6290.41631643949,3369.3923083933096,5776.284330752185,3924.6548529355987,4780.010794042564,3065.4831790759245,5406.109301057326,2485.085293011145,0.1,0.05799351027040075,0.05759726163028274,0.05779538595034174,1.730241927719296,100.99663877772691
intensities
112.2,113.6,111.6,110.4,116.4,118.2,118.,119.4,120.6,118.6,119.,120.,114.4,79.6,37.6,60.,107.4,117.6,118.,112.8,105.6,106.,107.6,110.4,112.,112.6,111.6,110.8,109.8,108.6,107.8