upperleft_x, upperleft_y, upperright_x, upperright_y, lowerright_x, lowerright_y, lowerleft_x, lowerleft_y, crack_dot_x, crack_dot_y, width_m, y_res, x_res, mean_res, width_px, distance
4918.7707691654405,772.3642934794393,6242.9989926768985,1953.6901907126828,5538.014183037705,2684.079858356892,4251.893246533771,1524.983211878038,5099.780382451179,756.4862572263046,0.1,0.04305562856361687,0.04364340023012617,0.043349514396871514,2.3068309159010303,75.75267773957682
intensities
109.6,112.2,115.,116.4,116.6,117.6,118.4,117.,116.6,116.,117.,115.4,108.4,93.4,63.8,43.8,57.4,89.8,113.8,116.4,112.8,109.6,107.,106.2,105.2,105.8,107.,107.8,107.8,108.2,108.8