upperleft_x, upperleft_y, upperright_x, upperright_y, lowerright_x, lowerright_y, lowerleft_x, lowerleft_y, crack_dot_x, crack_dot_y, width_m, y_res, x_res, mean_res, width_px, distance
2160.967969749532,2351.6054973241817,2526.8307357239833,2599.701278542908,2378.4443349317703,2802.2604923227536,2020.432701274368,2559.6605037259615,2207.289650420117,2338.2585723851994,0.1,0.1732491673367246,0.17496259233797695,0.1741058798373508,0.5743631409428546,196.86610742423193
intensities
151.2,149.2,149.8,146.8,140.6,145.6,155.2,158.4,159.,160.,156.4,153.2,152.8,155.6,163.8,150.4,110.,120.,149.2,151.8,148.2,151.,155.2,158.2,159.,159.,158.,154.,149.2,147.2,145.4,149.6