upperleft_x, upperleft_y, upperright_x, upperright_y, lowerright_x, lowerright_y, lowerleft_x, lowerleft_y, crack_dot_x, crack_dot_y, width_m, y_res, x_res, mean_res, width_px, distance
2131.755898476145,2205.8673889254806,3581.871755542901,3401.407351084962,2882.593664468487,4207.027271677604,1448.5902058135844,3040.489626659458,2321.8821997360083,2167.197632737034,0.1,0.04055413567130207,0.04104177520229961,0.040797955436800835,2.4511032214569597,71.29386369459844
intensities
124.8,125.6,126.2,125.8,123.2,121.2,120.6,119.2,121.4,125.2,125.4,127.4,128.2,127.4,117.2,75.,41.4,55.,100.4,123.6,121.6,119.8,119.8,120.6,121.4,122.,120.2,117.4,113.6,117.8,124.2