upperleft_x, upperleft_y, upperright_x, upperright_y, lowerright_x, lowerright_y, lowerleft_x, lowerleft_y, crack_dot_x, crack_dot_y, width_m, y_res, x_res, mean_res, width_px, distance
1487.1709043817177,1074.2391592591532,3025.992838523184,1501.4345021700678,2766.4601839590264,2355.825187991897,1257.4959888382152,1942.4103400135925,1624.9758537078192,986.9626913526222,0.1,0.048577230304143584,0.04839521552531707,0.048486222914730336,2.062441534698706,84.72900493514932
intensities
118.4,116.6,112.8,107.6,96.6,86.6,88.6,98.,103.6,107.6,110.4,110.4,109.8,111.,109.8,92.2,50.2,43.8,77.,106.4,110.4,111.,107.8,105.4,106.,107.2,107.,105.6,104.8,103.8,103.4,103.4