upperleft_x, upperleft_y, upperright_x, upperright_y, lowerright_x, lowerright_y, lowerleft_x, lowerleft_y, crack_dot_x, crack_dot_y, width_m, y_res, x_res, mean_res, width_px, distance
3387.5292790477038,2677.989957662609,3824.778758567614,2603.954951723637,3862.7454282799076,2847.574415710852,3429.9253935597644,2921.6094216498236,3467.892063272058,2627.367731379551,0.2,0.17617039582826216,0.1733541628627805,0.1747622793455213,1.1444117160121343,197.60831564953384
intensities
124.,112.,113.,118.,116.6,114.2,117.8,118.2,116.2,116.4,116.6,116.8,122.4,131.6,91.6,50.8,93.6,131.,124.8,125.,127.8,124.,119.,119.6,120.6,118.,116.8,114.,104.6,104.6,117.