upperleft_x, upperleft_y, upperright_x, upperright_y, lowerright_x, lowerright_y, lowerleft_x, lowerleft_y, crack_dot_x, crack_dot_y, width_m, y_res, x_res, mean_res, width_px, distance
4859.191807081583,861.3797286036568,6008.222598843506,1826.9518225212387,5431.29327272775,2456.987613802461,4316.0575042529435,1517.9687524676124,5011.269411873602,834.8264960209233,0.1,0.05098472014214848,0.051716517165016504,0.051350618653582494,1.9473962071345652,89.73449693068464
intensities
119.6,119.2,119.4,118.2,117.,117.2,117.2,116.8,114.8,109.8,109.8,111.,109.6,102.4,70.4,45.2,70.2,104.8,114.6,112.2,113.,114.2,115.8,116.8,116.6,117.,117.2,116.,116.2,117.8,118.8