upperleft_x, upperleft_y, upperright_x, upperright_y, lowerright_x, lowerright_y, lowerleft_x, lowerleft_y, crack_dot_x, crack_dot_y, width_m, y_res, x_res, mean_res, width_px, distance
1466.9841198405552,3321.9281121989743,2008.3607064788112,3560.133810319807,1859.4821451532907,3863.3046988372303,1326.2262073146085,3628.7081779606524,1597.8167949448002,3326.439583754293,0.2,0.12883471187447543,0.13031992404689097,0.1295773179606832,1.5434800098323127,146.5164888240564
intensities
106.6,104.8,103.8,101.8,100.4,102.2,116.,123.2,123.,121.6,119.4,116.8,122.,110.,54.4,49.,106.8,130.2,127.2,126.6,122.4,121.,124.8,127.6,127.6,127.2,128.,125.2,124.8,126.8,129.