upperleft_x, upperleft_y, upperright_x, upperright_y, lowerright_x, lowerright_y, lowerleft_x, lowerleft_y, crack_dot_x, crack_dot_y, width_m, y_res, x_res, mean_res, width_px, distance
3561.3129210747743,2225.6428678780935,4117.032471826563,2162.189313405233,4148.42528298682,2475.4494928554604,3600.7209180631826,2537.567183023629,3593.3736643873776,2176.215888604497,0.1,0.13826361682445737,0.13777083309022098,0.13801722495733917,0.7245472442364335,156.05971412469762
intensities
123.,118.,117.4,117.2,114.6,110.6,115.4,121.4,127.8,130.6,129.4,124.4,123.8,128.8,99.2,78.4,112.6,133.4,121.6,124.2,134.2,133.6,131.6,131.8,131.6,127.8,124.,125.4,131.4,134.,134.6,134.6