upperleft_x, upperleft_y, upperright_x, upperright_y, lowerright_x, lowerright_y, lowerleft_x, lowerleft_y, crack_dot_x, crack_dot_y, width_m, y_res, x_res, mean_res, width_px, distance
1609.492131786727,1362.8514704770225,2341.2293818435646,1645.8437771288382,2172.781580265103,2048.7709185045187,1458.5629015724253,1779.25443597898,1726.7318016853362,1345.3328991128626,0.15,0.09890981864921955,0.09885118689777783,0.09888050277349869,1.5169825778859412,111.80679078360215
intensities
157.6,166.8,170.8,172.2,168.4,164.4,161.4,151.2,140.8,148.4,156.6,158.8,155.2,159.4,166.6,142.6,80.2,73.6,136.8,157.8,144.,149.4,164.,168.4,157.2,154.4,165.2,171.2,172.2,178.,185.4,178.8