upperleft_x, upperleft_y, upperright_x, upperright_y, lowerright_x, lowerright_y, lowerleft_x, lowerleft_y, crack_dot_x, crack_dot_y, width_m, y_res, x_res, mean_res, width_px, distance
4416.735386300358,2461.284643982553,4617.279085515231,1997.7162940386268,4896.427852764074,2112.6006242421217,4698.907425396661,2571.1301877736137,4388.518182390728,2418.9588381181075,0.1,0.14388196907984674,0.1523365839079126,0.14810927649387967,0.6751771554574593,167.47106280390082
intensities
132.2,132.4,132.4,132.6,131.4,131.4,132.,132.,135.6,136.6,136.8,135.2,133.4,136.4,120.,87.2,110.8,137.2,137.,135.2,134.4,133.,132.6,135.,135.4,133.,130.,129.6,130.4,131.,131.2