upperleft_x, upperleft_y, upperright_x, upperright_y, lowerright_x, lowerright_y, lowerleft_x, lowerleft_y, crack_dot_x, crack_dot_y, width_m, y_res, x_res, mean_res, width_px, distance
5186.937325656764,865.3884933285262,5882.38359543614,835.9057337618195,5883.250735423397,1230.4544279633362,5204.280125401886,1255.6014875937626,5229.427185032312,808.1572541696249,0.1,0.11080996272458896,0.11123918441940495,0.11102457357199697,0.9007015004219064,125.53841172953503
intensities
145.2,142.8,145.8,146.2,145.8,145.2,148.4,152.,151.,147.4,145.6,144.8,142.6,143.,128.6,105.4,109.,135.8,149.4,146.8,143.2,143.4,146.2,146.2,147.2,150.4,150.,149.2,149.2,150.2,149.,139.8