upperleft_x, upperleft_y, upperright_x, upperright_y, lowerright_x, lowerright_y, lowerleft_x, lowerleft_y, crack_dot_x, crack_dot_y, width_m, y_res, x_res, mean_res, width_px, distance
3320.358154832181,2708.3609498108563,3667.1321229790615,2204.177637761125,3957.0967038527333,2403.010493217357,3616.2403802134786,2900.0926318579372,3277.7511143772736,2681.139785075777,0.05,0.12355166875394935,0.12596345997074523,0.1247575643623473,0.4007773016053714,141.0666663910936
intensities
149.2,146.6,146.8,153.,151.,146.6,147.,147.2,147.8,148.,150.,152.,154.2,157.8,155.8,133.6,113.6,132.8,152.2,150.,146.4,144.4,145.2,141.2,133.8,133.8,142.4,143.8,139.8,142.4,148.4,148.8