upperleft_x, upperleft_y, upperright_x, upperright_y, lowerright_x, lowerright_y, lowerleft_x, lowerleft_y, crack_dot_x, crack_dot_y, width_m, y_res, x_res, mean_res, width_px, distance
1248.4777329707524,1605.4854415868297,1714.8935831431008,1459.5364072452826,1784.4522718505616,1705.4760566038044,1325.4891383254412,1850.182971504147,1269.5937634712316,1560.1480819828596,0.1,0.16988362710984767,0.1577410842317744,0.16381235567081104,0.6104545630303669,185.22694833186216
intensities
139.2,138.,139.4,139.2,133.2,133.4,139.8,141.2,139.,140.,140.6,140.4,139.8,142.,141.,110.6,97.4,128.4,139.2,129.8,132.8,138.2,138.4,138.4,138.4,135.6,134.,135.8,137.,137.4,139.8