upperleft_x, upperleft_y, upperright_x, upperright_y, lowerright_x, lowerright_y, lowerleft_x, lowerleft_y, crack_dot_x, crack_dot_y, width_m, y_res, x_res, mean_res, width_px, distance
3514.024496499478,2260.9038264679893,4044.0931089795968,2020.6708956742473,4178.312317277315,2321.2052099060943,3654.079322549271,2558.520331823799,3564.599850350792,2187.9586045670553,0.15,0.13220524667580763,0.1321907267332061,0.13219798670450686,1.1346617580136433,149.47974804842545
intensities
148.,148.,148.6,147.8,146.8,146.4,145.6,145.2,144.,140.6,139.4,141.8,143.,140.6,123.4,86.6,98.2,140.6,148.,142.4,142.4,143.2,139.8,137.2,138.8,137.6,137.,134.6,126.,129.,134.,130.4