upperleft_x, upperleft_y, upperright_x, upperright_y, lowerright_x, lowerright_y, lowerleft_x, lowerleft_y, crack_dot_x, crack_dot_y, width_m, y_res, x_res, mean_res, width_px, distance
4147.381199569732,3102.2628044543117,5785.68987008693,2468.0788029637833,6143.619476988781,3409.7459566921434,4524.528503486447,4029.516685421523,4308.329412069223,2890.868137290802,0.15,0.043318126718880204,0.04383417254366893,0.04357614963127457,3.442249975485331,76.14871968179999
intensities
116.,117.,119.6,120.4,120.8,121.,121.2,121.8,123.2,124.8,125.8,127.6,128.4,130.6,132.2,129.8,92.6,31.8,12.6,14.6,19.,49.4,100.4,126.4,125.2,122.,120.4,118.,116.6,116.,118.8,120.6