upperleft_x, upperleft_y, upperright_x, upperright_y, lowerright_x, lowerright_y, lowerleft_x, lowerleft_y, crack_dot_x, crack_dot_y, width_m, y_res, x_res, mean_res, width_px, distance
5559.041741823268,3273.310854183748,6150.583548535082,3479.7487616903745,6023.758466344912,3805.6059071716863,5447.954078591003,3601.019460718931,5613.659842912466,3241.836016267939,0.1,0.12505862241911664,0.12363571200223478,0.12434716721067571,0.8042000653748275,140.60261951442834
intensities
152.8,150.,149.6,148.2,145.8,144.4,144.4,146.2,151.,153.2,150.6,146.6,143.8,147.6,148.8,118.6,91.,125.8,158.8,154.8,154.4,156.2,156.2,155.6,154.8,159.2,159.4,151.4,145.8,144.6,140.2