upperleft_x, upperleft_y, upperright_x, upperright_y, lowerright_x, lowerright_y, lowerleft_x, lowerleft_y, crack_dot_x, crack_dot_y, width_m, y_res, x_res, mean_res, width_px, distance
1585.4184508432281,1165.7646131032388,2038.6162752638893,1530.4555682841,1832.8111455858011,1769.3174804493428,1384.9450602759712,1413.1573078458114,1672.8589722608617,1184.9588739022315,0.15,0.1372886052409945,0.1325922503005917,0.13494042777079313,1.111601633980194,152.5806984474844
intensities
164.6,159.2,158.2,160.6,160.,159.,156.,159.2,169.8,175.4,170.6,168.,164.8,166.2,159.4,111.6,111.2,166.8,181.8,176.4,176.,173.,175.6,177.6,181.4,180.,177.,174.6,170.6,171.2,169.