upperleft_x, upperleft_y, upperright_x, upperright_y, lowerright_x, lowerright_y, lowerleft_x, lowerleft_y, crack_dot_x, crack_dot_y, width_m, y_res, x_res, mean_res, width_px, distance
4767.992116638115,3451.661628778833,5970.0590649178885,2272.655916916897,6656.130848348551,2970.258318556477,5454.063900068777,4140.616066761725,4912.124844249598,3117.273700720191,0.2,0.0445990887031549,0.04551556209881305,0.04505732540098398,4.438789879783506,78.73705388391424
intensities
113.6,113.6,115.6,113.6,108.4,108.4,115.,113.8,76.8,14.,4.8,7.,8.2,52.4,103.6,119.,118.2,120.6,124.6,126.8,129.,125.6,120.6,127.2,128.2,123.4,122.6,120.,118.8,120.2,121.6