upperleft_x, upperleft_y, upperright_x, upperright_y, lowerright_x, lowerright_y, lowerleft_x, lowerleft_y, crack_dot_x, crack_dot_y, width_m, y_res, x_res, mean_res, width_px, distance
5233.205688936241,3009.8327126775753,5628.43403339804,3156.8246586254168,5539.188923358279,3379.5624542708706,5150.710209067554,3232.570508323029,5269.203716515304,2988.833863256455,0.1,0.18221295522346598,0.18278928385840185,0.18250111954093393,0.5479418441461703,206.35882623925278
intensities
173.6,170.6,169.,166.8,160.8,156.,156.2,155.8,152.4,153.4,157.4,158.,153.4,155.2,152.4,119.,124.6,162.8,166.,161.2,162.4,164.,164.8,159.4,154.,151.,141.8,141.4,152.8,157.4,155.6,154.2