upperleft_x, upperleft_y, upperright_x, upperright_y, lowerright_x, lowerright_y, lowerleft_x, lowerleft_y, crack_dot_x, crack_dot_y, width_m, y_res, x_res, mean_res, width_px, distance
5797.415008887583,2711.627958303384,6281.888463389143,3486.148020434166,5822.9136117560865,3733.1657357227905,5357.564109405905,2969.8013123469777,5861.161516058841,2674.9737166799105,0.05,0.08437383856090337,0.08464727047406706,0.08451055451748521,0.5916420769627658,95.55831152665915
intensities
139.6,139.4,138.8,138.6,136.8,137.4,141.4,142.6,142.8,143.8,143.6,142.6,146.6,138.8,102.8,91.2,121.,133.2,133.4,132.6,132.2,129.,129.2,129.8,125.4,134.2,144.2,142.8,139.4,135.6,136.2