upperleft_x, upperleft_y, upperright_x, upperright_y, lowerright_x, lowerright_y, lowerleft_x, lowerleft_y, crack_dot_x, crack_dot_y, width_m, y_res, x_res, mean_res, width_px, distance
3274.5134011545865,2490.3197718261085,3742.944765891908,2449.962608094893,3766.0060023097453,2710.3624026463067,3306.222601229113,2753.12177850438,3299.976849699282,2450.923492945636,0.1,0.16536576379014808,0.1641783772743991,0.1647720705322736,0.6068989706627081,186.31212322193377
intensities
151.6,154.2,153.8,156.4,157.2,159.8,160.,158.8,160.2,162.4,161.2,161.2,163.,165.,154.2,122.8,118.,147.6,158.6,154.,155.2,158.4,160.4,158.4,155.8,154.2,153.8,153.8,154.2,153.2,152.6