upperleft_x, upperleft_y, upperright_x, upperright_y, lowerright_x, lowerright_y, lowerleft_x, lowerleft_y, crack_dot_x, crack_dot_y, width_m, y_res, x_res, mean_res, width_px, distance
5273.874052133926,3734.666490546294,5593.900267106337,3207.1507515807803,5901.617781502887,3393.5396460152615,5590.383495513234,3917.5386133876723,5228.1560214235815,3706.5323178014664,0.05,0.11995692408673218,0.12474891143838407,0.12235291776255812,0.4086539243553763,138.34766909890763
intensities
144.,142.,138.2,135.4,135.2,134.6,134.4,135.4,138.2,139.8,139.4,140.6,139.8,138.6,132.8,121.6,117.4,129.8,143.4,138.6,136.8,137.2,133.4,129.6,130.6,131.6,133.8,129.4,129.,134.4,137.,140.8