upperleft_x, upperleft_y, upperright_x, upperright_y, lowerright_x, lowerright_y, lowerleft_x, lowerleft_y, crack_dot_x, crack_dot_y, width_m, y_res, x_res, mean_res, width_px, distance
3534.115778460963,2196.168310986942,4102.561194431132,2283.116671871268,4041.041127767694,2606.3020887431962,3485.719992685725,2521.814530525408,3541.4981864605757,2149.4130603227286,0.05,0.13217639844217138,0.13460031681801876,0.13338835763009507,0.37484530800399485,150.82573182984888
intensities
160.8,151.4,152.2,160.4,162.2,162.,156.8,154.2,157.4,160.4,163.,162.,160.6,164.2,162.4,145.8,143.8,161.2,164.8,158.6,159.2,163.4,162.2,160.8,161.8,161.4,158.6,160.8,167.2,167.8,166.8,163.4