upperleft_x, upperleft_y, upperright_x, upperright_y, lowerright_x, lowerright_y, lowerleft_x, lowerleft_y, crack_dot_x, crack_dot_y, width_m, y_res, x_res, mean_res, width_px, distance
5213.452474388707,1311.1992225064005,6250.505026715235,1103.7887120410949,6391.122321945951,1658.0552174088327,5354.069769619423,1865.4657278741383,5393.911336601459,1192.8463323538815,0.2,0.07607213741075143,0.0723342529962129,0.07420319520348218,2.69530172456259,83.90350866838507
intensities
107.4,108.6,108.6,108.8,110.,111.6,113.4,113.2,113.6,112.,107.8,100.8,88.,72.4,62.8,61.4,72.,92.8,109.4,114.4,114.,115.8,117.4,119.2,119.6,119.6,120.8,121.2,120.4,117.6,115.2