upperleft_x, upperleft_y, upperright_x, upperright_y, lowerright_x, lowerright_y, lowerleft_x, lowerleft_y, crack_dot_x, crack_dot_y, width_m, y_res, x_res, mean_res, width_px, distance
3526.5505679775506,2675.3451807014776,3945.9182147872884,2677.501312561682,3936.2156214163692,2913.0587182890026,3523.3163701872445,2911.9806523589004,3524.9334690823976,2641.38610390326,0.05,0.18416089249141113,0.18383549720976952,0.18399819485059032,0.27174179638338763,208.05160875187272
intensities
141.,143.4,145.8,147.2,143.4,142.2,143.4,147.,143.2,140.8,139.8,133.4,134.2,129.,147.8,142.6,105.8,118.,142.4,137.2,132.6,138.8,141.,145.4,150.6,142.2,131.8,132.6,131.,142.2,151.6