upperleft_x, upperleft_y, upperright_x, upperright_y, lowerright_x, lowerright_y, lowerleft_x, lowerleft_y, crack_dot_x, crack_dot_y, width_m, y_res, x_res, mean_res, width_px, distance
5800.297663439814,1192.1268405266173,6121.6433373658065,1679.3657685010473,5831.620165952456,1855.6998567203648,5520.7153261973435,1377.741670231162,5866.422946522058,1196.7672112692312,0.1,0.1288912228659851,0.13260805491219418,0.13074963888908964,0.7648204679542291,147.8420629979036
intensities
121.6,118.8,117.,116.6,116.6,112.,102.6,99.,94.,90.6,94.2,95.6,98.,103.6,79.6,58.2,79.6,101.6,109.2,110.4,109.8,109.8,111.,108.2,100.8,102.4,103.,101.8,103.,103.6,104.6