upperleft_x, upperleft_y, upperright_x, upperright_y, lowerright_x, lowerright_y, lowerleft_x, lowerleft_y, crack_dot_x, crack_dot_y, width_m, y_res, x_res, mean_res, width_px, distance
5801.418500463882,2995.0843020294596,6221.770468340235,3140.963027723392,6130.509843735501,3375.3369045491872,5718.45429627776,3228.0754421188203,5895.444598541488,2993.010196924807,0.2,0.1744182868156603,0.1733688636517,0.17389357523368015,1.1501287481796711,196.6260490129254
intensities
111.8,111.4,108.6,107.8,114.6,119.2,118.4,114.8,111.8,109.8,111.2,113.,112.4,112.2,107.6,81.2,64.,88.,116.2,116.8,113.6,115.4,114.4,112.6,115.6,120.,124.,126.8,125.4,124.,126.8