upperleft_x, upperleft_y, upperright_x, upperright_y, lowerright_x, lowerright_y, lowerleft_x, lowerleft_y, crack_dot_x, crack_dot_y, width_m, y_res, x_res, mean_res, width_px, distance
1660.353993377074,1036.2443660878134,2021.8459050914366,1509.7027991296338,1748.8608626168739,1700.5790592973947,1393.7670378355085,1236.7177566550708,1697.676167152893,1007.4529748893245,0.05,0.13050286823201016,0.1296807392493225,0.1300918037406663,0.3843439675851781,147.09823145632717
intensities
105.,114.2,123.,121.,109.4,94.8,92.,92.,100.2,108.6,105.,106.8,110.8,112.8,115.,118.4,116.4,96.2,76.4,93.6,109.2,115.6,119.,121.,117.4,121.4,128.,125.4,116.,114.,109.6