upperleft_x, upperleft_y, upperright_x, upperright_y, lowerright_x, lowerright_y, lowerleft_x, lowerleft_y, crack_dot_x, crack_dot_y, width_m, y_res, x_res, mean_res, width_px, distance
5137.968524403461,2976.8907676481927,5674.833639486398,3228.6308804349815,5523.248195227687,3526.3880030860223,4998.112906188579,3276.4524789213606,5263.387433641324,2985.9137107588303,0.2,0.13088533776755856,0.13026818624178638,0.13057676200467247,1.531666101452595,147.6465865479949
intensities
126.2,125.6,123.,120.6,120.6,118.4,113.2,113.2,123.,132.6,137.6,137.,134.2,130.8,139.2,111.,57.,72.,131.2,145.6,142.2,139.6,137.6,136.,136.6,138.6,141.8,142.6,141.6,141.,141.2