upperleft_x, upperleft_y, upperright_x, upperright_y, lowerright_x, lowerright_y, lowerleft_x, lowerleft_y, crack_dot_x, crack_dot_y, width_m, y_res, x_res, mean_res, width_px, distance
1481.9698221743718,3825.7973789560237,1677.955177402182,3406.5820675494524,1921.3988697703585,3519.075903734025,1730.6866631137004,3932.1392084742524,1453.8463631282286,3783.612190386809,0.1,0.16151023846269097,0.16671856974473043,0.1641144041037107,0.6093310367614403,185.56848245635064
intensities
153.4,151.4,153.2,155.,154.6,151.6,144.6,143.4,146.2,148.6,151.6,152.2,151.2,152.,139.6,120.4,127.8,144.8,150.8,151.,152.4,153.8,152.6,153.4,151.,151.2,152.6,155.,156.4,156.2,156.