upperleft_x, upperleft_y, upperright_x, upperright_y, lowerright_x, lowerright_y, lowerleft_x, lowerleft_y, crack_dot_x, crack_dot_y, width_m, y_res, x_res, mean_res, width_px, distance
2004.2224566612501,3322.1999723030867,2244.678031505774,2870.8184546124894,2513.819534577364,3006.654761805361,2280.957293675299,3450.4429455534996,1975.5365284341842,3273.265153562798,0.1,0.14345486078236513,0.15110097669085487,0.14727791873661,0.6789884108753517,166.53102467478357
intensities
120.4,121.4,123.6,125.4,126.2,126.2,126.6,127.8,130.4,130.8,129.4,128.8,128.,126.2,119.2,96.8,93.6,111.,123.,125.,125.4,125.4,125.2,124.2,125.,125.4,125.8,125.6,126.,125.8,125.2