upperleft_x, upperleft_y, upperright_x, upperright_y, lowerright_x, lowerright_y, lowerleft_x, lowerleft_y, crack_dot_x, crack_dot_y, width_m, y_res, x_res, mean_res, width_px, distance
5349.736999210126,1133.117964393841,5936.228301401569,1221.7068603891921,5867.325826738519,1554.7354879272707,5294.779072990787,1468.6073945984572,5356.299139654226,1085.5424461741154,0.05,0.1279331180024636,0.13054001713608193,0.12923656756927276,0.3868874030037918,146.1311933749715
intensities
129.6,124.,130.,133.2,135.8,135.8,133.4,132.4,133.2,134.2,134.8,134.8,135.2,137.2,135.8,122.8,122.8,135.8,137.,133.6,133.,133.4,134.6,134.4,134.2,135.,136.,136.6,139.2,140.6,140.6,139.2