upperleft_x, upperleft_y, upperright_x, upperright_y, lowerright_x, lowerright_y, lowerleft_x, lowerleft_y, crack_dot_x, crack_dot_y, width_m, y_res, x_res, mean_res, width_px, distance
1719.6265269384082,684.2511526662852,3178.636427928508,1620.832647550468,2637.2598412902516,2427.4837616414693,1197.198120832491,1517.9710960891994,2087.762605852422,754.6301089292588,0.2,0.044494854314582194,0.04451673574134442,0.044505795027963306,4.493796816219969,77.77326217384982
intensities
147.,148.,150.4,153.6,153.8,151.2,149.2,148.8,149.2,148.2,148.2,148.6,149.8,151.6,151.6,133.2,86.4,41.4,16.6,10.8,41.2,106.2,142.4,146.8,147.,152.2,157.8,157.6,154.,152.4,150.8