upperleft_x, upperleft_y, upperright_x, upperright_y, lowerright_x, lowerright_y, lowerleft_x, lowerleft_y, crack_dot_x, crack_dot_y, width_m, y_res, x_res, mean_res, width_px, distance
1904.959033942468,3133.1463801239834,2561.0839370313915,3238.1319223494033,2484.248303295741,3604.8032377714308,1840.3851446501653,3507.542941903519,1959.0427056090175,3086.405860795461,0.1,0.11530469702655802,0.1162975244868669,0.11580111075671246,0.8635495751857757,130.93936822451673
intensities
131.8,118.2,128.,137.2,142.4,154.4,155.4,150.8,153.4,159.2,160.6,162.2,156.6,138.4,121.8,105.4,88.2,89.,115.4,131.,131.2,125.4,109.2,119.2,144.8,150.2,126.2,116.,121.8,133.,138.2