upperleft_x, upperleft_y, upperright_x, upperright_y, lowerright_x, lowerright_y, lowerleft_x, lowerleft_y, crack_dot_x, crack_dot_y, width_m, y_res, x_res, mean_res, width_px, distance
2022.6737894171072,2271.93876871122,2937.037751654836,3746.311109205275,2073.2960157001644,4252.533372035852,1174.751499175891,2793.9804772552525,2139.737687696678,2199.1693184293244,0.05,0.043567947574446333,0.04437346929788991,0.04397070843616813,1.1371206373120992,76.8382057443837
intensities
119.8,119.4,118.,116.2,114.8,114.4,114.4,114.4,115.4,118.2,119.,119.4,121.2,124.4,125.2,125.,125.4,117.4,89.6,68.,85.6,113.8,126.,127.2,127.8,127.6,126.6,124.4,124.4,124.4,125.