upperleft_x, upperleft_y, upperright_x, upperright_y, lowerright_x, lowerright_y, lowerleft_x, lowerleft_y, crack_dot_x, crack_dot_y, width_m, y_res, x_res, mean_res, width_px, distance
1254.1574998872793,3251.491737207115,2285.2338171665033,3241.648526540965,2315.993850498222,3795.3291265119087,1288.608737218805,3821.1675545105527,1457.1737198766255,3175.2068545444517,0.2,0.07733207815099102,0.07431333287929441,0.07582270551514272,2.6377323077723407,85.73473166491951
intensities
102.8,105.8,108.,109.,110.,109.6,111.8,114.,116.,114.8,117.2,119.2,97.8,64.,51.2,53.2,78.,97.4,108.,116.8,122.6,124.,123.4,122.,121.2,121.6,121.8,121.2,120.,118.,116.4