upperleft_x, upperleft_y, upperright_x, upperright_y, lowerright_x, lowerright_y, lowerleft_x, lowerleft_y, crack_dot_x, crack_dot_y, width_m, y_res, x_res, mean_res, width_px, distance
1646.731692901598,3292.513317658296,2064.7048848669656,3411.135724293341,1986.451360071072,3645.2752389604184,1575.9308847529326,3528.516011487181,1686.4795150201471,3267.0498691136004,0.1,0.17637619344205738,0.1776459759281961,0.17701108468512672,0.5649363720802196,200.15109912115773
intensities
139.,138.4,136.,135.8,135.6,139.4,141.4,137.2,137.4,139.,136.4,137.8,136.6,134.,127.6,105.,102.8,127.4,138.,137.8,138.,137.4,134.8,133.2,137.4,140.2,138.8,137.,137.6,137.8,138.4