upperleft_x, upperleft_y, upperright_x, upperright_y, lowerright_x, lowerright_y, lowerleft_x, lowerleft_y, crack_dot_x, crack_dot_y, width_m, y_res, x_res, mean_res, width_px, distance
4905.340059754717,2583.4141129212685,5720.791472905574,2782.3484137119167,5593.545208435879,3242.944047074049,4788.847000733166,3038.6331435593293,4975.235895167648,2533.2324874966002,0.1,0.09180404062227757,0.09163837305750659,0.09172120683989207,1.0902604037314876,103.7115861663661
intensities
140.8,141.4,142.8,143.6,146.,149.,147.4,140.6,135.,135.4,139.6,138.6,135.,138.6,120.,93.4,88.4,115.2,142.,145.8,141.2,142.6,145.,145.8,143.6,143.6,143.6,142.,138.2,136.8,132.4