upperleft_x, upperleft_y, upperright_x, upperright_y, lowerright_x, lowerright_y, lowerleft_x, lowerleft_y, crack_dot_x, crack_dot_y, width_m, y_res, x_res, mean_res, width_px, distance
1428.1343232937638,3423.604181740727,1843.1863583522525,2926.7318530327157,2127.3259235715045,3160.2916003595356,1724.1750221347645,3646.7504371485165,1386.480355617643,3390.876064280918,0.05,0.11780291467852164,0.11961246813059104,0.11870769140455634,0.42120269890179046,134.22591557484276
intensities
145.6,146.8,145.6,143.4,142.8,141.,140.2,141.2,144.,145.8,146.6,147.,147.6,148.,143.2,127.,124.4,139.4,146.4,145.2,144.,143.2,141.,139.,137.4,136.4,137.2,138.2,137.6,137.6,140.6,143.6