upperleft_x, upperleft_y, upperright_x, upperright_y, lowerright_x, lowerright_y, lowerleft_x, lowerleft_y, crack_dot_x, crack_dot_y, width_m, y_res, x_res, mean_res, width_px, distance
5085.568127450522,2409.0656688650542,6406.864851623206,3522.1931060783654,5750.553349681851,4242.111890146195,4469.7339868623785,3134.7669331262,5441.190659339451,2527.60651282803,0.2,0.045178263665109235,0.04472777517695535,0.04495301942103229,4.449089350968613,78.55478062444351
intensities
131.6,131.8,131.4,130.8,129.8,128.6,129.6,130.2,130.8,131.,129.2,128.8,127.,120.,96.8,58.8,22.2,14.,35.4,75.6,111.6,130.8,129.8,129.4,126.8,125.,125.4,125.2,123.4,123.6,123.8,122.4