upperleft_x, upperleft_y, upperright_x, upperright_y, lowerright_x, lowerright_y, lowerleft_x, lowerleft_y, crack_dot_x, crack_dot_y, width_m, y_res, x_res, mean_res, width_px, distance
5776.077506147118,3225.279501565316,6246.559539773221,3191.7657128686624,6276.20635285103,3453.4310630771524,5809.591294843772,3485.011363964384,5767.699058972955,3190.476720995714,0.05,0.1656446886438575,0.16287584664953147,0.1642602676466945,0.30439497461153797,185.7334142090815
intensities
148.2,149.6,151.,150.2,147.,148.6,148.6,150.4,151.6,153.2,153.6,153.,152.6,153.,148.2,144.4,145.8,145.,142.8,146.8,152.,152.4,152.4,152.2,152.2,153.6,149.8,141.6,140.4,148.,150.,146.