upperleft_x, upperleft_y, upperright_x, upperright_y, lowerright_x, lowerright_y, lowerleft_x, lowerleft_y, crack_dot_x, crack_dot_y, width_m, y_res, x_res, mean_res, width_px, distance
5866.001094636366,1274.6469284219697,6395.073667941934,1420.654553303196,6286.798350614284,1699.545522177449,5766.748720419353,1545.3352217410975,5987.400692852218,1264.8037177558194,0.2,0.1481401128539262,0.14020157497064628,0.14417084391228624,1.387243041468775,163.01777327447545
intensities
118.6,120.4,125.2,126.,123.6,123.,121.4,121.2,122.6,125.8,127.8,126.2,122.4,124.2,127.,115.4,75.2,65.,99.2,126.2,120.4,116.2,116.2,115.4,113.6,115.,118.,121.8,124.8,123.,121.4,123.