upperleft_x, upperleft_y, upperright_x, upperright_y, lowerright_x, lowerright_y, lowerleft_x, lowerleft_y, crack_dot_x, crack_dot_y, width_m, y_res, x_res, mean_res, width_px, distance
1536.093419108674,3360.375224336639,2172.2460627324326,3186.5722474314744,2268.428292670242,3539.2404238701097,1640.7126867603265,3714.730808318043,1605.2771283621862,3285.285588683437,0.15,0.11836662584008453,0.11668184602667026,0.1175242359333774,1.2763324841782642,132.88775127999776
intensities
137.,135.2,132.4,132.6,133.4,134.2,133.6,132.8,136.8,141.2,141.4,139.8,140.4,144.,138.8,110.4,93.4,121.8,141.2,143.6,143.8,144.8,148.6,151.8,152.6,151.8,150.,147.6,145.,143.4,143.,140.4