upperleft_x, upperleft_y, upperright_x, upperright_y, lowerright_x, lowerright_y, lowerleft_x, lowerleft_y, crack_dot_x, crack_dot_y, width_m, y_res, x_res, mean_res, width_px, distance
4341.332877165268,1341.817466732095,5648.88623308395,760.2243336578545,5941.745186617787,1517.120361453054,4648.628539676125,2073.9648505666887,4549.633963833701,1127.3292190735099,0.2,0.05419185964991532,0.05389329872005292,0.05404257918498412,3.700785621563572,94.4386607825788
intensities
123.,123.6,124.,122.4,121.2,118.8,115.8,116.4,119.6,122.2,123.2,125.2,124.6,111.2,70.6,26.8,20.6,50.,87.4,107.8,115.8,118.8,120.2,121.8,121.8,122.2,122.6,122.4,122.,121.6,121.,119.6