upperleft_x, upperleft_y, upperright_x, upperright_y, lowerright_x, lowerright_y, lowerleft_x, lowerleft_y, crack_dot_x, crack_dot_y, width_m, y_res, x_res, mean_res, width_px, distance
1426.6644540547345,1421.438494724107,2164.4834021303,1683.6194416817766,2006.710796881437,2089.6518816604685,1282.812961033712,1835.5915835023725,1596.0379861601316,1420.2784020384534,0.2,0.09953964020920066,0.09870044112669236,0.09912004066794651,2.0177554271794818,112.077642594607
intensities
113.2,110.8,107.,105.2,106.2,110.4,112.8,116.4,115.6,113.8,110.6,107.8,109.4,103.8,60.2,30.,61.8,100.6,108.2,108.4,112.6,117.,116.,120.,124.8,123.2,113.8,107.4,110.6,110.,107.8,109.6