upperleft_x, upperleft_y, upperright_x, upperright_y, lowerright_x, lowerright_y, lowerleft_x, lowerleft_y, crack_dot_x, crack_dot_y, width_m, y_res, x_res, mean_res, width_px, distance
1666.6143925418246,1173.8126096336105,2053.593189016755,1355.302665344721,1947.8489830032563,1569.040954095409,1568.369775607298,1392.8006107395786,1731.1108586209798,1168.5628972783304,0.15,0.18182698756438936,0.18089498039089574,0.18136098397764255,0.8270797649536981,205.06964490608476
intensities
153.4,152.8,150.,145.2,140.2,139.,146.2,152.8,151.8,145.,152.,153.4,147.,152.2,154.8,117.8,98.4,139.6,162.2,156.4,151.8,150.2,145.6,142.2,153.6,161.4,157.8,154.2,146.4,136.8,135.