upperleft_x, upperleft_y, upperright_x, upperright_y, lowerright_x, lowerright_y, lowerleft_x, lowerleft_y, crack_dot_x, crack_dot_y, width_m, y_res, x_res, mean_res, width_px, distance
1775.8441497608544,2804.5841931264413,2276.699519156792,3061.5623001605745,2120.497140371339,3333.6567664320096,1626.6960719528086,3081.7174458103104,1865.5345479021794,2799.5454067140076,0.15,0.13843357681748436,0.13693951478357164,0.137686545800528,1.0894310633466757,155.68580648603225
intensities
151.8,150.4,149.6,149.2,141.8,139.4,148.2,151.6,152.4,149.6,148.4,141.8,132.4,135.,119.4,90.,123.,154.4,154.,151.8,154.4,159.4,159.6,159.,158.8,154.2,143.2,131.4,124.6,119.2,120.8