upperleft_x, upperleft_y, upperright_x, upperright_y, lowerright_x, lowerright_y, lowerleft_x, lowerleft_y, crack_dot_x, crack_dot_y, width_m, y_res, x_res, mean_res, width_px, distance
1268.1489207627355,3338.42017730795,1735.8068903762887,3194.33432212821,1799.1549818777262,3438.410792324925,1336.4654900289916,3581.8755877840626,1290.5070707044192,3295.5670565863893,0.1,0.17226995382933888,0.15711974475779825,0.16469484929356856,0.607183530201057,186.22480713192843
intensities
135.,133.6,131.2,131.,130.6,132.,132.4,132.2,131.8,132.4,134.8,133.2,133.8,136.6,138.6,119.2,97.8,118.6,134.6,130.6,132.2,134.6,134.4,134.6,135.8,135.4,134.6,135.,137.,136.8,137.2