upperleft_x, upperleft_y, upperright_x, upperright_y, lowerright_x, lowerright_y, lowerleft_x, lowerleft_y, crack_dot_x, crack_dot_y, width_m, y_res, x_res, mean_res, width_px, distance
1567.8858177495454,3190.755611964588,2166.306153819728,3037.763994753569,2241.2082997459565,3374.0268200819546,1657.1309277893063,3528.612099972255,1637.2101442982882,3124.618610774408,0.15,0.12537582465466188,0.12522559888218027,0.12530071176842106,1.1971200951932963,141.6808174794497
intensities
136.2,134.2,124.6,121.2,122.,128.,132.6,137.,137.6,143.4,148.8,146.4,145.,149.2,135.6,72.2,56.,118.4,147.4,135.2,133.4,138.8,136.4,127.6,123.8,128.6,139.6,138.2,137.8,139.4,139.2,136.2