upperleft_x, upperleft_y, upperright_x, upperright_y, lowerright_x, lowerright_y, lowerleft_x, lowerleft_y, crack_dot_x, crack_dot_y, width_m, y_res, x_res, mean_res, width_px, distance
1672.9902150697442,3226.6341148427045,2181.661562458923,3509.661575818328,2008.53823581404,3791.7164338352723,1505.702506176936,3512.579384694365,1695.360083119364,3187.72999649554,0.05,0.1313736826895132,0.13221213910181973,0.13179291089566647,0.3793830765266455,149.0217181543597
intensities
148.6,148.8,151.,151.8,153.,155.2,153.,147.8,145.6,150.2,157.8,162.8,158.,151.8,152.6,151.8,131.,133.4,161.4,166.8,155.2,149.6,153.6,157.2,158.2,158.2,154.,151.4,149.6,147.8,149.2,161.6