upperleft_x, upperleft_y, upperright_x, upperright_y, lowerright_x, lowerright_y, lowerleft_x, lowerleft_y, crack_dot_x, crack_dot_y, width_m, y_res, x_res, mean_res, width_px, distance
3781.5617905946438,2037.5977025876443,4215.014603143325,2816.2073843880535,3760.691840360819,3045.776836960133,3341.6874548970936,2276.799439883028,3844.1716412961205,2003.8847060560804,0.05,0.08616697538014069,0.08659623943605729,0.08638160740809898,0.5788269227705074,97.67396034738883
intensities
146.2,148.6,148.4,148.8,149.2,148.6,148.2,147.4,146.8,147.6,149.,149.,148.4,147.6,149.6,151.4,153.6,131.2,93.4,105.4,135.6,138.2,137.6,137.8,138.2,140.6,141.2,140.2,144.2,150.2,151.,144.