upperleft_x, upperleft_y, upperright_x, upperright_y, lowerright_x, lowerright_y, lowerleft_x, lowerleft_y, crack_dot_x, crack_dot_y, width_m, y_res, x_res, mean_res, width_px, distance
1184.0972761601624,1388.573889207102,1665.3716871952229,1129.4865227445082,1816.898540914255,1403.4910406094937,1345.8306018913572,1659.4379541452681,1157.4034262821983,1348.5331143901556,0.05,0.13840752554959412,0.14131879364502245,0.13986315959730827,0.35749228134098493,158.14696107735512
intensities
140.8,143.2,147.2,149.6,146.8,145.4,145.6,146.8,147.8,148.4,146.6,144.8,144.8,144.8,134.4,118.2,128.4,144.,142.8,142.8,144.4,143.8,144.,143.4,142.4,142.6,141.8,141.4,142.4,145.2,146.4