upperleft_x, upperleft_y, upperright_x, upperright_y, lowerright_x, lowerright_y, lowerleft_x, lowerleft_y, crack_dot_x, crack_dot_y, width_m, y_res, x_res, mean_res, width_px, distance
1743.479321547315,763.800700199889,3263.552282991353,1999.264256096958,2548.7945713336244,2827.2188904154127,1051.360994421732,1633.7999057923275,1937.5311889657028,731.4587222968244,0.1,0.03944913538943763,0.039499800289941836,0.039474467839689734,2.533283042753389,68.98108739638182
intensities
117.4,117.6,117.4,115.4,115.2,116.,115.6,114.2,113.4,113.8,111.6,105.8,101.6,105.,106.6,105.,100.,77.2,45.,40.,71.8,105.2,110.4,108.,107.6,108.,108.8,109.4,111.,112.8,113.4,114.