upperleft_x, upperleft_y, upperright_x, upperright_y, lowerright_x, lowerright_y, lowerleft_x, lowerleft_y, crack_dot_x, crack_dot_y, width_m, y_res, x_res, mean_res, width_px, distance
3186.9826503058466,2210.1046567550998,3606.3034246838415,2123.9765634262862,3647.6449094816717,2364.150903680349,3237.183024703212,2449.2946759425477,3207.1612321714547,2171.223974623807,0.1,0.17823973506529195,0.1805864826518549,0.17941310885857342,0.5573728733435378,202.8671311667562
intensities
116.2,119.,125.2,132.2,135.2,129.6,120.8,121.6,129.8,124.8,115.4,114.2,129.,135.4,119.,93.6,116.8,137.8,140.4,132.6,130.,123.,119.4,129.,145.6,152.,151.2,143.6,141.2,127.4,108.4