upperleft_x, upperleft_y, upperright_x, upperright_y, lowerright_x, lowerright_y, lowerleft_x, lowerleft_y, crack_dot_x, crack_dot_y, width_m, y_res, x_res, mean_res, width_px, distance
2271.9038834840276,1371.8357438314724,2813.3859330937066,1614.7755575584058,2668.819635488595,1914.1732153204712,2137.6026484307586,1677.2213547487795,2399.361743502736,1376.9682751073938,0.2,0.1306142537200868,0.13020059379778462,0.13040742375893571,1.533655019285631,147.45511133011377
intensities
122.2,121.2,118.8,116.,114.,111.2,111.2,120.8,133.2,137.2,136.2,131.,124.,129.6,133.8,90.4,51.,92.2,133.6,137.4,139.2,135.8,134.2,135.4,137.8,138.,137.2,137.6,138.2,138.4,139.,140.6