upperleft_x, upperleft_y, upperright_x, upperright_y, lowerright_x, lowerright_y, lowerleft_x, lowerleft_y, crack_dot_x, crack_dot_y, width_m, y_res, x_res, mean_res, width_px, distance
1678.9980890084764,1310.2723201686713,2082.03069335558,1460.4750276909474,1993.6761595189469,1683.4003130633757,1598.1197080349432,1538.6348076233537,1716.3788533239751,1291.242112880781,0.1,0.18048097021394213,0.17972685807899558,0.18010391414646887,0.5552350179279022,203.64824291406245
intensities
164.2,164.6,163.,158.6,157.,154.6,151.,151.8,149.6,151.8,159.,155.6,151.,155.2,130.,113.8,145.4,165.6,159.8,161.4,161.4,162.,160.2,156.4,152.,145.8,142.8,151.4,154.,151.8,149.