upperleft_x, upperleft_y, upperright_x, upperright_y, lowerright_x, lowerright_y, lowerleft_x, lowerleft_y, crack_dot_x, crack_dot_y, width_m, y_res, x_res, mean_res, width_px, distance
5120.115401057731,3357.1093876549057,5708.739398893507,3266.5518495263245,5754.018167957798,3598.596155997788,5171.956310566122,3685.216409859909,5109.615976347171,3312.486832635025,0.05,0.1303797513308475,0.12922024561510054,0.12979999847297402,0.385208016858418,146.76827954872857
intensities
137.6,139.4,140.8,142.,145.8,150.2,152.4,153.6,153.4,152.,154.8,157.4,148.8,146.6,150.4,135.8,123.,135.8,149.6,157.4,159.,156.6,156.4,158.6,164.6,160.6,151.,151.,155.8,156.6,159.4,155.