upperleft_x, upperleft_y, upperright_x, upperright_y, lowerright_x, lowerright_y, lowerleft_x, lowerleft_y, crack_dot_x, crack_dot_y, width_m, y_res, x_res, mean_res, width_px, distance
3370.0628532638584,2497.63655842128,3808.577888440845,2536.86878379065,3780.7356639851632,2783.0193590920176,3349.181184922097,2745.6854672082627,3431.442302632066,2466.6304448229075,0.15,0.175175931112885,0.17517314444023963,0.1751745377765623,0.856288830008658,198.07446712384183
intensities
152.6,159.6,156.2,146.4,145.8,149.4,142.6,136.8,141.6,149.,157.4,159.4,155.2,162.8,169.,144.4,115.2,123.,149.6,155.6,153.2,153.8,160.,159.8,157.2,155.4,152.2,136.4,122.2,112.,103.2,107.4