upperleft_x, upperleft_y, upperright_x, upperright_y, lowerright_x, lowerright_y, lowerleft_x, lowerleft_y, crack_dot_x, crack_dot_y, width_m, y_res, x_res, mean_res, width_px, distance
1502.9059797180348,1173.9614296043965,1524.8188415581546,1712.818623036435,1200.1100706545603,1700.866152941824,1183.1774046871951,1167.985194557091,1547.7277425728255,1175.9535079534983,0.05,0.13495233601218234,0.1426630109342065,0.13880767347319442,0.36021063352564336,156.9534950962596
intensities
128.4,126.2,126.2,125.4,124.,123.,122.4,122.,121.2,120.6,120.8,119.8,116.2,115.4,111.2,105.,113.,124.,124.8,125.6,122.2,118.6,114.8,108.6,109.2,111.4,114.6,118.,120.6,122.8,124.,121.4