upperleft_x, upperleft_y, upperright_x, upperright_y, lowerright_x, lowerright_y, lowerleft_x, lowerleft_y, crack_dot_x, crack_dot_y, width_m, y_res, x_res, mean_res, width_px, distance
3562.044716915371,2207.5629991438045,3947.4415688189547,2348.496683288789,3862.6141854710254,2565.5746328012065,3483.8966550909004,2429.316473722643,3624.8303392358853,2196.2081525539243,0.15,0.18582796582518718,0.1882344240883527,0.18703119495676993,0.8020052485611865,211.48110191590982
intensities
175.8,173.6,168.6,164.8,166.4,173.2,180.,189.4,190.8,187.4,176.8,170.,181.,177.2,146.,138.8,166.,178.,180.8,184.,196.,200.2,185.2,180.,187.8,186.6,175.2,172.,187.6,202.8,194.