upperleft_x, upperleft_y, upperright_x, upperright_y, lowerright_x, lowerright_y, lowerleft_x, lowerleft_y, crack_dot_x, crack_dot_y, width_m, y_res, x_res, mean_res, width_px, distance
3203.768033304626,2369.456715226196,3786.915256479279,2300.152291419361,3817.6072155937345,2632.8135256921687,3245.350687588727,2703.108012696244,3276.042646703182,2315.003239377969,0.15,0.12979269794938647,0.13146809739592014,0.13063039767265333,1.148277909831408,147.7072338115127
intensities
129.8,133.,133.2,132.8,130.,113.8,106.2,109.8,109.6,107.,105.,106.8,112.8,103.4,74.,67.6,99.,124.8,127.4,120.4,109.6,104.6,102.2,103.8,107.8,109.2,107.6,108.4,108.2,109.,114.6