upperleft_x, upperleft_y, upperright_x, upperright_y, lowerright_x, lowerright_y, lowerleft_x, lowerleft_y, crack_dot_x, crack_dot_y, width_m, y_res, x_res, mean_res, width_px, distance
1830.6245466449636,3385.2457366197787,2310.7154287784992,3096.3943760000166,2472.0737750557455,3374.2893056997186,2000.9472454931683,3660.152548795828,1869.470074452449,3303.5705243066045,0.15,0.13493988383185473,0.13767146483683956,0.13630567433434715,1.100467759192928,154.12441872213722
intensities
116.8,116.2,117.,118.4,120.8,123.,124.8,124.8,123.6,122.8,123.2,122.8,125.2,115.4,78.,72.8,114.8,129.2,125.,122.4,116.,112.4,113.,114.8,115.8,116.4,117.2,117.6,118.4,118.,119.8,120.8