upperleft_x, upperleft_y, upperright_x, upperright_y, lowerright_x, lowerright_y, lowerleft_x, lowerleft_y, crack_dot_x, crack_dot_y, width_m, y_res, x_res, mean_res, width_px, distance
1480.1746080385924,3423.300292141591,1872.3328082211872,3260.1842296739605,1956.6094404961295,3479.7112637449795,1571.9273931766345,3642.1476759523284,1467.9409033535203,3393.395680689192,0.05,0.18414980865277147,0.18164839341620762,0.18289910103448956,0.2733747717577432,206.8088344040337
intensities
116.4,120.2,125.6,129.4,133.8,145.8,148.8,140.4,131.6,126.,136.6,144.2,146.4,140.4,112.8,109.6,138.,144.2,142.2,146.6,150.,150.2,145.6,142.2,138.6,138.8,141.2,141.4,142.6,147.,148.6