upperleft_x, upperleft_y, upperright_x, upperright_y, lowerright_x, lowerright_y, lowerleft_x, lowerleft_y, crack_dot_x, crack_dot_y, width_m, y_res, x_res, mean_res, width_px, distance
1822.2543021463553,2438.7542378542116,3230.817748472435,3327.5961610075665,2699.2843725003295,4118.990298566035,1311.3916685731647,3244.9131914119052,2182.515812527449,2497.813501851112,0.2,0.045604104232534526,0.04628324756862634,0.04594367590058044,4.353156252294416,80.28593914120998
intensities
152.2,147.,145.2,144.8,142.6,141.6,141.2,140.6,137.4,134.4,133.6,135.,140.2,138.4,131.6,125.,109.8,88.4,65.6,61.8,88.6,117.8,132.8,143.6,154.6,151.,147.6,145.8,144.6,144.,145.6,145.