upperleft_x, upperleft_y, upperright_x, upperright_y, lowerright_x, lowerright_y, lowerleft_x, lowerleft_y, crack_dot_x, crack_dot_y, width_m, y_res, x_res, mean_res, width_px, distance
1479.993563270983,3229.603483393661,1948.5303909797285,3234.665706021967,1947.405452617883,3493.9639984274068,1485.6182550802118,3491.1516525227926,1476.6187481854458,3195.2928633573665,0.05,0.16701889415213472,0.1644533657903046,0.16573612997121967,0.3016843702618287,187.4022106402806
intensities
141.8,141.8,143.2,144.4,144.4,144.4,143.2,143.,144.,144.2,142.6,142.6,142.2,144.,144.,139.8,136.8,138.,140.2,142.8,144.,144.8,144.2,143.4,142.6,140.8,139.6,139.6,139.2,139.8,138.8