upperleft_x, upperleft_y, upperright_x, upperright_y, lowerright_x, lowerright_y, lowerleft_x, lowerleft_y, crack_dot_x, crack_dot_y, width_m, y_res, x_res, mean_res, width_px, distance
1969.6001349538606,1571.9435294311295,2665.7494912093907,1867.1461045521455,2491.7121521455083,2252.6718556430246,1805.4763152037435,1967.382799835774,2084.15635813515,1555.4209972415206,0.15,0.10222031125218559,0.10204752096893656,0.10213391611056108,1.4686600270729202,115.48551099746221
intensities
156.2,174.2,178.2,167.6,154.4,153.2,163.8,170.4,167.,158.4,152.2,161.,172.2,165.6,159.,122.8,51.2,76.,160.6,172.6,156.6,155.6,162.8,164.6,164.,158.8,155.4,157.6,153.2,147.,151.8