upperleft_x, upperleft_y, upperright_x, upperright_y, lowerright_x, lowerright_y, lowerleft_x, lowerleft_y, crack_dot_x, crack_dot_y, width_m, y_res, x_res, mean_res, width_px, distance
3397.248277769733,2516.799180328846,3814.4597927192667,2468.286213474249,3836.560144286361,2703.8436192015697,3424.738958987338,2750.7394871610136,3390.7798821891197,2482.301070565577,0.05,0.18426754067013787,0.18334228650465012,0.183804913587394,0.2720275482528187,207.83306053305873
intensities
152.4,153.8,151.8,149.,148.6,150.2,149.8,150.2,153.2,158.4,160.2,160.6,164.8,167.,159.6,148.4,141.6,149.6,160.8,163.,166.2,165.4,163.2,160.4,155.4,154.6,155.8,157.4,161.6,157.2,150.,151.8