upperleft_x, upperleft_y, upperright_x, upperright_y, lowerright_x, lowerright_y, lowerleft_x, lowerleft_y, crack_dot_x, crack_dot_y, width_m, y_res, x_res, mean_res, width_px, distance
4946.676857309373,1607.558374880689,5491.709493623627,1359.978190411142,5621.733619280296,1666.336404287128,5081.153863981681,1909.4637077410357,4925.303028434304,1565.7012933336791,0.05,0.13116204488043795,0.12842299592581533,0.12979252040312664,0.38523021083729203,146.75982389804477
intensities
170.2,173.6,174.4,166.6,163.4,172.6,177.6,175.6,174.,172.,169.4,164.8,162.2,167.4,169.6,155.2,138.,153.4,179.8,181.8,177.6,177.6,176.4,174.4,168.2,167.,174.6,181.6,185.4,184.2,184.