upperleft_x, upperleft_y, upperright_x, upperright_y, lowerright_x, lowerright_y, lowerleft_x, lowerleft_y, crack_dot_x, crack_dot_y, width_m, y_res, x_res, mean_res, width_px, distance
3253.3915116001394,2491.6368871581026,3669.735886562417,2343.4028217690566,3758.03182985937,2567.6874076620484,3346.198926452412,2715.2769771146204,3323.641568675818,2430.409773193062,0.2,0.18006128236003083,0.17397583226085928,0.17701855731044502,1.1298250479425807,200.15954861556898
intensities
153.4,154.,151.8,151.,154.6,156.6,159.2,160.6,160.,158.6,156.8,162.2,166.,149.,96.6,90.,139.4,162.,155.6,157.4,158.4,158.4,158.4,159.6,163.4,166.,165.2,164.4,164.,164.6,162.