upperleft_x, upperleft_y, upperright_x, upperright_y, lowerright_x, lowerright_y, lowerleft_x, lowerleft_y, crack_dot_x, crack_dot_y, width_m, y_res, x_res, mean_res, width_px, distance
1707.4332497257146,3374.1369702965517,2069.018906303564,3156.355934307981,2190.008370741659,3358.2354978275453,1834.6450294777687,3573.942428711463,1712.2728283032384,3329.1980263624023,0.1,0.18423649177271334,0.18261996260092728,0.1834282271868203,0.5451723626928517,207.40713129120962
intensities
121.,119.2,122.2,124.,123.2,121.2,120.2,121.,120.2,119.4,121.2,121.2,124.8,119.4,92.2,87.2,111.2,122.2,121.8,120.4,119.8,122.2,124.4,125.2,128.,132.2,134.6,134.8,131.6,130.8,131.8,131.8