upperleft_x, upperleft_y, upperright_x, upperright_y, lowerright_x, lowerright_y, lowerleft_x, lowerleft_y, crack_dot_x, crack_dot_y, width_m, y_res, x_res, mean_res, width_px, distance
3540.5888612847502,1855.6213453971945,4226.145047966233,2145.2929735724692,4049.928140826274,2527.9009157873106,3378.8555355535555,2247.885008551212,3656.45751255486,1839.9307988710339,0.15,0.1028947406183168,0.10398925640477236,0.10344199851154458,1.4500879928693502,116.9645942467605
intensities
172.6,166.2,154.,148.2,157.2,163.6,162.2,155.8,153.8,156.2,160.8,161.6,154.6,115.8,51.4,77.,152.4,171.6,157.2,153.8,164.6,166.6,160.8,153.,148.6,150.4,149.2,144.8,154.6,169.2,168.,160.6