upperleft_x, upperleft_y, upperright_x, upperright_y, lowerright_x, lowerright_y, lowerleft_x, lowerleft_y, crack_dot_x, crack_dot_y, width_m, y_res, x_res, mean_res, width_px, distance
3379.6676004335127,2096.7026672054953,3996.8369092011244,1894.588741527213,4112.330581017285,2241.9720512867607,3506.891098293503,2441.3790940318513,3445.535085141167,2020.9099450761394,0.15,0.1186120874728299,0.1188977112987867,0.11875489938580831,1.2631057815365014,134.27929488355485
intensities
150.6,140.6,136.4,143.4,145.8,141.6,143.,150.2,155.6,151.6,147.2,146.6,157.,147.2,98.4,86.2,139.6,160.6,152.6,155.,153.8,158.8,164.2,163.6,160.8,154.6,150.4,150.4,149.4,151.2,149.4