upperleft_x, upperleft_y, upperright_x, upperright_y, lowerright_x, lowerright_y, lowerleft_x, lowerleft_y, crack_dot_x, crack_dot_y, width_m, y_res, x_res, mean_res, width_px, distance
3441.3482051756732,2519.531843099496,3661.2736549165124,2197.611981884644,3843.7480316942383,2327.4954902460818,3630.1972326705245,2642.2438694041675,3415.0527709675293,2502.0015536274004,0.05,0.19368129096108966,0.19865701896978283,0.19616915496543624,0.2548820685331987,221.81363415654997
intensities
140.6,140.8,142.6,139.4,137.6,134.8,139.4,144.2,143.4,142.6,142.8,144.8,146.6,151.6,146.,134.4,136.2,139.6,141.2,143.6,141.2,135.6,137.4,139.6,144.,150.,146.,129.2,129.,135.8,140.4,147.2