upperleft_x, upperleft_y, upperright_x, upperright_y, lowerright_x, lowerright_y, lowerleft_x, lowerleft_y, crack_dot_x, crack_dot_y, width_m, y_res, x_res, mean_res, width_px, distance
3455.596252614925,2141.8537088932844,3967.665851305512,2401.5386988606087,3809.143287148752,2686.2535673790007,3305.4169813085205,2429.69731223056,3476.454484740814,2102.2230678540946,0.05,0.1337361924217326,0.1342765449583045,0.13400636869001856,0.373116595045264,151.5245332248731
intensities
163.4,166.6,166.,168.4,169.4,165.8,163.8,165.6,168.8,172.,173.2,171.2,166.,166.6,154.8,140.4,168.6,179.2,167.4,164.,163.2,167.6,173.2,169.4,165.8,166.,164.2,161.2,166.4,176.6,180.8