upperleft_x, upperleft_y, upperright_x, upperright_y, lowerright_x, lowerright_y, lowerleft_x, lowerleft_y, crack_dot_x, crack_dot_y, width_m, y_res, x_res, mean_res, width_px, distance
3141.537484108867,2256.9653703907356,3924.846127191569,2275.245618770729,3910.2219284875746,2703.9174432815657,3136.0534095948688,2688.3792321585715,3195.464216829846,2199.3825879937576,0.1,0.10112016773076973,0.09821214309083273,0.09966615541080123,1.0033496284453107,112.6951489288746
intensities
108.8,100.,104.8,100.2,91.2,91.8,93.6,94.,99.6,109.6,109.4,103.4,112.6,124.2,103.,46.8,58.8,98.2,102.,103.8,111.8,113.2,115.8,107.6,95.,92.6,99.,97.8,97.,102.2,103.