upperleft_x, upperleft_y, upperright_x, upperright_y, lowerright_x, lowerright_y, lowerleft_x, lowerleft_y, crack_dot_x, crack_dot_y, width_m, y_res, x_res, mean_res, width_px, distance
3417.6448164429485,2249.4528913930344,4188.368211602502,2203.5764988240135,4198.562965506729,2636.8535397536566,3446.190127374784,2680.690981541832,3513.4755031426816,2183.1869910155597,0.15,0.10051097976248578,0.10028617003221753,0.10039857489735166,1.4940451112315214,113.52331494746934
intensities
144.8,149.4,140.4,136.8,146.4,162.,160.4,143.,135.4,153.2,176.8,179.2,162.,149.,93.8,36.,88.2,165.4,153.2,129.8,155.2,162.,144.8,143.4,152.8,162.,166.6,168.6,173.,173.6,169.6,157.2