upperleft_x, upperleft_y, upperright_x, upperright_y, lowerright_x, lowerright_y, lowerleft_x, lowerleft_y, crack_dot_x, crack_dot_y, width_m, y_res, x_res, mean_res, width_px, distance
3622.4269552982337,2247.1983274261684,4034.8106097781797,2352.778479928564,3966.4940405119232,2586.917994595642,3560.3209832380007,2480.0957226520413,3659.069478813771,2222.355938602075,0.1,0.17941043762511716,0.18092191464658902,0.18016617613585306,0.5550431393104314,203.71864418656406
intensities
143.8,143.,146.2,141.,141.4,148.2,152.4,151.4,147.6,147.2,150.4,151.8,144.6,141.6,148.6,131.2,100.4,121.,150.4,151.4,149.6,150.6,150.,143.2,139.,142.6,150.,148.,148.2,146.8,141.8,140.4