upperleft_x, upperleft_y, upperright_x, upperright_y, lowerright_x, lowerright_y, lowerleft_x, lowerleft_y, crack_dot_x, crack_dot_y, width_m, y_res, x_res, mean_res, width_px, distance
5417.46356174181,1223.2442761503817,6018.368136694402,1488.5422398189985,5849.627382417542,1821.3365051983592,5261.847088353151,1556.0385415297421,5441.837226248467,1177.309293041681,0.05,0.11749369483644515,0.11753769607753521,0.11751569545699019,0.42547508063124734,132.87809433823642
intensities
155.2,152.8,153.,154.,153.2,153.,152.2,151.6,150.8,152.6,155.4,156.4,154.4,134.4,109.8,133.,154.6,155.6,151.,144.6,141.4,143.6,145.,146.4,149.8,153.,154.2,158.2,158.2,151.8,150.