upperleft_x, upperleft_y, upperright_x, upperright_y, lowerright_x, lowerright_y, lowerleft_x, lowerleft_y, crack_dot_x, crack_dot_y, width_m, y_res, x_res, mean_res, width_px, distance
1074.0156124941934,2398.5458940937815,2721.030837207759,1801.836401782239,3046.0677151335585,2721.1571236768514,1430.585918875481,3325.1435610165836,1241.3853481425529,2192.3657849617443,0.15,0.04421256023209347,0.04401053862793845,0.04411154943001596,3.400469988885306,77.08432343607913
intensities
105.4,106.2,107.2,108.6,110.,110.4,109.4,111.,113.2,114.4,114.4,113.6,113.4,114.4,113.2,89.2,46.,19.6,16.,16.,31.6,76.2,106.2,114.,113.,111.6,109.2,107.,107.8,112.,115.