upperleft_x, upperleft_y, upperright_x, upperright_y, lowerright_x, lowerright_y, lowerleft_x, lowerleft_y, crack_dot_x, crack_dot_y, width_m, y_res, x_res, mean_res, width_px, distance
2621.024402745072,2386.5031945680644,4229.569079105102,1736.148204126004,4572.089374071254,2670.4915403944306,2989.5588973289064,3299.1680311550895,2889.8377987944573,2126.36119839124,0.2,0.04395380621715059,0.0445054049962491,0.04422960560669984,4.5218580915789195,77.29062497444531
intensities
110.4,112.2,115.2,118.,119.8,120.4,116.4,89.2,41.4,10.6,8.6,30.,67.6,100.4,116.,116.4,116.6,117.,117.4,116.6,115.8,116.2,117.2,118.,118.2,117.8,118.6,119.6,119.4,118.6,117.8,117.