upperleft_x, upperleft_y, upperright_x, upperright_y, lowerright_x, lowerright_y, lowerleft_x, lowerleft_y, crack_dot_x, crack_dot_y, width_m, y_res, x_res, mean_res, width_px, distance
1274.1808168227367,1276.4175345310828,2086.9487832562736,1336.4142471628547,2054.138081035773,1774.2027596478167,1249.807152316079,1717.018392920659,1332.3026321847656,1217.358270534182,0.1,0.09883162507468453,0.09436574619962285,0.09659868563715368,1.0352107726974922,109.22668000327812
intensities
85.6,82.2,78.4,77.8,76.6,78.4,81.2,83.6,89.2,89.,88.6,90.,97.6,92.8,60.8,37.6,57.,81.8,84.2,87.2,92.,92.2,92.2,87.4,80.8,78.2,79.8,82.6,79.2,73.4,76.4,84.6