upperleft_x, upperleft_y, upperright_x, upperright_y, lowerright_x, lowerright_y, lowerleft_x, lowerleft_y, crack_dot_x, crack_dot_y, width_m, y_res, x_res, mean_res, width_px, distance
1193.1588890269886,2944.7163586886113,1684.8272618011865,2658.0680023607974,1846.1856080784328,2938.07219148896,1364.0089027323083,3222.8222143311596,1233.0238922248966,2865.9355190356027,0.15,0.13393942982692575,0.13550715320844864,0.1347232915176872,1.1133932248107759,152.33517676280846
intensities
132.4,134.2,136.4,137.2,139.4,142.,146.2,147.4,148.,146.8,145.,143.2,142.6,137.6,125.6,103.4,96.,118.2,138.2,140.4,137.6,132.,127.2,127.4,131.4,137.6,139.6,138.6,137.6,137.2,137.8