upperleft_x, upperleft_y, upperright_x, upperright_y, lowerright_x, lowerright_y, lowerleft_x, lowerleft_y, crack_dot_x, crack_dot_y, width_m, y_res, x_res, mean_res, width_px, distance
3466.5761197508573,2502.3226297848437,3905.4075438421137,2329.3282023272554,3986.8952664283133,2564.4403199530125,3552.0714352511327,2736.0988831059085,3483.9423557118507,2456.903243425322,0.1,0.17478569284158074,0.16290655716969615,0.16884612500563845,0.592255226447516,190.91876399911422
intensities
156.2,154.,152.4,151.6,151.,148.8,148.4,151.2,152.8,153.4,154.2,154.,153.4,154.8,157.,150.,114.2,116.6,145.4,148.8,145.6,148.4,151.6,154.4,155.2,150.6,145.8,146.4,147.6,151.4,154.,155.2