upperleft_x, upperleft_y, upperright_x, upperright_y, lowerright_x, lowerright_y, lowerleft_x, lowerleft_y, crack_dot_x, crack_dot_y, width_m, y_res, x_res, mean_res, width_px, distance
879.1885922358463,1713.7525562389255,1296.85711339488,1214.3385141191027,1589.3528055827041,1453.1887081764094,1187.0115696038188,1943.661833941146,837.0385579904391,1681.8207121136172,0.05,0.11420676207006478,0.11903625283510164,0.1166215074525832,0.42873738379971943,131.86701239259799
intensities
135.,138.8,140.2,140.,140.8,140.,138.8,140.2,140.2,143.6,146.6,146.6,149.2,148.4,120.6,103.2,127.8,143.8,137.6,133.2,131.4,135.8,136.6,129.4,128.8,136.,140.6,135.6,133.2,134.,140.4