upperleft_x, upperleft_y, upperright_x, upperright_y, lowerright_x, lowerright_y, lowerleft_x, lowerleft_y, crack_dot_x, crack_dot_y, width_m, y_res, x_res, mean_res, width_px, distance
1424.0759240116954,1415.8430981847182,1815.5544739340085,1251.602097355242,1906.6744812435122,1474.339893000696,1523.6329690350422,1635.7685479255579,1410.5766636695466,1384.9072932339607,0.05,0.18047389553669904,0.18210638870174345,0.18129014211922126,0.2758009862837366,204.98954214951428
intensities
117.6,113.4,117.,127.,129.8,128.2,135.,146.6,146.,134.2,129.2,134.2,139.,141.2,144.8,120.,103.6,129.8,142.6,138.6,142.2,145.6,148.2,146.6,140.6,136.8,139.4,139.8,139.8,142.8,144.2,146.2