upperleft_x, upperleft_y, upperright_x, upperright_y, lowerright_x, lowerright_y, lowerleft_x, lowerleft_y, crack_dot_x, crack_dot_y, width_m, y_res, x_res, mean_res, width_px, distance
1433.8318347737231,1591.0850587444104,2228.6007874177294,1537.0880173758155,2248.005974159568,1975.8139784956488,1475.1733195715535,2034.0295387211652,1530.0140647115327,1524.432460805051,0.15,0.09841767803227386,0.09736119083376078,0.09788943443301731,1.5323410628410599,110.68616368838727
intensities
157.8,146.8,140.,141.,138.2,135.6,141.4,158.2,150.,139.6,142.4,153.,175.4,179.2,162.2,151.,122.4,64.4,65.,135.,155.8,142.4,147.,156.2,149.4,139.6,141.6,157.2,163.6,161.4,166.