upperleft_x, upperleft_y, upperright_x, upperright_y, lowerright_x, lowerright_y, lowerleft_x, lowerleft_y, crack_dot_x, crack_dot_y, width_m, y_res, x_res, mean_res, width_px, distance
3589.627385280272,1886.2841184330457,4525.904209358121,2695.0679281683792,4041.829170526382,3215.000377283951,3129.457286637755,2414.184880945025,3842.6213356162016,1975.927644142627,0.2,0.061674472841096145,0.06242003030959213,0.06204725157534414,3.2233498651771786,108.42671523796139
intensities
142.,141.6,142.4,143.,144.,144.2,143.4,142.6,142.4,140.4,139.2,139.2,141.6,146.,137.6,93.6,35.4,13.6,59.2,129.8,150.,145.,143.,141.2,140.6,140.,138.2,135.,132.,135.,141.4