upperleft_x, upperleft_y, upperright_x, upperright_y, lowerright_x, lowerright_y, lowerleft_x, lowerleft_y, crack_dot_x, crack_dot_y, width_m, y_res, x_res, mean_res, width_px, distance
1382.2217719916698,1500.8439095300987,1966.252271516576,1396.66992998001,2019.5696626248891,1722.316149518476,1450.303979099208,1827.3103966240774,1488.856554208296,1431.1211673115354,0.2,0.1311320151958993,0.13054236992952667,0.13083719256271298,1.5286173303064101,147.94106224441398
intensities
90.8,95.8,103.6,104.6,105.8,107.6,108.2,108.,103.2,102.,105.,102.2,98.4,106.,101.,56.6,45.,92.4,111.2,116.,121.,117.8,113.2,114.2,112.4,113.,113.,111.2,111.4,110.2,105.