upperleft_x, upperleft_y, upperright_x, upperright_y, lowerright_x, lowerright_y, lowerleft_x, lowerleft_y, crack_dot_x, crack_dot_y, width_m, y_res, x_res, mean_res, width_px, distance
2001.4212429591753,3031.627221627542,2690.4459895896825,3324.4627389455077,2509.576993599175,3708.3479549253616,1832.8562603013547,3426.586049606815,2117.078968286439,3018.0928069615857,0.15,0.10190266058048086,0.10326373268930736,0.10258319663489412,1.4622277811625226,115.99352432848579
intensities
173.4,182.,180.4,162.,148.,153.8,165.8,170.6,164.,152.,160.8,174.8,171.,160.4,124.2,59.,83.2,163.,179.2,164.2,158.2,163.2,167.8,170.6,167.4,163.6,160.6,149.2,146.6,156.6,175.4