upperleft_x, upperleft_y, upperright_x, upperright_y, lowerright_x, lowerright_y, lowerleft_x, lowerleft_y, crack_dot_x, crack_dot_y, width_m, y_res, x_res, mean_res, width_px, distance
3541.147229127896,2252.416400890022,3999.325249421311,2274.516752457116,3983.6932934348297,2524.628048240816,3528.749470931721,2502.527696673722,3634.399932081732,2221.1524889170596,0.2,0.17364658327878835,0.1673593077961861,0.17050294553748724,1.1730002632478127,192.7921746450403
intensities
161.4,162.8,162.2,162.,161.8,161.2,160.4,161.,160.2,161.,160.8,163.,161.2,159.6,140.8,102.4,106.,150.2,164.6,158.,159.2,157.,150.4,149.,151.2,154.,154.2,151.4,151.,152.8,155.6,157.2