upperleft_x, upperleft_y, upperright_x, upperright_y, lowerright_x, lowerright_y, lowerleft_x, lowerleft_y, crack_dot_x, crack_dot_y, width_m, y_res, x_res, mean_res, width_px, distance
5866.5067309937995,1268.0871315994568,6395.508995651752,1416.5789953630926,6289.553863695408,1693.454449672372,5766.738760027607,1541.0956102898915,5987.156370301754,1261.1265754855365,0.2,0.14819446838778852,0.13985103534861285,0.14402275186820068,1.3886694803820003,162.85032169680986
intensities
117.8,118.2,119.6,123.6,126.4,124.4,122.,121.8,123.8,126.4,127.4,126.8,125.,125.6,126.,110.6,77.6,73.4,100.8,120.4,121.8,120.4,122.4,121.8,121.8,119.6,118.6,123.2,128.2,128.,125.8,124.8