upperleft_x, upperleft_y, upperright_x, upperright_y, lowerright_x, lowerright_y, lowerleft_x, lowerleft_y, crack_dot_x, crack_dot_y, width_m, y_res, x_res, mean_res, width_px, distance
3408.688080642148,1786.6673110592258,4550.992678448868,2768.2580585251735,3977.3678587710347,3398.7508560158954,2859.788468709049,2446.830357843629,3561.9843686595004,1761.9421033144915,0.1,0.05084997255190646,0.05144735344928482,0.05114866300059563,1.9550853166745628,89.38158221615434
intensities
126.2,125.6,125.4,124.8,125.4,124.2,121.6,119.8,119.4,120.6,123.8,126.8,126.4,129.,81.2,20.8,75.8,123.,124.6,121.,121.6,122.,123.2,122.2,120.2,119.2,123.2,128.,128.,126.6,126.4