upperleft_x, upperleft_y, upperright_x, upperright_y, lowerright_x, lowerright_y, lowerleft_x, lowerleft_y, crack_dot_x, crack_dot_y, width_m, y_res, x_res, mean_res, width_px, distance
5482.014517022866,3101.410898007372,5870.211996723129,3688.441233163867,5524.621557477773,3886.0905597185733,5150.626424595813,3306.16139797123,5554.209780015903,3114.4297159241487,0.1,0.11046722599666176,0.10977208572242345,0.1101196558595426,0.9081030922177037,124.51519742019318
intensities
123.8,123.2,123.8,125.6,123.2,118.6,118.,115.8,111.8,120.8,133.2,134.2,131.,127.4,124.4,129.8,124.6,88.8,80.2,120.,140.,143.2,141.4,127.4,124.4,130.2,129.8,129.8,131.8,134.,136.,137.8