upperleft_x, upperleft_y, upperright_x, upperright_y, lowerright_x, lowerright_y, lowerleft_x, lowerleft_y, crack_dot_x, crack_dot_y, width_m, y_res, x_res, mean_res, width_px, distance
3367.612596894463,2499.068511211046,3805.283928300066,2537.1523620026983,3778.3322800475116,2784.4044394500397,3346.5200026098555,2748.0783048487715,3429.132663557901,2470.359146768108,0.15,0.17448318471020172,0.17532586699299166,0.1749045258515967,0.8576107408865581,197.76915752329435
intensities
156.4,162.2,156.4,145.2,148.4,137.8,131.2,151.2,156.2,149.6,151.8,153.8,152.8,160.8,160.4,127.4,110.4,142.2,163.4,161.8,159.,161.,167.6,169.6,168.6,164.,155.6,158.4,158.2,154.4,146.,137.4