upperleft_x, upperleft_y, upperright_x, upperright_y, lowerright_x, lowerright_y, lowerleft_x, lowerleft_y, crack_dot_x, crack_dot_y, width_m, y_res, x_res, mean_res, width_px, distance
2230.1200401116175,2988.1694465364894,2611.0522928916266,3202.2592785252546,2481.121912098445,3417.0873513139804,2106.8338265180873,3205.9504825250606,2297.299952908092,2987.431205736528,0.15,0.17354238470368533,0.1765335159356694,0.17503795031967737,0.8569570183268842,197.92002408616244
intensities
114.4,122.,122.2,122.2,126.2,126.2,122.4,121.2,123.4,124.,121.6,116.6,116.8,126.6,127.6,96.6,76.2,114.2,133.2,129.8,113.2,111.4,120.,128.8,134.8,135.6,132.8,127.,125.6,126.2,118.6