upperleft_x, upperleft_y, upperright_x, upperright_y, lowerright_x, lowerright_y, lowerleft_x, lowerleft_y, crack_dot_x, crack_dot_y, width_m, y_res, x_res, mean_res, width_px, distance
3458.0078392281316,2142.5626544234065,3970.0891560266546,2401.2984776479234,3811.613464301638,2686.985949124994,3308.156674943932,2429.3281918305793,3479.569157830175,2101.5961490795244,0.05,0.1337964672472545,0.13429442300057942,0.13404544512391697,0.37300782547126465,151.5687179786608
intensities
151.2,155.2,157.2,153.6,150.6,149.,148.6,151.4,155.6,157.6,154.6,146.2,143.2,148.2,137.4,121.4,143.4,156.8,151.2,147.4,155.2,157.2,152.2,153.8,156.,154.4,148.4,146.,161.2,176.2,167.8