upperleft_x, upperleft_y, upperright_x, upperright_y, lowerright_x, lowerright_y, lowerleft_x, lowerleft_y, crack_dot_x, crack_dot_y, width_m, y_res, x_res, mean_res, width_px, distance
5323.753852578474,1136.6580048012747,5847.55327731289,1364.2822514559957,5703.420549701406,1652.5477066789629,5190.167422109294,1425.8023181194337,5413.397378288055,1127.869423849355,0.15,0.13577200749847823,0.1351344838486776,0.13545324567357792,1.1073931765465228,153.16055516704498
intensities
162.,160.6,155.2,155.,157.8,147.6,139.4,144.4,141.4,143.2,150.6,154.,146.8,154.8,152.6,110.4,105.2,151.6,171.4,160.8,158.4,164.6,165.2,162.8,160.,155.8,147.4,139.6,127.2,121.4,124.2,132.6