upperleft_x, upperleft_y, upperright_x, upperright_y, lowerright_x, lowerright_y, lowerleft_x, lowerleft_y, crack_dot_x, crack_dot_y, width_m, y_res, x_res, mean_res, width_px, distance
5478.772116557005,1631.2512173162709,5640.552314719944,1196.181305872436,5896.475792039846,1288.496560191401,5737.4376311339065,1717.1683847022384,5445.8676694730175,1590.1206584612864,0.1,0.15974295602269045,0.16605328123556506,0.16289811862912776,0.6138806319038668,184.1931964113218
intensities
141.2,144.2,147.4,148.2,148.6,147.2,139.4,136.4,142.8,146.4,143.6,139.8,142.6,143.6,134.4,121.2,127.8,147.,155.8,149.6,142.4,142.8,145.2,145.4,147.6,148.6,147.6,151.4,155.4,153.8,153.6,153.4