upperleft_x, upperleft_y, upperright_x, upperright_y, lowerright_x, lowerright_y, lowerleft_x, lowerleft_y, crack_dot_x, crack_dot_y, width_m, y_res, x_res, mean_res, width_px, distance
3134.7196889410006,2845.8743793140175,3888.1308491863047,1640.923870504187,4562.90313411981,2087.3897432421454,3819.638925527641,3269.5096108324205,3134.7196889410006,2625.178180858322,0.15,0.05388863145433724,0.054305048300549746,0.054096839877443494,2.7728052200428954,94.53348059329616
intensities
132.6,134.,134.8,136.2,136.2,136.,134.6,133.2,132.,130.8,133.,131.,110.,64.2,29.8,37.4,76.8,114.,131.4,133.,130.6,131.,131.2,130.6,130.,128.4,128.2,128.6,126.2,123.6,121.4