upperleft_x, upperleft_y, upperright_x, upperright_y, lowerright_x, lowerright_y, lowerleft_x, lowerleft_y, crack_dot_x, crack_dot_y, width_m, y_res, x_res, mean_res, width_px, distance
3214.6332836967763,1578.070928070808,4718.218867275013,2823.1784867991164,3993.2195292813135,3649.0472979049823,2521.1556560506297,2432.3092784894707,3416.37222992111,1537.09270461899,0.1,0.03955922901695942,0.039618531003229936,0.039588880010094675,2.525961835103727,69.18102108410028
intensities
121.8,116.,116.2,117.6,119.6,122.4,125.2,126.4,125.,127.8,120.6,76.,36.,47.,93.4,120.4,120.,117.,117.8,119.8,119.8,119.,119.8,115.4,109.8,112.2,120.6,124.4,123.8,124.6,124.