upperleft_x, upperleft_y, upperright_x, upperright_y, lowerright_x, lowerright_y, lowerleft_x, lowerleft_y, crack_dot_x, crack_dot_y, width_m, y_res, x_res, mean_res, width_px, distance
5330.749563016201,968.9367259148385,6097.395056614064,1349.5408716726424,5854.080263433182,1765.4868309650994,5114.6207802465915,1401.1942914540587,5461.242412990306,963.4995238325841,0.15,0.09014034417179542,0.09107906352171732,0.09060970384675636,1.6554518294606444,102.45478043497192
intensities
122.2,128.,126.2,125.2,124.4,123.8,125.6,127.2,128.8,128.4,129.6,132.6,137.2,132.2,88.8,39.2,71.2,127.6,140.8,136.,134.,134.2,134.2,133.4,133.8,135.2,134.,134.8,135.2,135.4,136.,133.8