upperleft_x, upperleft_y, upperright_x, upperright_y, lowerright_x, lowerright_y, lowerleft_x, lowerleft_y, crack_dot_x, crack_dot_y, width_m, y_res, x_res, mean_res, width_px, distance
3588.7069279019074,2013.6540926422344,4013.418031930413,2228.7985543452296,3869.9883907950825,2471.035281596009,3454.839262842266,2255.0939885533735,3607.034048713644,1981.7808390566054,0.05,0.15604535320138718,0.16207101782225428,0.15905818551182072,0.31435037334990945,179.8512828224192
intensities
148.6,146.,147.2,149.4,149.8,146.6,140.,139.,139.4,137.8,140.2,144.,145.6,146.6,148.2,134.4,113.8,124.6,144.6,151.2,152.8,153.6,154.2,157.,155.6,158.6,162.2,162.6,163.6,163.2,163.