upperleft_x, upperleft_y, upperright_x, upperright_y, lowerright_x, lowerright_y, lowerleft_x, lowerleft_y, crack_dot_x, crack_dot_y, width_m, y_res, x_res, mean_res, width_px, distance
1148.5281313315525,727.5601077865531,3185.8852494976504,945.1419359402139,3044.9515653526655,2072.611409100093,1034.7921757057752,1869.864705593273,1581.2192668644009,616.2966729352493,0.2,0.03808879235104261,0.0375987261719945,0.03784375926151855,5.284887228509831,66.13144667657066
intensities
122.4,122.,120.8,121.8,122.8,125.,125.2,123.6,122.2,119.,117.8,115.4,98.2,61.8,29.2,18.,15.4,23.4,65.,108.8,125.4,129.2,130.2,128.8,126.2,126.4,126.2,126.,125.6,125.6,124.4,122.8