upperleft_x, upperleft_y, upperright_x, upperright_y, lowerright_x, lowerright_y, lowerleft_x, lowerleft_y, crack_dot_x, crack_dot_y, width_m, y_res, x_res, mean_res, width_px, distance
3363.479620225474,2113.2896489887517,4075.026570308767,2361.080759401145,3922.71460335803,2766.8671191131825,3223.6708744423345,2521.349321640353,3523.748182464682,2108.743023109625,0.2,0.10060470505840313,0.10238629892314599,0.10149550199077456,1.9705306745335278,114.7636393248659
intensities
136.8,137.,129.4,123.,122.,123.2,120.4,119.8,124.2,128.6,127.4,128.,128.4,122.,114.8,121.6,105.8,55.6,48.2,103.6,131.8,124.2,120.4,121.8,127.,128.,123.,123.,121.6,120.6,125.