upperleft_x, upperleft_y, upperright_x, upperright_y, lowerright_x, lowerright_y, lowerleft_x, lowerleft_y, crack_dot_x, crack_dot_y, width_m, y_res, x_res, mean_res, width_px, distance
4466.892989603759,753.7032065915305,6007.847619389557,1141.6663241330752,5750.658586412577,2011.313986487437,4246.7566139200735,1621.1713008698162,4604.205778396552,657.8022112441822,0.1,0.0482859475395214,0.048686430104330145,0.04848618882192578,2.0624429848934493,84.72894535844418
intensities
122.,120.,118.4,116.,112.8,112.6,113.,114.,117.2,118.4,119.4,119.4,114.6,94.6,63.8,61.6,81.2,98.,110.4,117.,116.4,115.4,115.2,114.2,112.8,111.8,111.,109.8,109.6,110.2,111.4