upperleft_x, upperleft_y, upperright_x, upperright_y, lowerright_x, lowerright_y, lowerleft_x, lowerleft_y, crack_dot_x, crack_dot_y, width_m, y_res, x_res, mean_res, width_px, distance
1226.0135341522482,1001.2915937366325,1809.282356661321,957.4658700563928,1836.9956819297079,1279.7138382934495,1263.394298467747,1324.8285538466375,1260.1718187853762,952.954398501074,0.1,0.1340278373962365,0.13186588947917843,0.13294686343770745,0.7521802125618047,150.32652270958855
intensities
126.6,117.,108.4,114.6,118.8,117.6,121.,128.6,132.2,132.6,136.4,138.6,140.,148.2,127.8,92.4,109.,145.6,145.6,136.4,138.2,139.6,139.4,140.8,146.8,144.,140.,139.4,141.8,141.4,143.,144.6