upperleft_x, upperleft_y, upperright_x, upperright_y, lowerright_x, lowerright_y, lowerleft_x, lowerleft_y, crack_dot_x, crack_dot_y, width_m, y_res, x_res, mean_res, width_px, distance
5086.07664112555,1312.7999160504432,5626.92591290669,1558.8215921645165,5471.543801676749,1859.6254228788894,4945.6351175138725,1618.5839426375705,5215.561733817167,1319.7721902722997,0.2,0.1288789052243901,0.1304809515363577,0.1296799283803739,1.5422587172732318,146.63251313021163
intensities
135.8,136.2,136.2,136.6,137.2,134.6,133.6,133.,132.6,132.6,131.4,121.4,109.,118.2,118.4,63.6,38.4,94.4,125.4,122.8,122.8,126.,125.,119.,118.2,118.4,116.2,114.,113.8,113.6,118.8,125.6