upperleft_x, upperleft_y, upperright_x, upperright_y, lowerright_x, lowerright_y, lowerleft_x, lowerleft_y, crack_dot_x, crack_dot_y, width_m, y_res, x_res, mean_res, width_px, distance
5561.222481710138,1371.1021902746857,6350.647977135376,1413.427996139131,6308.322171270931,1854.4038339826557,5531.692849711688,1808.1407438517501,5670.482120104404,1315.980210544245,0.15,0.09875035678193894,0.09754250529374155,0.09814643103784024,1.5283286250334225,110.97675652339088
intensities
145.2,164.,146.,139.2,144.2,149.4,151.8,151.,145.8,142.6,151.8,161.4,163.,156.2,116.8,71.,89.,137.2,149.,143.2,145.8,150.8,146.2,142.,145.2,146.8,153.2,155.6,157.,149.4,148.4,153.4