upperleft_x, upperleft_y, upperright_x, upperright_y, lowerright_x, lowerright_y, lowerleft_x, lowerleft_y, crack_dot_x, crack_dot_y, width_m, y_res, x_res, mean_res, width_px, distance
5855.833292380392,2704.7728651608863,6401.604169494608,2906.91022705504,6276.806319977348,3203.9642632299274,5741.581740005436,3000.9480432405817,5870.7738799986555,2666.1031089724397,0.05,0.13601894234526618,0.13253424283163626,0.1342765925884512,0.37236571941653795,151.83008250940694
intensities
155.6,152.8,150.,147.4,147.,142.8,133.,123.2,121.4,124.2,124.8,130.6,132.4,135.8,134.4,112.4,116.6,141.6,143.2,140.8,143.6,145.2,145.2,150.6,152.6,147.,139.,128.,127.8,136.8,143.,145.