upperleft_x, upperleft_y, upperright_x, upperright_y, lowerright_x, lowerright_y, lowerleft_x, lowerleft_y, crack_dot_x, crack_dot_y, width_m, y_res, x_res, mean_res, width_px, distance
2155.950275931383,2366.717169318309,3627.7446326795416,1708.1595033211238,3981.6314923435093,2549.51965311824,2528.58610829278,3198.702832766711,2399.686920997957,2122.980524251735,0.2,0.047687472159066865,0.04775453402582075,0.04772100309244381,4.191026739579751,83.39179386360405
intensities
129.,128.8,129.4,129.8,130.6,130.6,130.,129.2,128.2,126.2,126.4,125.2,111.6,86.4,51.,29.6,28.,38.6,61.,89.4,108.6,119.,124.8,126.6,125.6,125.4,124.,123.,122.,121.8,121.6,121.8