upperleft_x, upperleft_y, upperright_x, upperright_y, lowerright_x, lowerright_y, lowerleft_x, lowerleft_y, crack_dot_x, crack_dot_y, width_m, y_res, x_res, mean_res, width_px, distance
2911.0534332123907,2101.89847626427,4196.225202973517,1557.0767658928614,4471.483558387644,2303.121825739424,3209.091790453893,2834.65520171153,3121.768450115618,1898.7767933035009,0.2,0.05484657011639756,0.05532374339973769,0.055085156758067626,3.630742141270362,96.26055069325342
intensities
117.,116.8,116.4,115.4,115.8,116.6,116.6,117.2,117.4,118.6,118.2,115.4,107.8,94.2,75.2,56.,43.,48.8,66.4,85.,98.4,106.6,113.,116.2,117.4,118.8,119.6,119.2,118.2,118.,117.4,117.8