upperleft_x, upperleft_y, upperright_x, upperright_y, lowerright_x, lowerright_y, lowerleft_x, lowerleft_y, crack_dot_x, crack_dot_y, width_m, y_res, x_res, mean_res, width_px, distance
3360.5008771881694,2118.60732637006,4074.3094221030906,2363.8087349286207,3923.91922485384,2765.9390449646603,3221.0085203192994,2524.006988520214,3522.8786988558386,2114.248190217908,0.2,0.10139165281261645,0.10212815387592727,0.10175990334427186,1.9654106718573072,115.06260490437039
intensities
126.6,125.2,124.4,119.2,115.6,119.,122.8,125.4,126.,124.8,121.6,117.2,117.6,119.6,83.6,31.6,64.,119.,129.,120.8,120.8,124.8,130.6,137.2,138.4,127.6,119.8,120.4,124.,124.4,124.2,127.2