upperleft_x, upperleft_y, upperright_x, upperright_y, lowerright_x, lowerright_y, lowerleft_x, lowerleft_y, crack_dot_x, crack_dot_y, width_m, y_res, x_res, mean_res, width_px, distance
3179.8803050859024,2460.6530379648084,3751.6536637098643,2494.79960449,3722.59275602885,2817.3756797492624,3162.4437604772934,2784.682158608121,3182.786395854004,2416.335153751261,0.05,0.1341806100058836,0.13493845575794486,0.13455953288191425,0.3715827405842634,152.15001055698104
intensities
121.2,118.8,117.,127.,136.8,134.,131.,129.,126.,127.8,129.6,133.,134.4,131.8,127.8,118.,101.2,112.4,132.8,127.8,121.2,124.6,125.2,122.6,126.4,128.4,126.2,123.6,122.4,125.,127.2,128.2