upperleft_x, upperleft_y, upperright_x, upperright_y, lowerright_x, lowerright_y, lowerleft_x, lowerleft_y, crack_dot_x, crack_dot_y, width_m, y_res, x_res, mean_res, width_px, distance
1514.173526403793,1329.276747619103,2272.0538752656066,1218.2828292503248,2326.6836944627394,1640.5800030440357,1592.2161252568403,1752.44106140007,1604.3560850784254,1256.4369886895922,0.15,0.10162444198499601,0.10141173998488867,0.10151809098494233,1.4775691558487714,114.78918129597335
intensities
150.6,144.4,137.8,144.,156.,160.2,144.,132.,142.,163.,171.8,162.6,154.,113.8,54.6,75.6,146.2,146.2,131.6,151.6,157.,143.2,138.4,146.4,162.,164.,165.8,171.,168.4,165.6,158.4,147.2