upperleft_x, upperleft_y, upperright_x, upperright_y, lowerright_x, lowerright_y, lowerleft_x, lowerleft_y, crack_dot_x, crack_dot_y, width_m, y_res, x_res, mean_res, width_px, distance
1422.742403328591,1249.8502402188265,1925.261744051426,1467.830484042308,1790.4800665727848,1728.2419967016576,1291.2886685037438,1505.269838897486,1542.548338865161,1259.8340681802074,0.2,0.14989034412205376,0.13979098094108483,0.1448406625315693,1.3808277075259046,163.775154842414
intensities
116.8,118.,119.8,122.2,121.6,120.8,120.2,120.6,122.4,124.6,122.8,123.4,124.,124.8,119.6,95.,74.8,80.,108.,119.8,120.,119.8,118.4,117.2,113.6,115.2,118.8,122.,123.4,122.2,122.,122.8