upperleft_x, upperleft_y, upperright_x, upperright_y, lowerright_x, lowerright_y, lowerleft_x, lowerleft_y, crack_dot_x, crack_dot_y, width_m, y_res, x_res, mean_res, width_px, distance
1651.0357539464521,2800.3891104853915,2142.2588386190855,3012.627481420285,2005.7663173818044,3267.6135101053164,1519.0429861565538,3052.3753035388345,1768.0293435784076,2810.1385762880545,0.2,0.15166221164090182,0.14335046366453214,0.14750633765271698,1.355873945368178,166.7893039639038
intensities
115.2,112.2,108.4,116.2,123.,115.8,115.8,119.,121.2,119.8,120.,122.2,124.6,124.,95.,58.4,77.4,111.4,113.4,114.6,119.6,120.6,124.8,123.,118.,121.,125.4,125.4,121.8,120.2,120.6