upperleft_x, upperleft_y, upperright_x, upperright_y, lowerright_x, lowerright_y, lowerleft_x, lowerleft_y, crack_dot_x, crack_dot_y, width_m, y_res, x_res, mean_res, width_px, distance
5576.586093024887,753.8836654537428,6169.147375127123,965.5126947759701,6026.420820467947,1296.2445731586138,5451.577317564781,1090.5214702360763,5634.661035955172,721.4010702554474,0.1,0.12094892826818023,0.12342634777479031,0.12218763802148527,0.818413397781011,138.16078293922425
intensities
143.,145.8,142.8,139.8,137.,137.6,143.2,146.2,143.8,141.,139.,143.2,148.2,128.4,88.2,101.8,147.4,151.4,148.2,149.6,148.2,148.,149.,151.4,155.,148.6,141.8,140.,135.8,127.4,125.6