upperleft_x, upperleft_y, upperright_x, upperright_y, lowerright_x, lowerright_y, lowerleft_x, lowerleft_y, crack_dot_x, crack_dot_y, width_m, y_res, x_res, mean_res, width_px, distance
5596.394968585118,831.0509216439791,6556.916557982329,2317.1999606136064,5680.87080869497,2830.312470910488,4754.765302305475,1378.5795149485787,5718.4156265215715,755.9612859907766,0.05,0.04308535381155912,0.043824851086968264,0.04345510244926369,1.1506128666565187,75.93719140293152
intensities
111.8,112.2,113.,114.,115.8,117.6,118.8,119.4,120.8,122.8,124.4,124.8,127.6,123.,86.2,57.6,79.8,118.6,125.4,122.8,124.,124.8,124.,123.8,124.,124.6,124.,123.6,122.8,123.,124.6