upperleft_x, upperleft_y, upperright_x, upperright_y, lowerright_x, lowerright_y, lowerleft_x, lowerleft_y, crack_dot_x, crack_dot_y, width_m, y_res, x_res, mean_res, width_px, distance
5297.919525917609,3090.3220524676362,5747.133193640066,3115.457393990127,5728.442811482317,3367.4553051515054,5286.318599061075,3340.3864758195928,5359.791135819123,3060.0307434533534,0.15,0.1729579583483532,0.17135952784215666,0.17215874309525492,0.8712888889819871,194.66442858720922
intensities
151.4,153.8,153.8,130.2,134.8,136.8,128.4,141.6,154.4,146.2,138.2,139.2,143.2,149.,151.8,129.4,100.2,117.8,155.4,160.2,149.,150.2,158.8,162.6,164.8,159.2,146.6,147.4,151.8,153.2,147.4,133.8