upperleft_x, upperleft_y, upperright_x, upperright_y, lowerright_x, lowerright_y, lowerleft_x, lowerleft_y, crack_dot_x, crack_dot_y, width_m, y_res, x_res, mean_res, width_px, distance
5230.22719700125,1098.5249379562913,5455.520377184437,1454.598061758013,5242.316099352543,1578.7840586394777,5022.517874783578,1228.20589045198,5274.186841915042,1105.11888469336,0.1,0.1769745927488745,0.18320617558348073,0.18009038416617762,0.5552767320865141,203.63294420872322
intensities
135.,135.2,134.4,130.8,125.8,123.,123.4,126.8,124.,119.8,126.8,135.4,133.4,130.2,122.6,100.4,107.6,134.4,141.4,136.8,132.4,135.6,137.8,136.,136.8,140.,138.4,134.2,139.,149.4,149.8