upperleft_x, upperleft_y, upperright_x, upperright_y, lowerright_x, lowerright_y, lowerleft_x, lowerleft_y, crack_dot_x, crack_dot_y, width_m, y_res, x_res, mean_res, width_px, distance
5545.111255109079,1089.076627527581,5947.206410821311,1228.674447367874,5855.699705949923,1453.7675827084424,5462.955600370533,1316.8414914775328,5609.232741734285,1076.3859166330087,0.15,0.17934089542482973,0.18181417253196644,0.1805775339783981,0.83066811632251,204.18377734172185
intensities
141.,143.8,138.2,134.6,134.,139.4,149.2,156.2,159.2,157.2,150.2,145.6,143.6,146.,139.,107.2,108.,138.4,152.2,147.,152.8,168.4,165.4,155.,156.8,159.6,151.2,145.2,141.8,158.,173.