upperleft_x, upperleft_y, upperright_x, upperright_y, lowerright_x, lowerright_y, lowerleft_x, lowerleft_y, crack_dot_x, crack_dot_y, width_m, y_res, x_res, mean_res, width_px, distance
3550.7631085000894,2312.2010157681543,4070.8596111267634,2541.969676175144,3931.9297234388164,2832.2975183948283,3421.629559046549,2604.3100103940947,3640.711305016004,2301.51410133062,0.15,0.13567749036637866,0.1357004421176614,0.13568896624202004,1.1054693992763882,153.4270906269179
intensities
118.8,115.8,116.2,115.6,117.2,120.4,118.8,115.,113.8,111.6,107.2,112.,119.4,124.8,111.2,65.4,68.6,108.8,119.6,114.8,114.,115.6,114.4,112.2,112.2,116.6,117.2,114.6,113.,114.2,113.,113.