upperleft_x, upperleft_y, upperright_x, upperright_y, lowerright_x, lowerright_y, lowerleft_x, lowerleft_y, crack_dot_x, crack_dot_y, width_m, y_res, x_res, mean_res, width_px, distance
3613.938943814869,2531.33197779094,4044.930953697013,2439.2276494148214,4091.3346611231495,2684.6048295924206,3667.3735160025412,2775.302985016232,3633.6253651471693,2490.5529621740325,0.1,0.17418098492758072,0.17500397501510212,0.17459247997134142,0.5727623550362224,197.41631902156763
intensities
174.4,166.4,158.,160.6,162.4,161.6,159.,158.4,164.8,171.4,167.8,160.,161.8,168.4,163.6,131.8,124.8,157.4,163.6,153.2,145.8,145.8,152.,164.6,169.6,165.,161.,155.2,143.8,155.8,180.6,180.4