upperleft_x, upperleft_y, upperright_x, upperright_y, lowerright_x, lowerright_y, lowerleft_x, lowerleft_y, crack_dot_x, crack_dot_y, width_m, y_res, x_res, mean_res, width_px, distance
5091.619157340356,3314.505010273904,5513.4096095916375,3297.1115895625107,5515.583787180562,3535.4014533085956,5097.272019071559,3548.8813543599254,5117.7092884074455,3281.8923464400423,0.1,0.18404407814493223,0.18199424950685572,0.183019163825894,0.5463908691831306,206.94459256689623
intensities
125.6,122.2,123.6,127.6,122.6,113.,104.8,102.8,105.6,107.,106.6,104.,102.4,101.6,101.8,101.8,80.6,59.6,76.6,97.4,98.4,95.6,86.2,81.,83.8,86.8,89.,94.4,98.4,104.2,106.6,108.8