upperleft_x, upperleft_y, upperright_x, upperright_y, lowerright_x, lowerright_y, lowerleft_x, lowerleft_y, crack_dot_x, crack_dot_y, width_m, y_res, x_res, mean_res, width_px, distance
3823.111857713733,2302.0390725661473,4043.0373074545723,2655.3751811571283,3836.048648874959,2772.6148510557377,3621.7830452671556,2424.938588597793,3867.5820773304467,2310.124567041914,0.1,0.18363998236415294,0.1855525609300664,0.18459627164710968,0.5417227504527757,208.72786994983753
intensities
130.4,130.,129.4,132.6,135.4,132.4,126.,123.6,125.2,126.2,121.4,123.4,125.,125.2,130.2,122.,106.2,122.,145.,137.4,129.,129.8,131.4,134.8,141.,140.,138.,137.,139.,138.6,139.