upperleft_x, upperleft_y, upperright_x, upperright_y, lowerright_x, lowerright_y, lowerleft_x, lowerleft_y, crack_dot_x, crack_dot_y, width_m, y_res, x_res, mean_res, width_px, distance
2127.655732509376,3115.607385771707,2694.3434322891603,3413.1184281560936,2515.6188500509206,3729.1557991871277,1955.4698544993644,3434.9141089168547,2152.7207653842506,3073.105808288223,0.05,0.11986001871328059,0.12021011862444084,0.12003506866886071,0.41654493602977305,135.72681603467296
intensities
141.2,147.8,149.8,147.2,152.,151.4,149.8,149.8,150.4,147.8,147.4,149.6,154.8,156.6,133.8,103.8,126.,152.4,151.4,147.6,141.4,137.8,140.6,144.4,143.4,145.2,144.4,148.,155.6,154.8,149.8,146.8