upperleft_x, upperleft_y, upperright_x, upperright_y, lowerright_x, lowerright_y, lowerleft_x, lowerleft_y, crack_dot_x, crack_dot_y, width_m, y_res, x_res, mean_res, width_px, distance
1715.5210878230678,3006.7977227221786,2110.561942557892,3155.10209675884,2018.6919763404912,3375.590015680603,1630.2132620497669,3232.535353999221,1754.2377164432583,2983.830231167828,0.1,0.18118642298580445,0.1830321936698871,0.18210930832784578,0.5491207501594212,205.91579497323295
intensities
157.2,155.4,159.6,163.6,160.6,157.4,154.6,154.4,156.6,156.,155.,153.,147.4,147.2,158.2,142.4,118.6,141.8,162.,164.,160.8,159.2,162.8,161.2,154.,145.,136.6,141.4,156.4,154.6,146.6,149.8