upperleft_x, upperleft_y, upperright_x, upperright_y, lowerright_x, lowerright_y, lowerleft_x, lowerleft_y, crack_dot_x, crack_dot_y, width_m, y_res, x_res, mean_res, width_px, distance
3603.3381574706636,2193.8528128588096,4182.165817072033,2739.1432475476536,3862.941120682437,3060.8521828196594,3295.292536051909,2526.7408231016575,3759.8452070624503,2258.443023801452,0.2,0.09594594032655338,0.09716798709286678,0.09655696370971008,2.0713161673277365,109.17950392020882
intensities
142.4,142.2,144.2,144.6,146.8,142.8,136.6,140.8,145.6,145.,141.4,140.,133.2,135.4,132.,65.6,38.6,98.4,141.2,149.6,146.2,141.8,140.6,142.,145.8,150.2,154.2,154.,153.2,147.4,133.8