upperleft_x, upperleft_y, upperright_x, upperright_y, lowerright_x, lowerright_y, lowerleft_x, lowerleft_y, crack_dot_x, crack_dot_y, width_m, y_res, x_res, mean_res, width_px, distance
3373.7733921417575,2644.844117555142,3749.3856239188717,2480.720297805025,3835.8535423778258,2696.614718415917,3464.647319184608,2857.4340317281126,3358.9031131711095,2613.451306394885,0.05,0.187596887352193,0.18785707922059225,0.1877269832863926,0.2663442363196184,212.26784811984038
intensities
120.8,123.6,127.8,135.,136.6,136.8,141.4,152.,153.6,141.,137.6,142.,143.2,152.6,137.,107.,124.4,147.6,150.4,152.6,153.6,155.4,156.8,152.4,150.6,150.,153.4,156.2,157.,158.2,158.4