upperleft_x, upperleft_y, upperright_x, upperright_y, lowerright_x, lowerright_y, lowerleft_x, lowerleft_y, crack_dot_x, crack_dot_y, width_m, y_res, x_res, mean_res, width_px, distance
3614.867603868789,2063.0728692402763,4181.695920943805,2511.6420410262594,3917.9916199544687,2825.6404612764477,3366.1156086056535,2385.2270926138463,3690.9884330203504,2048.120563514077,0.1,0.10648114825934105,0.10708080356031979,0.10678097590983042,0.9364964044198613,120.74006399994803
intensities
164.4,160.,157.6,162.,162.6,156.4,150.8,151.6,151.4,153.8,159.,157.4,155.2,160.4,156.4,108.2,79.8,129.2,158.,153.6,153.2,156.4,155.4,154.8,159.6,162.,161.2,162.,160.2,154.,151.8