upperleft_x, upperleft_y, upperright_x, upperright_y, lowerright_x, lowerright_y, lowerleft_x, lowerleft_y, crack_dot_x, crack_dot_y, width_m, y_res, x_res, mean_res, width_px, distance
1644.8942935772504,3267.7740481840387,2096.04144910913,3155.8661173962605,2157.5615157725683,3401.3604786532187,1714.031130399019,3514.440220234586,1692.352630717617,3219.143900250083,0.15,0.1708432707056679,0.16584831349011342,0.16834579209789063,0.891023162092327,190.35302439252206
intensities
126.8,114.4,108.2,111.6,114.4,113.2,108.2,105.8,105.2,104.,99.8,96.4,97.6,96.,86.4,85.4,97.6,100.8,103.2,106.8,106.6,104.2,106.2,106.,110.8,119.6,119.8,116.6,116.2,114.4,115.8