upperleft_x, upperleft_y, upperright_x, upperright_y, lowerright_x, lowerright_y, lowerleft_x, lowerleft_y, crack_dot_x, crack_dot_y, width_m, y_res, x_res, mean_res, width_px, distance
5153.636220619147,3027.5352583363283,5562.246644343735,3141.6110390922468,5490.707595395108,3369.118104667609,5090.475618844684,3253.1088361022685,5162.659163729784,2997.8884452585194,0.05,0.18404876238605478,0.18194289962130825,0.18299583100368152,0.2732302682840578,206.9182095298128
intensities
91.6,91.2,90.4,90.2,91.8,92.4,95.8,98.4,90.4,88.8,100.6,116.8,121.6,131.4,142.6,127.8,118.2,141.,145.4,146.8,151.6,154.2,149.2,142.8,143.,143.6,143.,129.8,112.6,110.8,132.,147.4