upperleft_x, upperleft_y, upperright_x, upperright_y, lowerright_x, lowerright_y, lowerleft_x, lowerleft_y, crack_dot_x, crack_dot_y, width_m, y_res, x_res, mean_res, width_px, distance
907.7069515194289,1428.0603975186802,2395.906659377838,785.908082631745,2747.4498974546277,1631.9554756032182,1289.7172702295404,2264.733304141439,1158.4744613475389,1191.354617213642,0.2,0.047387518204016175,0.047665406178424796,0.04752646219122049,4.208181942836591,83.05183632538072
intensities
115.6,116.4,116.4,118.2,118.4,118.2,118.6,116.6,115.4,115.2,114.6,114.8,109.2,83.2,42.2,19.,13.4,23.2,51.2,80.6,97.2,106.8,110.2,112.8,115.8,115.8,112.2,110.4,108.2,107.8,109.,108.8