upperleft_x, upperleft_y, upperright_x, upperright_y, lowerright_x, lowerright_y, lowerleft_x, lowerleft_y, crack_dot_x, crack_dot_y, width_m, y_res, x_res, mean_res, width_px, distance
3371.839318426939,2647.8955128616485,3748.553052350026,2483.584203384557,3835.3842321549932,2700.6621528969745,3464.681887603019,2860.9658694599907,3358.480675380021,2617.170633853737,0.05,0.18660906542684264,0.1877644138717011,0.18718673964927185,0.26711293809424763,211.6569803995771
intensities
122.4,123.8,128.2,130.6,131.4,135.8,142.8,152.4,157.4,146.6,133.8,137.8,148.,158.6,147.6,114.6,111.2,143.,152.,153.6,151.4,155.8,161.4,155.6,148.2,150.2,150.6,148.4,150.,154.4,157.4,158.6