upperleft_x, upperleft_y, upperright_x, upperright_y, lowerright_x, lowerright_y, lowerleft_x, lowerleft_y, crack_dot_x, crack_dot_y, width_m, y_res, x_res, mean_res, width_px, distance
3670.8350450868043,2144.452785233466,4243.498979913894,2422.875029790283,4076.867485065496,2742.4278332020845,3513.695217666479,2464.0055886452674,3695.0915285141027,2101.212966950021,0.05,0.12142991460407407,0.12094907833678739,0.12118949647043073,0.4125770091981495,137.03215797837825
intensities
154.,158.,158.2,156.4,158.4,158.2,157.,157.,155.8,155.4,157.8,159.4,162.8,142.4,108.8,130.4,160.,160.8,155.6,145.6,142.8,147.4,147.8,150.8,153.,153.8,159.6,165.8,159.8,155.8,153.