upperleft_x, upperleft_y, upperright_x, upperright_y, lowerright_x, lowerright_y, lowerleft_x, lowerleft_y, crack_dot_x, crack_dot_y, width_m, y_res, x_res, mean_res, width_px, distance
1225.0837022875353,1529.9106762650813,2892.6642064285943,917.5223555353141,3229.477782829966,1857.3028938859952,1599.5827138107393,2469.6912146157624,1399.3788397260075,1317.9301037047771,0.15,0.04328624976691291,0.04349694710477955,0.04339159843584623,3.4568903983053896,75.82621901649276
intensities
109.2,111.,112.4,114.,114.4,115.4,114.6,113.6,113.,114.2,116.,113.,99.,68.4,32.6,16.4,13.4,17.4,43.2,83.6,110.,114.4,113.,112.,111.,109.2,113.,114.,115.4,118.,119.4,117.4