upperleft_x, upperleft_y, upperright_x, upperright_y, lowerright_x, lowerright_y, lowerleft_x, lowerleft_y, crack_dot_x, crack_dot_y, width_m, y_res, x_res, mean_res, width_px, distance
1804.8798635098067,884.9237510684529,2410.799788658961,1444.3462239279843,2091.1298041678006,1774.1875261075,1492.4751059388998,1229.295507088476,1969.0739919075393,950.3107933507358,0.2,0.09412968907608762,0.0936273296698495,0.09387850937296856,2.130413034205975,106.15090500281183
intensities
135.8,134.2,135.2,137.2,133.4,128.6,131.4,137.2,137.8,134.6,131.4,128.,121.6,131.2,103.2,44.8,48.8,105.,137.,138.8,139.,136.4,134.,136.4,139.,142.4,144.8,144.4,145.2,142.6,130.8