upperleft_x, upperleft_y, upperright_x, upperright_y, lowerright_x, lowerright_y, lowerleft_x, lowerleft_y, crack_dot_x, crack_dot_y, width_m, y_res, x_res, mean_res, width_px, distance
3460.493835826731,2211.4721599512186,4208.402074835101,2567.2339168849294,3991.4413064020423,2975.5513879111204,3263.746803583088,2633.2654551036862,3589.86174743899,2199.343918237569,0.15,0.09377088495520175,0.09373908952073046,0.09375498723796609,1.5999148889997126,106.01123526896144
intensities
140.,137.6,127.6,128.,137.8,144.4,143.2,139.6,142.2,142.8,141.,141.6,144.6,150.6,138.2,68.8,46.4,115.6,147.6,145.6,144.8,146.4,143.4,141.8,142.6,144.2,143.6,134.8,131.4,138.6,142.4