upperleft_x, upperleft_y, upperright_x, upperright_y, lowerright_x, lowerright_y, lowerleft_x, lowerleft_y, crack_dot_x, crack_dot_y, width_m, y_res, x_res, mean_res, width_px, distance
3705.747975871003,2113.699782766508,4238.312545341467,2347.921324189137,4094.9297766378804,2643.5926236275886,3574.8332740112064,2415.605115626855,3832.20979671516,2119.9338161884034,0.2,0.13228507024798422,0.1330910584451939,0.13268806434658906,1.507294578339678,150.03389175582063
intensities
147.8,148.,146.6,146.6,146.6,145.6,144.2,144.2,143.8,145.4,132.6,114.4,126.2,129.2,73.,51.2,109.8,141.6,138.6,139.8,142.6,137.2,133.,133.,130.2,126.2,125.6,127.6,128.,134.2,142.2