upperleft_x, upperleft_y, upperright_x, upperright_y, lowerright_x, lowerright_y, lowerleft_x, lowerleft_y, crack_dot_x, crack_dot_y, width_m, y_res, x_res, mean_res, width_px, distance
3050.3946264888878,1926.5229292741087,4549.93746282924,2344.999999880719,4290.568861776185,3190.6724133982434,2821.5399785008976,2776.5544789437854,3185.5278472056057,1841.519774307141,0.1,0.04929617840845138,0.049626663415055436,0.04946142091175341,2.0217777442830647,86.43314996718918
intensities
126.,124.2,117.4,106.8,102.2,106.,112.2,118.,121.,121.8,121.6,121.4,126.6,114.4,58.8,29.2,79.4,123.2,126.,120.8,121.,117.2,118.,117.8,118.4,119.8,118.2,116.4,116.8,116.4,113.8