upperleft_x, upperleft_y, upperright_x, upperright_y, lowerright_x, lowerright_y, lowerleft_x, lowerleft_y, crack_dot_x, crack_dot_y, width_m, y_res, x_res, mean_res, width_px, distance
1507.280935315901,811.5215229580197,2112.87275344285,654.5457490487975,2199.727369463689,1001.1673817925116,1607.681684110632,1156.5494930224525,1575.0115991853625,743.7908590885584,0.15,0.12139456239657928,0.12362208231083265,0.12250832235370597,1.2244066126946058,138.5233891662811
intensities
138.4,135.6,133.2,132.4,130.8,137.8,149.4,143.6,141.8,156.4,158.,150.2,150.2,145.,81.,57.2,128.2,149.6,144.,145.,146.8,140.6,125.4,113.6,119.4,142.2,149.,144.6,143.6,141.,138.8