upperleft_x, upperleft_y, upperright_x, upperright_y, lowerright_x, lowerright_y, lowerleft_x, lowerleft_y, crack_dot_x, crack_dot_y, width_m, y_res, x_res, mean_res, width_px, distance
5457.019792795607,3106.2879745302916,6015.129837566317,3275.5911979880734,5909.807483438512,3586.6366550384164,5360.556328267336,3417.3334315806346,5507.220167192972,3076.758342531841,0.1,0.13301901857672138,0.13212777340018117,0.13257339598845128,0.7542991507037445,149.9042332208395
intensities
144.4,142.,141.8,142.2,142.6,142.2,141.2,139.6,137.2,134.4,132.,130.2,127.6,126.8,132.4,132.4,109.6,109.8,131.,131.8,133.6,137.2,134.2,132.6,132.6,131.4,128.6,129.8,135.2,136.2,134.4,134.