upperleft_x, upperleft_y, upperright_x, upperright_y, lowerright_x, lowerright_y, lowerleft_x, lowerleft_y, crack_dot_x, crack_dot_y, width_m, y_res, x_res, mean_res, width_px, distance
5590.431037551146,1042.0436577052874,6200.8038437159385,865.147100305047,6284.471134378215,1210.9719017091206,5684.457135628751,1379.9001457129536,5657.364870080966,971.1256684772632,0.15,0.12314898684477607,0.12154503846234323,0.12234701265355964,1.226020944416053,138.34099203651587
intensities
139.4,141.4,137.6,130.4,128.2,133.6,143.4,147.,143.4,144.,154.2,157.6,153.6,154.4,148.6,105.8,73.2,105.,147.,151.6,141.6,146.,144.4,140.6,136.6,136.,145.2,148.6,147.6,146.2,145.2,145.2