upperleft_x, upperleft_y, upperright_x, upperright_y, lowerright_x, lowerright_y, lowerleft_x, lowerleft_y, crack_dot_x, crack_dot_y, width_m, y_res, x_res, mean_res, width_px, distance
5363.931729258269,1324.6914519837878,5961.906777226888,1875.4190887548862,5632.651380444167,2206.1509671375297,5049.441148474774,1665.758701565889,5526.344705249747,1386.7036791805335,0.2,0.0934876035309204,0.09515255271040457,0.09432007812066248,2.1204392954821616,106.65019842472213
intensities
136.6,134.6,134.,137.8,137.6,135.6,133.8,135.8,141.6,140.6,134.4,133.2,128.2,127.8,132.,98.8,44.6,49.8,111.4,145.2,141.8,140.,136.6,134.,136.4,140.2,142.6,145.6,143.4,141.2,137.4