upperleft_x, upperleft_y, upperright_x, upperright_y, lowerright_x, lowerright_y, lowerleft_x, lowerleft_y, crack_dot_x, crack_dot_y, width_m, y_res, x_res, mean_res, width_px, distance
1675.7562744480117,3399.4867531942696,2126.294088367225,3342.6773659210603,2151.6052015087535,3589.601336346197,1706.6920793987692,3647.535661981252,1760.6891207673639,3350.5519344539807,0.2,0.1746348853643156,0.16947700798101517,0.17205594667266538,1.1624125981562143,194.54819396267362
intensities
116.8,109.4,107.8,112.4,113.2,111.6,112.,109.4,106.6,107.6,108.2,107.4,109.2,116.2,116.2,84.,65.4,94.,113.4,116.2,117.2,118.,118.,113.6,113.2,111.4,110.2,107.6,107.,102.,95.4,100.