upperleft_x, upperleft_y, upperright_x, upperright_y, lowerright_x, lowerright_y, lowerleft_x, lowerleft_y, crack_dot_x, crack_dot_y, width_m, y_res, x_res, mean_res, width_px, distance
5243.558051392206,2843.876180846284,5709.352841843953,2871.823868273389,5690.09999050528,3135.153189808776,5231.7579167007625,3106.5844426610693,5273.368917981118,2810.3389559337584,0.1,0.16508438120088453,0.1652529716674913,0.16516867643418792,0.6054416742865005,186.76057596898798
intensities
151.6,154.6,156.2,151.8,148.8,150.8,152.,151.4,151.8,153.2,155.6,154.2,152.2,154.6,151.2,120.2,109.2,140.6,155.4,149.2,151.,152.6,154.8,156.8,155.,150.8,142.6,143.4,153.2,153.2,146.6,152.