upperleft_x, upperleft_y, upperright_x, upperright_y, lowerright_x, lowerright_y, lowerleft_x, lowerleft_y, crack_dot_x, crack_dot_y, width_m, y_res, x_res, mean_res, width_px, distance
5471.794569186577,1537.2602735624732,6031.990437169878,1705.4151224425377,5917.645139931434,2019.6244686355722,5369.940775007795,1849.5478500540214,5523.682351126711,1506.51195833869,0.1,0.1312624759275305,0.13208384227922376,0.13167315910337712,0.7594562223686727,148.88631164639395
intensities
140.,138.8,138.4,139.,140.6,139.4,136.8,135.,132.,129.6,128.,127.6,120.8,120.6,135.4,126.8,98.6,110.4,134.6,133.8,133.8,133.4,130.,132.2,133.6,130.,126.,132.4,135.4,133.6,132.,133.