upperleft_x, upperleft_y, upperright_x, upperright_y, lowerright_x, lowerright_y, lowerleft_x, lowerleft_y, crack_dot_x, crack_dot_y, width_m, y_res, x_res, mean_res, width_px, distance
3471.248715290294,2318.620195295436,3921.517012726982,2267.072238485443,3943.875162668666,2524.812022535409,3502.9227610410126,2574.4968001835955,3524.6598512620944,2278.251313456285,0.15,0.16842976334248483,0.17058490884430472,0.16950733609339477,0.8849174522886333,191.66641280427768
intensities
151.,169.,173.2,164.8,161.6,160.8,159.,153.4,145.8,153.,155.2,140.,142.,161.,152.4,110.6,109.8,138.4,158.4,165.2,158.6,154.2,167.,172.4,167.8,162.6,163.8,164.4,164.8,164.6,170.,178.4