upperleft_x, upperleft_y, upperright_x, upperright_y, lowerright_x, lowerright_y, lowerleft_x, lowerleft_y, crack_dot_x, crack_dot_y, width_m, y_res, x_res, mean_res, width_px, distance
1593.1418557837756,2881.6506735884286,2150.4316329989742,3099.3262466055767,2014.3843998632567,3408.7077323290237,1467.172195472926,3194.055431159336,1612.2892441510248,2837.30935315901,0.05,0.12892385755297106,0.12899683241561583,0.12896034498429343,0.3877160843985777,145.81886121744563
intensities
156.2,156.2,156.,157.4,159.2,161.6,161.8,160.8,160.8,157.4,156.,158.4,163.4,163.8,159.,143.8,129.,137.2,153.2,156.4,157.4,159.4,158.2,160.,158.6,153.6,154.,155.4,157.8,160.2,159.4,158.