upperleft_x, upperleft_y, upperright_x, upperright_y, lowerright_x, lowerright_y, lowerleft_x, lowerleft_y, crack_dot_x, crack_dot_y, width_m, y_res, x_res, mean_res, width_px, distance
5175.491077824984,1541.1319364244926,5734.233900424233,1525.312490711037,5742.46001219523,1830.3114040664595,5191.943301366978,1846.1308497799153,5210.293858394586,1502.532488883661,0.1,0.14249401280706708,0.13787466763186365,0.14018434021946535,0.7133464397196233,158.51012847252426
intensities
133.6,133.8,135.,134.2,132.6,131.6,129.8,126.,129.2,132.2,132.,134.8,136.2,139.4,122.6,98.6,120.8,143.8,136.8,135.4,136.,134.6,134.2,133.4,132.4,132.2,133.4,135.,135.8,135.4,135.