upperleft_x, upperleft_y, upperright_x, upperright_y, lowerright_x, lowerright_y, lowerleft_x, lowerleft_y, crack_dot_x, crack_dot_y, width_m, y_res, x_res, mean_res, width_px, distance
3484.366551219129,2031.762084835569,3998.6743085254725,2249.953254601897,3869.072034754496,2535.40636392025,3362.1466854477653,2321.316531931485,3499.9516347738668,1994.0297772819938,0.05,0.13858186160246522,0.13796861042197117,0.1382752360122182,0.3615976471418348,156.35145402511858
intensities
142.8,141.,137.,136.2,135.,134.4,126.4,118.,110.,107.6,110.4,116.,121.8,122.8,124.,106.6,97.2,119.8,131.4,127.8,128.4,131.2,133.,138.,138.4,131.2,122.8,113.2,114.6,124.6,128.