upperleft_x, upperleft_y, upperright_x, upperright_y, lowerright_x, lowerright_y, lowerleft_x, lowerleft_y, crack_dot_x, crack_dot_y, width_m, y_res, x_res, mean_res, width_px, distance
1635.2971631777536,1616.9211431214674,2194.672763605541,1403.9562494945485,2309.838328399497,1715.63448437343,1761.4308769997058,1926.7713531623497,1616.102902378761,1570.306509752485,0.05,0.13047259073879952,0.1289873627081159,0.1297299767234577,0.38541593286942316,146.68910411091343
intensities
151.8,155.2,151.2,146.,148.8,152.8,158.,159.,156.4,151.2,150.8,148.,146.6,147.6,153.2,137.,116.6,134.4,157.2,160.6,160.8,160.2,159.4,155.8,154.4,150.8,150.2,159.8,163.6,164.2,164.,166.