upperleft_x, upperleft_y, upperright_x, upperright_y, lowerright_x, lowerright_y, lowerleft_x, lowerleft_y, crack_dot_x, crack_dot_y, width_m, y_res, x_res, mean_res, width_px, distance
1281.1589500985608,810.1423016539651,2115.171846219872,1061.1910460725362,1966.7151367800438,1522.2517209181817,1145.9788569500995,1277.2378020865954,1357.1977524945705,763.0706620754829,0.1,0.0896323600182129,0.0885683427825423,0.08910035140037759,1.1223300293243987,100.74811584025852
intensities
133.8,133.2,134.4,136.4,136.4,138.8,142.,139.2,131.4,128.8,128.6,131.2,131.8,127.4,126.8,127.,102.4,68.2,83.4,124.8,140.4,138.2,134.2,137.8,139.2,140.,141.,142.,140.4,137.,136.6,132.6