upperleft_x, upperleft_y, upperright_x, upperright_y, lowerright_x, lowerright_y, lowerleft_x, lowerleft_y, crack_dot_x, crack_dot_y, width_m, y_res, x_res, mean_res, width_px, distance
1587.9161655497642,2998.1274946604112,2167.4351935193513,2895.5120234657966,2213.206123116949,3217.385012248905,1648.4519111465872,3320.738724243481,1697.1758039440301,2929.4711002640142,0.2,0.13316237376300144,0.1316034778268474,0.13238292579492442,1.510768845748445,149.68886355259505
intensities
98.6,104.2,107.6,109.8,112.6,113.4,112.4,109.4,106.4,105.2,106.,105.6,109.,113.8,79.2,41.2,77.,111.6,118.8,124.4,126.,120.4,117.4,119.6,116.8,115.4,115.6,117.6,116.4,107.6,107.2