upperleft_x, upperleft_y, upperright_x, upperright_y, lowerright_x, lowerright_y, lowerleft_x, lowerleft_y, crack_dot_x, crack_dot_y, width_m, y_res, x_res, mean_res, width_px, distance
3142.435091176756,2259.011352036342,3926.3765120879966,2275.70965584499,3910.557066374541,2703.713548203481,3134.5253683200285,2688.7729605852173,3195.1665768882744,2203.643292039248,0.1,0.10138350286824334,0.09805767450549358,0.09972058868686845,1.002801942074459,112.75669806887902
intensities
116.,119.4,124.2,129.2,124.6,120.8,122.8,124.8,119.4,122.4,114.,103.8,107.2,114.8,73.,33.2,63.6,98.4,100.6,104.2,112.4,111.8,108.8,108.2,100.4,86.8,83.8,86.4,85.,86.4,85.2