upperleft_x, upperleft_y, upperright_x, upperright_y, lowerright_x, lowerright_y, lowerleft_x, lowerleft_y, crack_dot_x, crack_dot_y, width_m, y_res, x_res, mean_res, width_px, distance
3575.3119587203882,2412.5267686720954,3978.742978737312,2308.997285058481,4031.509618772638,2540.7697419225083,3636.0937845838653,2642.2954290790854,3619.395480775218,2364.435653703191,0.15,0.18301328010173618,0.18551840915752482,0.1842658446296305,0.8140412581696627,208.3542474117607
intensities
115.6,135.4,147.6,139.6,129.8,123.2,122.,124.8,129.4,131.6,136.,134.6,125.,125.8,135.8,127.4,83.6,81.8,122.2,135.4,132.8,134.2,140.2,145.2,142.2,141.4,144.6,142.,129.2,122.8,136.,148.2