upperleft_x, upperleft_y, upperright_x, upperright_y, lowerright_x, lowerright_y, lowerleft_x, lowerleft_y, crack_dot_x, crack_dot_y, width_m, y_res, x_res, mean_res, width_px, distance
3781.435235028936,2037.390292077179,4213.071740847554,2815.9648195537807,3761.8894309918664,3045.628016989347,3340.0258271917833,2276.8263915312805,3843.3302811463227,2001.5563180092183,0.05,0.08627341882991019,0.08658029280344383,0.086426855816677,0.5785238804250468,97.72512391562796
intensities
145.,145.2,145.6,146.8,146.2,145.6,143.8,141.6,142.6,144.6,146.2,146.8,147.8,148.8,148.8,149.,152.2,137.8,104.2,102.6,130.2,139.6,138.8,135.8,138.,138.6,137.,136.4,140.2,147.8,150.4