upperleft_x, upperleft_y, upperright_x, upperright_y, lowerright_x, lowerright_y, lowerleft_x, lowerleft_y, crack_dot_x, crack_dot_y, width_m, y_res, x_res, mean_res, width_px, distance
5081.4216227480165,1354.742539785385,5662.311669346103,1805.350662352214,5389.795351188976,2126.8721078972458,4825.638762723344,1684.6307143966442,5157.917431353526,1340.3995756718518,0.1,0.10370853801947148,0.10537947293725511,0.10454400547836329,0.9565349973193468,118.21066257090129
intensities
156.2,153.2,154.2,154.4,152.4,149.,152.2,157.,154.6,151.6,149.4,145.,148.8,160.,155.4,109.2,78.6,120.8,149.4,142.6,150.,155.,151.2,146.,143.8,145.,146.,152.6,156.8,152.2,147.4