upperleft_x, upperleft_y, upperright_x, upperright_y, lowerright_x, lowerright_y, lowerleft_x, lowerleft_y, crack_dot_x, crack_dot_y, width_m, y_res, x_res, mean_res, width_px, distance
3187.60905541331,2331.4210977652992,3771.911006925811,2174.6019933593634,3853.336311136585,2505.580776216122,3281.851305657262,2663.153818624009,3253.955599585052,2263.566677589654,0.15,0.12688065383773026,0.12773987069120216,0.1273102622644662,1.1782239493655238,143.95306919316795
intensities
136.2,125.4,123.4,140.,149.2,141.8,144.8,148.2,141.6,147.4,153.6,153.6,154.4,144.6,92.6,50.2,99.4,144.8,142.2,138.2,143.,148.,151.,149.2,150.4,151.8,146.4,144.8,147.4,147.2,148.8,151.8