upperleft_x, upperleft_y, upperright_x, upperright_y, lowerright_x, lowerright_y, lowerleft_x, lowerleft_y, crack_dot_x, crack_dot_y, width_m, y_res, x_res, mean_res, width_px, distance
3436.1303653458745,2322.0117179898234,3979.702562386387,2372.6837024597016,3941.0075924275707,2685.007388555861,3407.569792281034,2632.492786468896,3877.437284638087,2316.4838651385644,0.65,0.13886895799526788,0.14141534384396443,0.14014215091961615,4.638147735957272,158.46242391915695
intensities
119.8,124.6,125.4,124.6,123.8,122.8,120.2,117.4,113.6,107.2,100.,105.,106.8,73.2,21.6,6.4,5.8,17.6,71.,111.,113.,113.4,116.2,113.8,109.6,103.6,104.,108.8,115.4,123.4,120.2,121.2