upperleft_x, upperleft_y, upperright_x, upperright_y, lowerright_x, lowerright_y, lowerleft_x, lowerleft_y, crack_dot_x, crack_dot_y, width_m, y_res, x_res, mean_res, width_px, distance
3327.6964438436567,2480.243961944743,3921.294334100293,2464.567961321769,3922.339400808491,2805.2597081944155,3341.282311050235,2819.890642109192,3923.3844675166893,2415.4498260364485,0.8,0.12782636658328375,0.13021344326845602,0.12901990492586987,6.200593625143739,145.88620721327024
intensities
133.4,122.6,126.6,129.8,122.4,118.6,126.,123.2,114.4,128.6,133.2,93.8,64.2,30.8,5.,8.2,13.2,23.2,90.2,135.8,131.8,133.8,142.6,135.,123.8,128.6,127.,125.,124.6,125.6,127.