upperleft_x, upperleft_y, upperright_x, upperright_y, lowerright_x, lowerright_y, lowerleft_x, lowerleft_y, crack_dot_x, crack_dot_y, width_m, y_res, x_res, mean_res, width_px, distance
3490.132812404248,2193.649268169317,3817.458706114148,2232.9767785041477,3789.6269295694983,2420.5387508702643,3469.5614993060285,2381.2112405354333,3756.9548440605618,2197.279499892532,0.65,0.22997615438534816,0.23461940709660878,0.23229778074097845,2.7981326292771462,262.6652236012157
intensities
126.6,130.4,133.8,135.8,135.,138.,128.2,121.2,131.2,130.2,122.6,116.2,117.,107.6,52.2,7.6,36.2,97.,121.,118.8,120.4,111.4,109.2,116.6,120.8,122.,122.8,126.,124.2,117.2,120.6