upperleft_x, upperleft_y, upperright_x, upperright_y, lowerright_x, lowerright_y, lowerleft_x, lowerleft_y, crack_dot_x, crack_dot_y, width_m, y_res, x_res, mean_res, width_px, distance
2689.5127076046233,2050.8699168460494,3710.240362204098,2013.3300206173471,3717.3908186286126,2588.941762790781,2723.4773756210684,2621.1188167010973,3644.098640277337,1932.8873858415568,0.75,0.07585673709709304,0.0759053933541253,0.07588106522560917,9.883888658786011,85.80072052779231
intensities
101.,105.2,104.6,107.4,117.,117.2,105.,118.2,106.,49.8,18.,9.6,5.2,4.,4.8,4.6,4.,4.2,13.6,40.,69.2,93.2,110.8,101.,88.6,88.8,86.4,88.2,91.2,86.4,83.8,99.6