upperleft_x, upperleft_y, upperright_x, upperright_y, lowerright_x, lowerright_y, lowerleft_x, lowerleft_y, crack_dot_x, crack_dot_y, width_m, y_res, x_res, mean_res, width_px, distance
3163.659473114194,2206.430296501805,3618.345996446892,2367.97560818488,3522.1448557816902,2624.814502602352,3074.7187958954223,2465.991864711689,3632.8669233397527,2336.211080606747,0.8,0.1585736200266359,0.1598248320750872,0.15919922605086154,5.025150057855264,180.01076107746675
intensities
98.,100.2,101.4,98.4,91.6,82.8,87.2,93.6,97.6,100.2,100.6,102.4,82.6,29.4,5.6,5.2,12.2,63.8,112.2,115.2,104.6,98.6,102.8,105.,103.4,101.4,103.,106.2,107.2,106.8,106.2,104.6