upperleft_x, upperleft_y, upperright_x, upperright_y, lowerright_x, lowerright_y, lowerleft_x, lowerleft_y, crack_dot_x, crack_dot_y, width_m, y_res, x_res, mean_res, width_px, distance
3191.7222231291607,2386.633426537908,3273.063558272834,2709.6063749024925,3087.6531619894613,2752.07133663191,3008.1061210033695,2433.8831726875414,3238.3738712262675,2466.778565576527,0.25,0.22906298305922873,0.23145574418032355,0.23025936361977617,1.0857321764026988,260.3603316335642
intensities
128.6,128.2,130.2,130.,128.8,128.2,129.2,127.8,123.2,125.8,124.2,116.6,118.,121.6,111.6,93.,89.6,116.,127.2,128.,127.6,126.8,123.,122.4,124.,122.2,121.4,119.4,120.4,122.8,124.8,126.4