upperleft_x, upperleft_y, upperright_x, upperright_y, lowerright_x, lowerright_y, lowerleft_x, lowerleft_y, crack_dot_x, crack_dot_y, width_m, y_res, x_res, mean_res, width_px, distance
3802.42624656938,1562.8346273108564,4159.729053751284,1906.9365918628869,3959.07624577721,2104.069175135661,3610.574000348555,1767.8877161615549,3830.5880441797763,1534.6728297004602,0.05,0.1547775577753209,0.156088480610035,0.15543301919267796,0.32168197117768765,175.75221171303576
intensities
122.2,121.8,122.6,122.2,121.,121.4,122.,121.,120.8,121.4,122.6,120.6,118.8,121.6,124.4,114.2,99.4,106.8,122.4,121.4,120.,119.8,120.,120.2,121.,122.2,122.4,122.2,122.8,122.,121.6,122.