upperleft_x, upperleft_y, upperright_x, upperright_y, lowerright_x, lowerright_y, lowerleft_x, lowerleft_y, crack_dot_x, crack_dot_y, width_m, y_res, x_res, mean_res, width_px, distance
3428.030963048599,2097.734655868501,3573.581446898005,2420.0696329770562,3386.8020706277375,2499.404016877805,3244.374987719306,2182.0664812748087,3569.833365768836,2345.108010393671,0.65,0.21480394238483555,0.21810500666624427,0.21645447452553992,3.00294092522123,244.75077966470252
intensities
105.,106.4,105.6,107.4,108.,109.4,111.2,105.,102.8,102.4,99.2,93.2,97.4,103.4,72.8,17.4,12.2,66.8,118.,116.4,110.,114.2,112.8,106.8,100.,97.6,98.6,104.6,107.,105.6,106.8