upperleft_x, upperleft_y, upperright_x, upperright_y, lowerright_x, lowerright_y, lowerleft_x, lowerleft_y, crack_dot_x, crack_dot_y, width_m, y_res, x_res, mean_res, width_px, distance
3220.841123105928,2195.446576644252,3773.543902965436,2389.2101948708614,3657.0739685122826,2699.4437475506234,3114.9593645121527,2512.033034839641,3788.367349168564,2351.092761777102,0.8,0.13078964465598067,0.1319840611932891,0.1313868529246349,6.088889277672933,148.56257770361645
intensities
100.4,100.6,91.8,82.2,84.8,105.6,117.2,115.2,104.,103.8,113.6,104.4,51.4,9.2,7.8,7.6,9.6,53.6,115.2,123.4,112.6,109.6,106.8,109.6,106.,107.2,110.,115.,116.,119.6,120.6