upperleft_x, upperleft_y, upperright_x, upperright_y, lowerright_x, lowerright_y, lowerleft_x, lowerleft_y, crack_dot_x, crack_dot_y, width_m, y_res, x_res, mean_res, width_px, distance
3739.7992489928224,2091.3755336312074,4004.6411542546557,2237.4098552241812,3918.6294139943875,2386.538124308531,3656.881456223931,2244.2165397052095,3929.148835465068,2167.4866419190707,0.55,0.25142302148696943,0.25484289729295584,0.2531329593899626,2.1727711844616033,286.22410927438085
intensities
120.6,125.4,135.2,138.,134.4,133.6,134.2,135.6,137.,136.6,135.6,132.6,132.2,134.,105.,44.8,50.8,114.8,138.6,132.6,130.2,93.,38.6,49.8,115.,139.2,138.2,133.8,132.,133.6,132.