upperleft_x, upperleft_y, upperright_x, upperright_y, lowerright_x, lowerright_y, lowerleft_x, lowerleft_y, crack_dot_x, crack_dot_y, width_m, y_res, x_res, mean_res, width_px, distance
3378.684698501542,1831.4199340196997,3729.9371194780874,2024.097232904892,3616.5473816385716,2220.1847494694684,3272.9679504406395,2031.7702226835058,3627.6305890965696,1931.1688011416798,0.55,0.19203490575844073,0.19307486691954268,0.1925548863389917,2.856328449810037,217.72688535554235
intensities
128.6,131.8,127.2,125.6,126.2,127.2,127.6,127.4,127.6,128.6,129.8,130.2,130.6,130.4,127.6,128.,108.6,59.,16.6,37.6,99.6,127.2,127.8,125.6,124.4,103.2,50.2,13.4,26.4,88.6,131.8,133.