upperleft_x, upperleft_y, upperright_x, upperright_y, lowerright_x, lowerright_y, lowerleft_x, lowerleft_y, crack_dot_x, crack_dot_y, width_m, y_res, x_res, mean_res, width_px, distance
3605.2441601367427,1932.317686976811,3915.573968960681,2100.3534129529066,3814.7525333750236,2274.8245497110656,3510.8581353331483,2108.9339606623244,3826.908309296699,2020.268300998342,0.55,0.21654817409694815,0.2188504390533117,0.21769930657512993,2.5264205414921257,246.15834407452402
intensities
134.6,133.4,126.8,127.,128.,127.8,128.2,129.4,131.2,132.6,130.,129.4,129.8,124.2,84.,19.8,39.2,108.2,130.4,128.4,129.2,118.,69.2,18.8,34.8,103.4,134.,131.6,128.,128.,128.6,128.8