upperleft_x, upperleft_y, upperright_x, upperright_y, lowerright_x, lowerright_y, lowerleft_x, lowerleft_y, crack_dot_x, crack_dot_y, width_m, y_res, x_res, mean_res, width_px, distance
3920.876307417014,1169.2672490561947,4418.75433772933,1500.072114834176,4223.835645772606,1777.4135679611707,3734.868184235455,1453.2916287645626,4345.242145334222,1396.486752822889,0.65,0.12822432792889216,0.12918324268983808,0.12870378530936513,5.050356510009366,145.5287624305905
intensities
126.8,127.6,128.4,127.,127.8,130.,131.6,129.6,127.4,128.8,129.2,130.4,127.6,104.6,57.2,31.,17.8,4.2,34.,108.8,131.2,125.2,124.8,129.2,127.6,126.4,126.,126.2,126.4,127.2,127.8