upperleft_x, upperleft_y, upperright_x, upperright_y, lowerright_x, lowerright_y, lowerleft_x, lowerleft_y, crack_dot_x, crack_dot_y, width_m, y_res, x_res, mean_res, width_px, distance
3613.318675545349,1994.6374899446696,3899.7769606135994,2149.087348714187,3806.7110200729926,2309.4775866671475,3526.193114188185,2157.007854292111,3817.9317363083846,2074.502587855403,0.55,0.23532557849905067,0.23731950064011625,0.23632253956958346,2.3273277318436083,267.2161244935289
intensities
115.6,127.6,130.,127.,126.8,127.4,129.2,130.,130.8,131.2,130.8,131.,132.4,130.2,92.8,33.2,40.,105.,128.2,124.,127.6,109.2,56.2,22.,69.6,126.4,133.6,129.,129.8,128.8,129.2,128.4