upperleft_x, upperleft_y, upperright_x, upperright_y, lowerright_x, lowerright_y, lowerleft_x, lowerleft_y, crack_dot_x, crack_dot_y, width_m, y_res, x_res, mean_res, width_px, distance
3267.7503874508793,2598.5911358914227,3357.5714238726023,2111.5798283204313,3632.802856577697,2169.2630627197027,3544.6299125673822,2646.3858158222474,3247.1492323082825,2493.9372677670303,0.2,0.1547532165225721,0.1560603968245337,0.15540680667355292,1.2869449175422505,175.7225725267501
intensities
95.6,97.,104.4,106.2,102.,101.2,100.8,100.8,102.4,101.8,103.,103.2,102.4,98.8,80.8,50.2,47.2,78.8,104.,106.8,104.8,106.6,105.4,106.6,108.4,108.2,106.4,105.,104.2,103.6,98.6