upperleft_x, upperleft_y, upperright_x, upperright_y, lowerright_x, lowerright_y, lowerleft_x, lowerleft_y, crack_dot_x, crack_dot_y, width_m, y_res, x_res, mean_res, width_px, distance
4268.017215949463,1343.2390914436346,4781.612499517972,1511.3435718084274,4677.4496006416275,1800.1120043369058,4175.198791208167,1635.1014714634896,4589.787755052625,1406.1493571016244,0.5,0.14186805259004032,0.1431221277880519,0.1424950901890461,3.5088928280732863,161.1229543700011
intensities
116.6,120.2,124.,127.4,130.8,132.6,131.2,128.2,127.2,129.2,129.,126.6,130.4,105.8,34.,6.,5.,28.6,94.,129.6,128.4,127.2,128.2,126.8,126.6,126.,127.,127.8,126.4,126.4,126.8,126.8